# Blender 4.4.0
# www.blender.org
mtllib car_dkr.mtl
o Bottom
v -5.557962 1.446075 0.088117
v -5.715032 2.386107 0.245671
v -5.557962 1.446075 0.088117
v -5.557962 1.446075 0.088117
v 0.000000 1.446075 -0.018008
v -5.557962 1.446075 0.088117
v 0.000000 1.446075 -0.018008
v 0.000000 1.446075 -0.018008
v -5.557962 1.446075 0.088117
v -5.715032 2.386107 0.245671
v -5.652852 2.544834 0.254315
v -5.557962 1.446075 0.088117
v -5.715032 2.386107 0.245671
v -5.557962 1.446075 0.088117
v -5.555678 1.446075 2.304121
v -5.715032 2.386107 0.245671
v -5.555678 1.446075 2.304121
v -5.494972 2.233247 3.990750
v 0.000000 1.446075 -0.018008
v 0.000000 1.446075 2.861925
v -5.557962 1.446075 0.088117
v 0.000000 1.446075 2.861925
v -5.555678 1.446075 2.304121
v -5.557962 1.446075 0.088117
v -5.555678 1.446075 2.304121
v 0.000000 1.446075 2.861925
v -5.360950 1.446075 3.997534
v -5.555678 1.446075 2.304121
v -5.360950 1.446075 3.997534
v -5.494972 2.233247 3.990750
v 0.000000 1.446075 2.861925
v 0.000000 1.446075 4.774040
v -5.360950 1.446075 3.997534
v -5.494972 2.233247 3.990750
v -5.360950 1.446075 3.997534
v -5.095269 1.446075 5.989466
v -5.360950 1.446075 3.997534
v 0.000000 1.446075 4.774040
v -5.095269 1.446075 5.989466
v -5.278862 2.217060 5.996411
v -5.494972 2.233247 3.990750
v -5.095269 1.446075 5.989466
v -5.278862 2.217060 5.996411
v -5.095269 1.446075 5.989466
v -4.351898 1.649951 8.373729
v -4.498514 2.332603 8.407687
v -5.278862 2.217060 5.996411
v -4.351898 1.649951 8.373729
v 0.000000 1.446076 7.111121
v -4.351898 1.649951 8.373729
v -5.095269 1.446075 5.989466
v 0.000000 1.446075 5.988696
v -5.095269 1.446075 5.989466
v 0.000000 1.446075 4.774040
v 0.000000 1.446075 2.861925
v 0.000000 1.446075 4.774040
v 0.000000 1.446075 2.861925
v 0.000000 1.446075 2.861925
v 0.000000 1.446075 4.774040
v 0.000000 1.446075 2.861925
v 0.000000 1.446075 2.861925
v 0.000000 1.446075 2.861925
v 0.000000 1.446075 -0.018008
v 0.000000 1.446075 -3.825216
v 0.000000 1.446075 -3.825216
v 0.000000 1.446075 -2.340923
v 0.000000 1.446075 -3.825216
v 0.000000 1.446075 -0.018008
v 0.000000 1.446075 -2.340923
v 0.000000 1.446075 -0.018008
v 0.000000 1.446075 -0.018008
v 0.000000 1.446075 2.861925
v 0.000000 1.446075 -0.018008
v 0.000000 1.446075 2.861925
v 0.000000 1.446075 2.861925
v 0.000000 1.446075 2.861925
v 0.000000 1.446075 -0.018008
v 0.000000 1.446075 -2.340923
v 0.000000 1.446075 -0.018008
v 0.000000 1.446075 -0.018008
v 0.000000 1.446075 -2.340923
v 0.000000 1.446075 -0.018008
v 0.000000 1.446075 -0.018008
v 0.000000 1.446075 -2.340923
v 0.000000 1.446075 -0.018008
v 0.000000 1.446075 -3.825216
v 0.000000 1.446075 -2.340923
v 0.000000 1.446075 -2.340923
v 0.000000 1.446075 -2.340923
v 0.000000 1.446075 -3.825216
v 0.000000 1.446075 -0.018008
v 0.000000 1.446075 2.861925
v 0.000000 1.446075 -2.340923
v 0.000000 1.446075 -3.825216
v 0.000000 1.446075 -3.825216
v -5.353518 1.446075 -4.556359
v 0.000000 1.446074 -5.819828
v -5.353518 1.446075 -4.556359
v -5.190241 1.446074 -7.088473
v 0.000000 1.446074 -7.088473
v -5.190241 1.446074 -7.088473
v -4.402916 1.370971 -9.032413
v -4.479017 2.772312 -9.037440
v -4.402916 1.370971 -9.032413
v -5.345351 2.614885 -7.091196
v -4.402916 1.370971 -9.032413
v -5.190241 1.446074 -7.088473
v -5.345351 2.614885 -7.091196
v -5.345351 2.614885 -7.091196
v -5.190241 1.446074 -7.088473
v -5.353518 1.446075 -4.556359
v -5.582165 2.564275 -4.542634
v -5.345351 2.614885 -7.091196
v -5.353518 1.446075 -4.556359
v -5.613407 2.346226 -2.880783
v -5.582165 2.564275 -4.542634
v -5.353518 1.446075 -4.556359
v -5.401177 1.446075 -2.888777
v -5.613407 2.346226 -2.880783
v -5.353518 1.446075 -4.556359
v -5.353518 1.446075 -4.556359
v 0.000000 1.446075 -3.825216
v -5.401177 1.446075 -2.888777
v -5.613407 2.346226 -2.880783
v -5.401177 1.446075 -2.888777
v -5.715032 2.386107 0.245671
v 0.000000 1.446075 -3.825216
v 0.000000 1.446075 -2.340923
v -5.401177 1.446075 -2.888777
v -5.401177 1.446075 -2.888777
v -5.486822 1.446075 -1.720570
v -5.715032 2.386107 0.245671
v 0.000000 1.446075 -2.340923
v -5.486822 1.446075 -1.720570
v -5.401177 1.446075 -2.888777
v -5.557962 1.446075 0.088117
v -5.715032 2.386107 0.245671
v -5.486822 1.446075 -1.720570
v -5.557962 1.446075 0.088117
v -5.486822 1.446075 -1.720570
v 0.000000 1.446075 -2.340923
v 0.000000 1.446075 -0.018008
v -5.557962 1.446075 0.088117
v 0.000000 1.446075 -2.340923
v -5.095269 1.446075 5.989466
v 0.000000 1.446075 5.988696
v 0.000000 1.446076 7.111121
v 0.000000 1.649951 8.373729
v -4.351898 1.649951 8.373729
v 0.000000 1.446076 7.111121
v 0.000000 1.446075 5.988696
v 0.000000 1.446075 4.774040
v 0.000000 1.446075 4.774040
v 0.000000 1.446075 4.774040
v 0.000000 1.446075 4.774040
v 0.000000 1.446075 2.861925
v 0.000000 1.446075 2.861925
v 0.000000 1.446075 2.861925
v 0.000000 1.446075 -0.018008
v 0.000000 1.446075 -3.825216
v 0.000000 1.446075 -3.825216
v 0.000000 1.446075 -2.340923
v 0.000000 1.446075 -3.825216
v -5.353518 1.446075 -4.556359
v 0.000000 1.446075 -3.825216
v -5.353518 1.446075 -4.556359
v 0.000000 1.446075 -3.825216
v 0.000000 1.446075 -3.825216
v 0.000000 1.446075 -3.825216
v -5.353518 1.446075 -4.556359
v 0.000000 1.446074 -5.819828
v -5.190241 1.446074 -7.088473
v 0.000000 1.446074 -7.088473
v 0.000000 1.446074 -5.819828
v -4.402916 1.370971 -9.032413
v 0.000000 1.446074 -8.158634
v 0.000000 1.446074 -7.088473
v 0.000000 1.446075 -0.018008
v 0.000000 1.446075 -2.340923
v 0.000000 1.446075 -2.340923
v 5.715032 2.386107 0.245671
v 5.557962 1.446075 0.088117
v 5.557962 1.446075 0.088117
v 0.000000 1.446075 -0.018008
v 5.557962 1.446075 0.088117
v 5.557962 1.446075 0.088117
v 0.000000 1.446075 -0.018008
v 0.000000 1.446075 -0.018008
v 5.557962 1.446075 0.088117
v 5.652852 2.544834 0.254315
v 5.715032 2.386107 0.245671
v 5.557962 1.446075 0.088117
v 5.557962 1.446075 0.088117
v 5.715032 2.386107 0.245671
v 5.555678 1.446075 2.304121
v 5.555678 1.446075 2.304121
v 5.715032 2.386107 0.245671
v 5.494972 2.233247 3.990750
v 0.000000 1.446075 2.861925
v 0.000000 1.446075 -0.018008
v 5.557962 1.446075 0.088117
v 5.555678 1.446075 2.304121
v 0.000000 1.446075 2.861925
v 5.557962 1.446075 0.088117
v 0.000000 1.446075 2.861925
v 5.555678 1.446075 2.304121
v 5.360950 1.446075 3.997534
v 5.360950 1.446075 3.997534
v 5.555678 1.446075 2.304121
v 5.494972 2.233247 3.990750
v 0.000000 1.446075 4.774040
v 0.000000 1.446075 2.861925
v 5.360950 1.446075 3.997534
v 5.360950 1.446075 3.997534
v 5.494972 2.233247 3.990750
v 5.095269 1.648184 5.989466
v 0.000000 1.446075 4.774040
v 5.360950 1.446075 3.997534
v 5.095269 1.648184 5.989466
v 5.494972 2.233247 3.990750
v 5.278862 2.217060 5.996411
v 5.095269 1.648184 5.989466
v 5.095269 1.648184 5.989466
v 5.278862 2.217060 5.996411
v 4.351898 1.649951 8.373729
v 5.278862 2.217060 5.996411
v 4.498514 2.332603 8.407687
v 4.351898 1.649951 8.373729
v 4.351898 1.649951 8.373729
v 0.000000 1.446076 7.111121
v 5.095269 1.648184 5.989466
v 5.095269 1.648184 5.989466
v 0.000000 1.446075 5.988696
v 0.000000 1.446075 4.774040
v 0.000000 1.446075 4.774040
v 0.000000 1.446075 2.861925
v 0.000000 1.446075 2.861925
v 0.000000 1.446075 4.774040
v 0.000000 1.446075 2.861925
v 0.000000 1.446075 2.861925
v 0.000000 1.446075 2.861925
v 0.000000 1.446075 2.861925
v 0.000000 1.446075 -0.018008
v 0.000000 1.446075 -3.825216
v 0.000000 1.446075 -3.825216
v 0.000000 1.446075 -2.340923
v 0.000000 1.446075 -0.018008
v 0.000000 1.446075 -3.825216
v 0.000000 1.446075 -2.340923
v 0.000000 1.446075 -0.018008
v 0.000000 1.446075 -0.018008
v 0.000000 1.446075 2.861925
v 0.000000 1.446075 2.861925
v 0.000000 1.446075 -0.018008
v 0.000000 1.446075 2.861925
v 0.000000 1.446075 -0.018008
v 0.000000 1.446075 2.861925
v 0.000000 1.446075 -2.340923
v 0.000000 1.446075 -0.018008
v 0.000000 1.446075 -0.018008
v 0.000000 1.446075 -2.340923
v 0.000000 1.446075 -0.018008
v 0.000000 1.446075 -0.018008
v 0.000000 1.446075 -2.340923
v 0.000000 1.446075 -3.825216
v 0.000000 1.446075 -0.018008
v 0.000000 1.446075 -2.340923
v 0.000000 1.446075 -2.340923
v 0.000000 1.446075 -2.340923
v 0.000000 1.446075 -3.825216
v 0.000000 1.446075 2.861925
v 0.000000 1.446075 -0.018008
v 0.000000 1.446075 -2.340923
v 0.000000 1.446075 -3.825216
v 0.000000 1.446075 -3.825216
v 5.353518 1.446075 -4.556359
v 5.353518 1.446075 -4.556359
v 0.000000 1.446074 -5.819828
v 5.190241 1.446074 -7.088473
v 5.190241 1.446074 -7.088473
v 0.000000 1.446074 -7.088473
v 4.402916 1.370971 -9.032413
v 4.402916 1.370971 -9.032413
v 4.479017 2.772312 -9.037440
v 5.345351 2.614885 -7.091196
v 5.190241 1.446074 -7.088473
v 4.402916 1.370971 -9.032413
v 5.345351 2.614885 -7.091196
v 5.190241 1.446074 -7.088473
v 5.345351 2.614885 -7.091196
v 5.353518 1.446075 -4.556359
v 5.345351 2.614885 -7.091196
v 5.582165 2.564275 -4.542634
v 5.353518 1.446075 -4.556359
v 5.582165 2.564275 -4.542634
v 5.613407 2.346226 -2.880783
v 5.353518 1.446075 -4.556359
v 5.613407 2.346226 -2.880783
v 5.401177 1.446075 -2.888777
v 5.353518 1.446075 -4.556359
v 0.000000 1.446075 -3.825216
v 5.353518 1.446075 -4.556359
v 5.401177 1.446075 -2.888777
v 5.401177 1.446075 -2.888777
v 5.613407 2.346226 -2.880783
v 5.715032 2.386107 0.245671
v 0.000000 1.446075 -2.340923
v 0.000000 1.446075 -3.825216
v 5.401177 1.446075 -2.888777
v 5.486822 1.446075 -1.720570
v 5.401177 1.446075 -2.888777
v 5.715032 2.386107 0.245671
v 5.486822 1.446075 -1.720570
v 0.000000 1.446075 -2.340923
v 5.401177 1.446075 -2.888777
v 5.715032 2.386107 0.245671
v 5.557962 1.446075 0.088117
v 5.486822 1.446075 -1.720570
v 5.486822 1.446075 -1.720570
v 5.557962 1.446075 0.088117
v 0.000000 1.446075 -2.340923
v 5.557962 1.446075 0.088117
v 0.000000 1.446075 -0.018008
v 0.000000 1.446075 -2.340923
v 0.000000 1.446075 5.988696
v 5.095269 1.648184 5.989466
v 0.000000 1.446076 7.111121
v 4.351898 1.649951 8.373729
v -0.000000 1.649951 8.373729
v 0.000000 1.446076 7.111121
v 0.000000 1.446075 4.774040
v 0.000000 1.446075 5.988696
v 0.000000 1.446075 4.774040
v 0.000000 1.446075 4.774040
v 0.000000 1.446075 4.774040
v 0.000000 1.446075 2.861925
v 0.000000 1.446075 2.861925
v 0.000000 1.446075 2.861925
v 0.000000 1.446075 -0.018008
v 0.000000 1.446075 -3.825216
v 0.000000 1.446075 -3.825216
v 0.000000 1.446075 -2.340923
v 5.353518 1.446075 -4.556359
v 0.000000 1.446075 -3.825216
v 0.000000 1.446075 -3.825216
v 0.000000 1.446075 -3.825216
v 5.353518 1.446075 -4.556359
v 0.000000 1.446075 -3.825216
v 5.353518 1.446075 -4.556359
v 0.000000 1.446075 -3.825216
v 0.000000 1.446074 -5.819828
v 0.000000 1.446074 -7.088473
v 5.190241 1.446074 -7.088473
v 0.000000 1.446074 -5.819828
v 0.000000 1.446074 -8.158634
v 4.402916 1.370971 -9.032413
v 0.000000 1.446074 -7.088473
v 0.000000 1.446075 -2.340923
v 0.000000 1.446075 -0.018008
v 0.000000 1.446075 -2.340923
v -4.351898 1.649951 8.373729
v -3.957131 2.374674 9.451789
v -4.498514 2.332603 8.407687
v -2.935038 2.202184 10.359184
v -3.957131 2.374674 9.451789
v -4.351898 1.649951 8.373729
v -3.243318 2.496280 10.374233
v -3.957131 2.374674 9.451789
v -2.935038 2.202184 10.359184
v 0.000000 2.138068 9.459616
v -2.935038 2.202184 10.359184
v -4.351898 1.649951 8.373729
v -3.243318 2.496280 10.374233
v -3.216615 3.199268 10.634159
v -3.621872 2.749852 10.191380
v -3.216615 3.199268 10.634159
v -3.268799 3.258345 10.538084
v -3.621872 2.749852 10.191380
v -3.243318 2.496280 10.374233
v -3.621872 2.749852 10.191380
v -3.957131 2.374674 9.451789
v -3.268799 3.258345 10.538084
v -3.671324 2.836867 10.108120
v -3.621872 2.749852 10.191380
v -3.621872 2.749852 10.191380
v -3.671324 2.836867 10.108120
v -3.957131 2.374674 9.451789
v -3.671324 2.836867 10.108120
v -4.029196 2.591563 9.437140
v -3.957131 2.374674 9.451789
v -4.498514 2.332603 8.407687
v -3.957131 2.374674 9.451789
v -4.029196 2.591563 9.437140
v -4.351898 1.649951 8.373729
v 0.000000 1.649951 8.373729
v 0.000000 2.138068 9.459616
v 3.957131 2.374674 9.451789
v 4.351898 1.649951 8.373729
v 4.498514 2.332603 8.407687
v 3.957131 2.374674 9.451789
v 2.935038 2.202184 10.359184
v 4.351898 1.649951 8.373729
v 3.957131 2.374674 9.451789
v 3.243318 2.496280 10.374233
v 2.935038 2.202184 10.359184
v 2.935038 2.202184 10.359184
v -0.000000 2.138068 9.459616
v 4.351898 1.649951 8.373729
v 3.216615 3.199268 10.634159
v 3.243318 2.496280 10.374233
v 3.621872 2.749852 10.191380
v 3.268799 3.258345 10.538084
v 3.216615 3.199268 10.634159
v 3.621872 2.749852 10.191380
v 3.621872 2.749852 10.191380
v 3.243318 2.496280 10.374233
v 3.957131 2.374674 9.451789
v 3.671324 2.836867 10.108120
v 3.268799 3.258345 10.538084
v 3.621872 2.749852 10.191380
v 3.671324 2.836867 10.108120
v 3.621872 2.749852 10.191380
v 3.957131 2.374674 9.451789
v 4.029196 2.591563 9.437140
v 3.671324 2.836867 10.108120
v 3.957131 2.374674 9.451789
v 3.957131 2.374674 9.451789
v 4.498514 2.332603 8.407687
v 4.029196 2.591563 9.437140
v -0.000000 1.649951 8.373729
v 4.351898 1.649951 8.373729
v -0.000000 2.138068 9.459616
v -2.935038 2.202184 10.359184
v -2.222250 2.462028 10.887093
v -3.243318 2.496280 10.374233
v 0.000000 2.341127 10.641465
v -2.222250 2.462028 10.887093
v -2.935038 2.202184 10.359184
v 0.000000 4.481541 12.047629
v 0.000000 4.544851 11.875118
v -1.214995 4.450831 11.882563
v 0.000000 4.481541 12.047629
v -1.214995 4.450831 11.882563
v 0.000000 4.124195 12.135328
v 0.000000 4.544851 11.875118
v -1.268704 4.514248 11.711727
v -1.214995 4.450831 11.882563
v -1.214995 4.450831 11.882563
v -1.259904 4.093528 11.928942
v 0.000000 4.124195 12.135328
v 0.000000 3.703417 12.019576
v 0.000000 4.124195 12.135328
v -1.259904 4.093528 11.928942
v -1.214995 4.450831 11.882563
v -1.268704 4.514248 11.711727
v -2.149054 3.873119 11.437883
v -1.259904 4.093528 11.928942
v -1.214995 4.450831 11.882563
v -2.149054 3.873119 11.437883
v -1.268704 4.514248 11.711727
v -2.286697 3.864113 11.211990
v -2.149054 3.873119 11.437883
v -1.385100 3.676293 11.855251
v 0.000000 3.703417 12.019576
v -1.259904 4.093528 11.928942
v -1.385100 3.676293 11.855251
v -1.259904 4.093528 11.928942
v -2.149054 3.873119 11.437883
v 0.000000 3.703417 12.019576
v -1.385100 3.676293 11.855251
v 0.000000 3.296952 11.824403
v -2.149054 3.873119 11.437883
v -2.286697 3.864113 11.211990
v -2.707040 3.607363 11.032191
v -2.286697 3.864113 11.211990
v -2.856594 3.619992 10.827264
v -2.707040 3.607363 11.032191
v 0.000000 3.028455 11.636673
v 0.000000 3.296952 11.824403
v -1.493664 3.157071 11.616758
v -1.385100 3.676293 11.855251
v -1.493664 3.157071 11.616758
v 0.000000 3.296952 11.824403
v -1.509464 2.721874 11.415000
v 0.000000 3.028455 11.636673
v -1.493664 3.157071 11.616758
v 0.000000 2.721874 11.353501
v -1.509464 2.721874 11.415000
v -2.222250 2.462028 10.887093
v -2.222250 2.462028 10.887093
v -1.509464 2.721874 11.415000
v -2.288821 2.751757 11.086626
v -1.509464 2.721874 11.415000
v -1.493664 3.157071 11.616758
v -2.288821 2.751757 11.086626
v -2.222250 2.462028 10.887093
v -2.288821 2.751757 11.086626
v -3.243318 2.496280 10.374233
v -1.493664 3.157071 11.616758
v -1.385100 3.676293 11.855251
v -2.343957 3.234998 11.263847
v -2.288821 2.751757 11.086626
v -1.493664 3.157071 11.616758
v -2.343957 3.234998 11.263847
v -1.385100 3.676293 11.855251
v -2.149054 3.873119 11.437883
v -2.343957 3.234998 11.263847
v -3.243318 2.496280 10.374233
v -2.288821 2.751757 11.086626
v -2.343957 3.234998 11.263847
v -2.149054 3.873119 11.437883
v -2.707040 3.607363 11.032191
v -2.343957 3.234998 11.263847
v -2.343957 3.234998 11.263847
v -2.707040 3.607363 11.032191
v -3.216615 3.199268 10.634159
v -3.243318 2.496280 10.374233
v -2.343957 3.234998 11.263847
v -3.216615 3.199268 10.634159
v -3.216615 3.199268 10.634159
v -2.707040 3.607363 11.032191
v -2.856594 3.619992 10.827264
v -3.268799 3.258345 10.538084
v -3.216615 3.199268 10.634159
v -2.856594 3.619992 10.827264
v 0.000000 1.370971 -9.032413
v -4.402916 1.370971 -9.032413
v -3.087995 1.542761 -10.157650
v 0.000000 1.542716 -10.157650
v -3.087995 1.542761 -10.157650
v 0.000000 1.698417 -10.695587
v 0.000000 3.411356 -10.786544
v 0.000000 1.698417 -10.695587
v -3.150508 3.113138 -10.198585
v 0.000000 1.698417 -10.695587
v -3.087995 1.542761 -10.157650
v -3.150508 3.113138 -10.198585
v -3.150508 3.113138 -10.198585
v -3.087995 1.542761 -10.157650
v -4.479017 2.772312 -9.037440
v -3.087995 1.542761 -10.157650
v -4.402916 1.370971 -9.032413
v -4.479017 2.772312 -9.037440
v 0.000000 2.202184 10.359184
v -2.935038 2.202184 10.359184
v 0.000000 2.138068 9.459616
v -2.935038 2.202184 10.359184
v 0.000000 2.202184 10.359184
v 0.000000 2.341127 10.641465
v 0.000000 2.462028 10.856103
v -2.222250 2.462028 10.887093
v 0.000000 2.341127 10.641465
v 0.000000 2.616053 11.129539
v -2.222250 2.462028 10.887093
v 0.000000 2.462028 10.856103
v 0.000000 3.028455 11.636673
v -1.509464 2.721874 11.415000
v 0.000000 2.721874 11.353501
v -2.222250 2.462028 10.887093
v 0.000000 2.616053 11.129539
v 0.000000 2.721874 11.353501
v 0.000000 1.446074 -8.158634
v -4.402916 1.370971 -9.032413
v 0.000000 1.370971 -9.032413
v 0.000000 1.465463 -9.711732
v -3.087995 1.542761 -10.157650
v 0.000000 1.542716 -10.157650
v -3.087995 1.542761 -10.157650
v 0.000000 1.465463 -9.711732
v 0.000000 1.370971 -9.032413
v 2.222250 2.462028 10.887093
v 2.935038 2.202184 10.359184
v 3.243318 2.496280 10.374233
v 2.222250 2.462028 10.887093
v -0.000000 2.341127 10.641465
v 2.935038 2.202184 10.359184
v -0.000000 4.544851 11.875118
v -0.000000 4.481541 12.047629
v 1.214995 4.450831 11.882563
v 1.214995 4.450831 11.882563
v -0.000000 4.481541 12.047629
v -0.000000 4.124195 12.135328
v 1.268704 4.514248 11.711727
v -0.000000 4.544851 11.875118
v 1.214995 4.450831 11.882563
v 1.259904 4.093528 11.928942
v 1.214995 4.450831 11.882563
v -0.000000 4.124195 12.135328
v -0.000000 4.124195 12.135328
v -0.000000 3.703417 12.019576
v 1.259904 4.093528 11.928942
v 1.268704 4.514248 11.711727
v 1.214995 4.450831 11.882563
v 2.149054 3.873119 11.437883
v 1.214995 4.450831 11.882563
v 1.259904 4.093528 11.928942
v 2.149054 3.873119 11.437883
v 2.286697 3.864113 11.211990
v 1.268704 4.514248 11.711727
v 2.149054 3.873119 11.437883
v -0.000000 3.703417 12.019576
v 1.385100 3.676293 11.855251
v 1.259904 4.093528 11.928942
v 1.259904 4.093528 11.928942
v 1.385100 3.676293 11.855251
v 2.149054 3.873119 11.437883
v 1.385100 3.676293 11.855251
v -0.000000 3.703417 12.019576
v -0.000000 3.296952 11.824403
v 2.286697 3.864113 11.211990
v 2.149054 3.873119 11.437883
v 2.707040 3.607363 11.032191
v 2.856594 3.619992 10.827264
v 2.286697 3.864113 11.211990
v 2.707040 3.607363 11.032191
v -0.000000 3.296952 11.824403
v -0.000000 3.028455 11.636673
v 1.493664 3.157071 11.616758
v 1.493664 3.157071 11.616758
v 1.385100 3.676293 11.855251
v -0.000000 3.296952 11.824403
v -0.000000 3.028455 11.636673
v 1.509464 2.721874 11.415000
v 1.493664 3.157071 11.616758
v 1.509464 2.721874 11.415000
v -0.000000 2.721874 11.353501
v 2.222250 2.462028 10.887093
v 1.509464 2.721874 11.415000
v 2.222250 2.462028 10.887093
v 2.288821 2.751757 11.086626
v 1.493664 3.157071 11.616758
v 1.509464 2.721874 11.415000
v 2.288821 2.751757 11.086626
v 2.288821 2.751757 11.086626
v 2.222250 2.462028 10.887093
v 3.243318 2.496280 10.374233
v 1.385100 3.676293 11.855251
v 1.493664 3.157071 11.616758
v 2.343957 3.234998 11.263847
v 1.493664 3.157071 11.616758
v 2.288821 2.751757 11.086626
v 2.343957 3.234998 11.263847
v 2.149054 3.873119 11.437883
v 1.385100 3.676293 11.855251
v 2.343957 3.234998 11.263847
v 2.288821 2.751757 11.086626
v 3.243318 2.496280 10.374233
v 2.343957 3.234998 11.263847
v 2.707040 3.607363 11.032191
v 2.149054 3.873119 11.437883
v 2.343957 3.234998 11.263847
v 2.707040 3.607363 11.032191
v 2.343957 3.234998 11.263847
v 3.216615 3.199268 10.634159
v 2.343957 3.234998 11.263847
v 3.243318 2.496280 10.374233
v 3.216615 3.199268 10.634159
v 2.707040 3.607363 11.032191
v 3.216615 3.199268 10.634159
v 2.856594 3.619992 10.827264
v 3.216615 3.199268 10.634159
v 3.268799 3.258345 10.538084
v 2.856594 3.619992 10.827264
v 4.402916 1.370971 -9.032413
v -0.000000 1.370971 -9.032413
v 3.087995 1.542761 -10.157650
v 3.087995 1.542761 -10.157650
v -0.000000 1.542716 -10.157650
v -0.000000 1.698417 -10.695587
v -0.000000 1.698417 -10.695587
v -0.000000 3.411356 -10.786544
v 3.150508 3.113138 -10.198585
v 3.087995 1.542761 -10.157650
v -0.000000 1.698417 -10.695587
v 3.150508 3.113138 -10.198585
v 3.087995 1.542761 -10.157650
v 3.150508 3.113138 -10.198585
v 4.479017 2.772312 -9.037440
v 4.402916 1.370971 -9.032413
v 3.087995 1.542761 -10.157650
v 4.479017 2.772312 -9.037440
v 2.935038 2.202184 10.359184
v -0.000000 2.202184 10.359184
v -0.000000 2.138068 9.459616
v -0.000000 2.202184 10.359184
v 2.935038 2.202184 10.359184
v -0.000000 2.341127 10.641465
v 2.222250 2.462028 10.887093
v -0.000000 2.462028 10.856103
v -0.000000 2.341127 10.641465
v 2.222250 2.462028 10.887093
v -0.000000 2.616053 11.129539
v -0.000000 2.462028 10.856103
v 1.509464 2.721874 11.415000
v -0.000000 3.028455 11.636673
v -0.000000 2.721874 11.353501
v -0.000000 2.616053 11.129539
v 2.222250 2.462028 10.887093
v -0.000000 2.721874 11.353501
v 4.402916 1.370971 -9.032413
v 0.000000 1.446074 -8.158634
v -0.000000 1.370971 -9.032413
v 3.087995 1.542761 -10.157650
v -0.000000 1.465463 -9.711732
v -0.000000 1.542716 -10.157650
v -0.000000 1.465463 -9.711732
v 3.087995 1.542761 -10.157650
v -0.000000 1.370971 -9.032413
vn -0.4152 -0.9097 -0.0079
vn -0.0000 -0.0000 1.0000
vn -0.0000 -0.0000 -1.0000
vn -0.4151 -0.9097 -0.0079
vn -0.0000 -1.0000 -0.0000
vn -0.4153 -0.9097 -0.0080
vn -0.9429 -0.0663 -0.3265
vn -0.4394 0.0971 -0.8930
vn -0.4151 -0.9097 -0.0081
vn -0.9429 -0.0663 -0.3264
vn -0.4151 -0.9097 -0.0080
vn -0.7631 -0.6449 0.0437
vn -0.9743 -0.2023 0.0995
vn -0.7631 -0.6448 0.0437
vn -0.4894 -0.8699 0.0608
vn -0.4894 -0.8699 0.0607
vn -0.9742 -0.2024 0.0995
vn -0.5051 -0.8545 0.1213
vn -0.9145 -0.3247 0.2415
vn -0.5051 -0.8545 0.1212
vn -0.9145 -0.3247 0.2416
vn -0.4607 -0.8044 0.3750
vn -0.8431 -0.3613 0.3983
vn -0.9145 -0.3246 0.2416
vn -0.4608 -0.8044 0.3750
vn -0.0000 -0.9923 0.1242
vn -0.0000 -0.0000 -0.0000
vn -0.7016 -0.7113 -0.0426
vn -0.7018 -0.7111 -0.0426
vn -0.4938 -0.8591 -0.1346
vn -0.0000 -0.9997 -0.0245
vn -0.4937 -0.8591 -0.1347
vn -0.4672 -0.7820 -0.4125
vn -0.7465 -0.0725 -0.6614
vn -0.4672 -0.7821 -0.4125
vn -0.9578 -0.1569 -0.2410
vn -0.4937 -0.8591 -0.1346
vn -0.9578 -0.1569 -0.2409
vn -0.4937 -0.8592 -0.1346
vn -0.7017 -0.7112 -0.0426
vn -0.9680 -0.2405 -0.0722
vn -0.9611 -0.2741 -0.0349
vn -0.6178 -0.7859 -0.0271
vn -0.9783 -0.2018 -0.0463
vn -0.6178 -0.7859 -0.0272
vn -0.6479 -0.7608 -0.0366
vn -0.9783 -0.2017 -0.0463
vn -0.6480 -0.7608 -0.0366
vn -0.0000 -0.9583 0.2856
vn -0.7018 -0.7111 -0.0425
vn -0.0000 -0.9967 -0.0811
vn 0.4152 -0.9097 -0.0079
vn 0.4153 -0.9097 -0.0080
vn 0.4394 0.0971 -0.8930
vn 0.9429 -0.0663 -0.3265
vn 0.4151 -0.9097 -0.0081
vn 0.4151 -0.9097 -0.0080
vn 0.9429 -0.0663 -0.3264
vn 0.7631 -0.6449 0.0437
vn 0.7630 -0.6449 0.0437
vn 0.9742 -0.2023 0.0995
vn 0.4151 -0.9097 -0.0079
vn 0.7631 -0.6448 0.0437
vn 0.7631 -0.6448 0.0438
vn 0.4894 -0.8699 0.0608
vn 0.4894 -0.8699 0.0607
vn 0.9742 -0.2024 0.0995
vn 0.5051 -0.8545 0.1213
vn 0.9145 -0.3247 0.2415
vn 0.4608 -0.8044 0.3750
vn 0.9145 -0.3246 0.2416
vn 0.8431 -0.3613 0.3983
vn 0.4609 -0.8044 0.3750
vn 0.7016 -0.7113 -0.0426
vn 0.7018 -0.7111 -0.0425
vn 0.4938 -0.8591 -0.1346
vn 0.4937 -0.8591 -0.1346
vn 0.4671 -0.7820 -0.4126
vn 0.4672 -0.7821 -0.4124
vn 0.7465 -0.0725 -0.6614
vn 0.9578 -0.1569 -0.2410
vn 0.4672 -0.7821 -0.4125
vn 0.9578 -0.1569 -0.2409
vn 0.4937 -0.8592 -0.1346
vn 0.7017 -0.7112 -0.0426
vn 0.9680 -0.2405 -0.0722
vn 0.9611 -0.2741 -0.0349
vn 0.7017 -0.7112 -0.0425
vn 0.6178 -0.7859 -0.0271
vn 0.6178 -0.7859 -0.0270
vn 0.9783 -0.2018 -0.0463
vn 0.6479 -0.7608 -0.0366
vn 0.9783 -0.2017 -0.0463
vn 0.6480 -0.7608 -0.0365
vn 0.9783 -0.2018 -0.0461
vn -0.0000 -0.9923 0.1241
vn 0.4608 -0.8044 0.3749
vn 0.7018 -0.7111 -0.0426
vn 0.4672 -0.7820 -0.4125
vn -0.4608 -0.8044 0.3749
vn -0.6580 -0.5328 0.5322
vn -0.2366 -0.8506 0.4696
vn -0.6579 -0.5328 0.5322
vn -0.5243 -0.4501 0.7228
vn 0.0129 -0.9793 0.2020
vn -0.5243 -0.4500 0.7229
vn -0.6946 0.0522 0.7175
vn -0.7737 -0.1182 0.6224
vn -0.6946 0.0523 0.7175
vn -0.7766 0.2208 0.5901
vn -0.7738 -0.1182 0.6224
vn -0.5244 -0.4501 0.7228
vn -0.8094 -0.2784 0.5171
vn -0.8432 -0.0617 0.5340
vn -0.7738 -0.1182 0.6223
vn -0.8094 -0.2783 0.5171
vn -0.8432 -0.0618 0.5340
vn -0.8272 -0.2406 0.5077
vn -0.8378 -0.2454 0.4878
vn -0.0000 -0.9583 0.2857
vn 0.6580 -0.5328 0.5322
vn 0.6579 -0.5328 0.5322
vn 0.2366 -0.8506 0.4696
vn 0.5244 -0.4501 0.7228
vn -0.0129 -0.9793 0.2020
vn 0.6946 0.0522 0.7175
vn 0.5243 -0.4500 0.7229
vn 0.7737 -0.1183 0.6224
vn 0.7766 0.2208 0.5901
vn 0.6946 0.0523 0.7175
vn 0.7738 -0.1182 0.6224
vn 0.7737 -0.1182 0.6224
vn 0.5243 -0.4501 0.7228
vn 0.8094 -0.2784 0.5171
vn 0.8432 -0.0617 0.5340
vn 0.7738 -0.1182 0.6223
vn 0.8094 -0.2783 0.5171
vn 0.8272 -0.2406 0.5077
vn 0.8432 -0.0618 0.5340
vn 0.8378 -0.2454 0.4878
vn -0.1406 -0.7952 0.5898
vn -0.5243 -0.4501 0.7229
vn 0.0023 -0.8889 0.4581
vn -0.1406 -0.7953 0.5897
vn -0.2365 -0.8506 0.4696
vn -0.1171 0.6635 0.7389
vn -0.0700 0.9322 0.3550
vn -0.2989 0.5886 0.7511
vn -0.1172 0.6635 0.7389
vn -0.2989 0.5886 0.7512
vn -0.1536 0.0414 0.9873
vn -0.4537 0.7957 0.4013
vn -0.2925 -0.0189 0.9561
vn -0.1216 -0.2798 0.9523
vn -0.1536 0.0413 0.9873
vn -0.4538 0.7957 0.4013
vn -0.6137 0.3358 0.7146
vn -0.2926 -0.0188 0.9561
vn -0.6136 0.3358 0.7146
vn -0.4538 0.7957 0.4012
vn -0.6047 0.6964 0.3866
vn -0.2862 -0.2376 0.9282
vn -0.1215 -0.2797 0.9524
vn -0.2863 -0.2376 0.9282
vn -0.2926 -0.0189 0.9561
vn -0.6136 0.3358 0.7147
vn -0.1215 -0.2798 0.9523
vn -0.0828 -0.4694 0.8791
vn -0.6046 0.6964 0.3866
vn -0.6695 0.3570 0.6514
vn -0.6947 0.4594 0.5535
vn -0.0264 -0.5613 0.8272
vn -0.0828 -0.4695 0.8791
vn -0.2276 -0.4140 0.8814
vn -0.1485 -0.6238 0.7673
vn 0.0214 -0.8434 0.5369
vn -0.1484 -0.6239 0.7673
vn -0.1485 -0.6239 0.7673
vn -0.3977 -0.4544 0.7971
vn -0.2277 -0.4140 0.8814
vn -0.3977 -0.4543 0.7971
vn -0.5029 -0.2150 0.8372
vn -0.2277 -0.4139 0.8814
vn -0.5029 -0.2149 0.8372
vn -0.3978 -0.4543 0.7971
vn -0.6695 0.3569 0.6514
vn -0.6947 0.4593 0.5536
vn -0.7765 0.2209 0.5901
vn 0.0085 -0.9380 -0.3464
vn -0.2474 -0.6804 -0.6898
vn -0.0000 -0.9560 -0.2933
vn -0.2475 -0.6804 -0.6898
vn -0.1354 -0.4410 -0.8872
vn -0.1742 -0.0924 -0.9804
vn -0.1355 -0.4410 -0.8872
vn -0.3388 -0.0828 -0.9372
vn -0.2474 -0.6805 -0.6898
vn -0.3389 -0.0828 -0.9372
vn -0.7464 -0.0725 -0.6615
vn -0.4671 -0.7821 -0.4125
vn -0.0000 -0.9653 0.2612
vn 0.0068 -0.8713 0.4908
vn 0.0023 -0.8889 0.4582
vn 0.0115 -0.8882 0.4593
vn -0.0264 -0.5614 0.8271
vn 0.0214 -0.8433 0.5370
vn -0.0000 -0.9967 -0.0810
vn 0.0127 -0.9221 -0.3868
vn 0.0126 -0.9221 -0.3868
vn 0.1406 -0.7953 0.5897
vn 0.5243 -0.4501 0.7229
vn -0.0023 -0.8889 0.4581
vn 0.2365 -0.8506 0.4696
vn 0.0700 0.9322 0.3550
vn 0.1171 0.6635 0.7389
vn 0.2989 0.5886 0.7511
vn 0.2989 0.5886 0.7512
vn 0.1172 0.6635 0.7389
vn 0.1536 0.0414 0.9873
vn 0.4537 0.7957 0.4012
vn 0.2925 -0.0188 0.9561
vn 0.1536 0.0413 0.9873
vn 0.1216 -0.2798 0.9523
vn 0.2925 -0.0190 0.9561
vn 0.4538 0.7957 0.4013
vn 0.6136 0.3358 0.7146
vn 0.2926 -0.0189 0.9561
vn 0.6047 0.6964 0.3866
vn 0.4538 0.7957 0.4012
vn 0.1216 -0.2797 0.9524
vn 0.2862 -0.2376 0.9282
vn 0.2925 -0.0189 0.9561
vn 0.2863 -0.2376 0.9282
vn 0.6137 0.3358 0.7146
vn 0.1215 -0.2798 0.9523
vn 0.0828 -0.4694 0.8791
vn 0.6046 0.6964 0.3866
vn 0.6695 0.3570 0.6514
vn 0.6947 0.4594 0.5535
vn 0.0828 -0.4695 0.8791
vn 0.0264 -0.5613 0.8272
vn 0.2276 -0.4140 0.8814
vn 0.1485 -0.6239 0.7673
vn -0.0214 -0.8434 0.5369
vn 0.1406 -0.7952 0.5898
vn 0.3977 -0.4544 0.7971
vn 0.2277 -0.4139 0.8814
vn 0.1485 -0.6238 0.7673
vn 0.3977 -0.4543 0.7971
vn 0.3978 -0.4544 0.7971
vn 0.2277 -0.4140 0.8814
vn 0.5029 -0.2150 0.8372
vn 0.5029 -0.2149 0.8372
vn 0.3978 -0.4543 0.7971
vn 0.6947 0.4593 0.5536
vn 0.7765 0.2209 0.5901
vn -0.0085 -0.9380 -0.3464
vn 0.2474 -0.6804 -0.6898
vn 0.1356 -0.4410 -0.8872
vn 0.1355 -0.4410 -0.8872
vn 0.1742 -0.0924 -0.9804
vn 0.3388 -0.0828 -0.9372
vn 0.2475 -0.6804 -0.6897
vn 0.3389 -0.0828 -0.9372
vn 0.7464 -0.0725 -0.6615
vn -0.0068 -0.8713 0.4908
vn -0.0023 -0.8889 0.4582
vn -0.0115 -0.8882 0.4593
vn 0.0263 -0.5614 0.8272
vn -0.0214 -0.8433 0.5370
vn 0.2475 -0.6804 -0.6898
vn -0.0127 -0.9221 -0.3868
vt 0.396040 1.411939
vt 0.393102 1.413870
vt 0.500000 1.410638
vt 0.394265 1.413976
vt 0.396083 1.439097
vt 0.397218 1.459767
vt 0.500000 1.445933
vt 0.399725 1.459850
vt 0.500000 1.469366
vt 0.404694 1.484262
vt 0.401260 1.484347
vt 0.418599 1.513482
vt 0.415857 1.513898
vt 0.500000 1.498008
vt 0.500000 1.484252
vt 0.500000 1.363980
vt 0.500000 1.382170
vt 0.399864 1.355019
vt 0.500000 1.339535
vt 0.402918 1.323987
vt 0.500000 1.323987
vt 0.417645 1.300164
vt 0.416221 1.300102
vt 0.400017 1.323954
vt 0.395587 1.355187
vt 0.395003 1.375554
vt 0.398972 1.375456
vt 0.397371 1.389773
vt 0.500000 1.513482
vt 0.500000 1.310872
vt 0.606898 1.413870
vt 0.603960 1.411939
vt 0.605735 1.413976
vt 0.603917 1.439097
vt 0.602782 1.459767
vt 0.600275 1.459850
vt 0.595306 1.484262
vt 0.598740 1.484347
vt 0.581401 1.513482
vt 0.584143 1.513898
vt 0.600136 1.355019
vt 0.597082 1.323987
vt 0.582355 1.300164
vt 0.583779 1.300102
vt 0.599983 1.323954
vt 0.604413 1.355187
vt 0.604997 1.375554
vt 0.601028 1.375456
vt 0.602629 1.389773
vt 0.499233 0.514171
vt 0.499303 0.514577
vt 0.499208 0.514554
vt 0.499483 0.514481
vt 0.499429 0.514645
vt 0.500000 0.514445
vt 0.499433 0.515039
vt 0.499362 0.514788
vt 0.499424 0.515072
vt 0.499353 0.514836
vt 0.499290 0.514699
vt 0.500000 0.514171
vt 0.500697 0.514577
vt 0.500767 0.514171
vt 0.500792 0.514554
vt 0.500517 0.514481
vt 0.500571 0.514645
vt 0.500567 0.515039
vt 0.500638 0.514788
vt 0.500576 0.515072
vt 0.500647 0.514836
vt 0.500710 0.514699
vt 0.173777 -0.511768
vt 0.253002 -0.441123
vt 0.139512 -0.431811
vt 0.500000 -0.473994
vt 0.500000 0.107928
vt 0.500000 0.125140
vt 0.364956 0.099578
vt 0.500000 0.010775
vt 0.358986 0.116820
vt 0.359964 0.002437
vt 0.500000 -0.103624
vt 0.261137 -0.057486
vt 0.245839 -0.059934
vt 0.346049 -0.110998
vt 0.500000 -0.214130
vt 0.199119 -0.129737
vt 0.182496 -0.126304
vt 0.500000 -0.287127
vt 0.333983 -0.252160
vt 0.332226 -0.370479
vt 0.500000 -0.370479
vt 0.245603 -0.362354
vt 0.239474 -0.230974
vt 0.142480 -0.240688
vt 0.136680 -0.224627
vt 0.500000 0.185883
vt 0.991505 0.191883
vt 0.844718 0.190618
vt 0.500000 0.190616
vt 0.500000 0.194908
vt 0.500000 0.242117
vt 0.851696 0.233898
vt 1.000000 0.230505
vt 0.500000 -0.511768
vt 0.500000 -0.529199
vt 0.500000 -0.441123
vt 0.500000 -0.399249
vt 0.500000 0.187953
vt 0.500000 0.188487
vt 0.746998 -0.441123
vt 0.826223 -0.511768
vt 0.860488 -0.431811
vt 0.635044 0.099578
vt 0.641014 0.116820
vt 0.640036 0.002437
vt 0.738863 -0.057486
vt 0.754161 -0.059934
vt 0.653951 -0.110998
vt 0.800882 -0.129737
vt 0.817504 -0.126304
vt 0.666018 -0.252160
vt 0.667774 -0.370479
vt 0.754398 -0.362354
vt 0.760526 -0.230974
vt 0.857520 -0.240688
vt 0.863320 -0.224627
vt 0.008495 0.191883
vt 0.155282 0.190618
vt 0.148304 0.233898
vt 0.000000 0.230505
s 0
usemtl Bottom
f 1/1/1 2/2/2 3/1/3
f 4/1/4 5/3/5 6/1/3
f 7/3/2 8/3/5 9/1/6
s 1
f 10/2/7 11/4/8 12/1/9
f 13/2/10 14/1/11 15/5/12
f 16/2/10 17/5/12 18/6/13
f 19/3/5 20/7/5 21/1/4
f 22/7/5 23/5/14 24/1/4
f 25/5/14 26/7/5 27/8/15
f 28/5/14 29/8/16 30/6/17
f 31/7/5 32/9/5 33/8/15
f 34/6/17 35/8/15 36/10/18
f 37/8/15 38/9/5 39/10/18
f 40/11/19 41/6/17 42/10/20
f 43/11/21 44/10/18 45/12/22
f 46/13/23 47/11/24 48/12/25
f 49/14/26 50/12/25 51/10/18
f 52/15/5 53/10/18 54/9/5
s 0
f 55/7/27 56/9/27 57/7/27
f 58/7/27 59/9/27 60/7/27
f 61/7/27 62/7/27 63/3/27
f 64/16/27 65/16/27 66/17/27
s 1
f 67/16/5 68/3/5 69/17/5
s 0
f 70/3/27 71/3/27 72/7/27
f 73/3/27 74/7/27 75/7/27
s 1
f 76/7/5 77/3/5 78/17/5
s 0
f 79/3/27 80/3/27 81/17/27
f 82/3/27 83/3/27 84/17/27
s 1
f 85/3/5 86/16/5 87/17/5
s 0
f 88/17/27 89/17/27 90/16/27
s 1
f 91/3/5 92/7/5 93/17/5
s 0
f 94/16/2 95/16/5 96/18/28
s 1
f 97/19/5 98/18/29 99/20/30
f 100/21/31 101/20/32 102/22/33
f 103/23/34 104/22/35 105/24/36
f 106/22/33 107/20/37 108/24/38
f 109/24/38 110/20/39 111/18/40
f 112/25/41 113/24/38 114/18/40
f 115/26/42 116/25/41 117/18/40
f 118/27/43 119/26/42 120/18/40
f 121/18/29 122/16/5 123/27/43
f 124/26/42 125/27/43 126/2/44
f 127/16/5 128/17/5 129/27/43
f 130/27/45 131/28/46 132/2/47
f 133/17/5 134/28/48 135/27/43
f 136/1/11 137/2/44 138/28/46
f 139/1/11 140/28/48 141/17/5
f 142/3/5 143/1/4 144/17/5
f 145/10/18 146/15/5 147/14/26
f 148/29/49 149/12/25 150/14/26
s 0
f 151/15/27 152/9/27 153/9/27
f 154/9/27 155/9/27 156/7/27
f 157/7/27 158/7/27 159/3/27
f 160/16/27 161/16/27 162/17/27
f 163/16/5 164/18/28 165/16/2
f 166/18/28 167/16/2 168/16/5
s 1
f 169/16/5 170/18/50 171/19/5
f 172/20/37 173/21/31 174/19/5
f 175/22/33 176/30/51 177/21/31
s 0
f 178/3/27 179/17/27 180/17/27
f 181/31/2 182/32/3 183/32/52
f 184/3/5 185/32/3 186/32/52
f 187/3/2 188/3/5 189/32/53
s 1
f 190/33/54 191/31/55 192/32/56
f 193/32/57 194/31/58 195/34/59
f 196/34/60 197/31/58 198/35/61
f 199/7/5 200/3/5 201/32/62
f 202/34/63 203/7/5 204/32/62
f 205/7/5 206/34/64 207/36/65
f 208/36/66 209/34/63 210/35/67
f 211/9/5 212/7/5 213/36/65
f 214/36/65 215/35/67 216/37/68
f 217/9/5 218/36/65 219/37/68
f 220/35/67 221/38/69 222/37/68
f 223/37/68 224/38/69 225/39/70
f 226/38/71 227/40/72 228/39/70
f 229/39/73 230/14/26 231/37/68
f 232/37/68 233/15/5 234/9/5
s 0
f 235/9/27 236/7/27 237/7/27
f 238/9/27 239/7/27 240/7/27
f 241/7/27 242/7/27 243/3/27
f 244/16/27 245/16/27 246/17/27
s 1
f 247/3/5 248/16/5 249/17/5
s 0
f 250/3/27 251/3/27 252/7/27
f 253/7/27 254/3/27 255/7/27
s 1
f 256/3/5 257/7/5 258/17/5
s 0
f 259/3/27 260/3/27 261/17/27
f 262/3/27 263/3/27 264/17/27
s 1
f 265/16/5 266/3/5 267/17/5
s 0
f 268/17/27 269/17/27 270/16/27
s 1
f 271/7/5 272/3/5 273/17/5
s 0
f 274/16/2 275/16/5 276/41/74
s 1
f 277/41/75 278/19/5 279/42/76
f 280/42/77 281/21/31 282/43/78
f 283/43/79 284/44/80 285/45/81
f 286/42/77 287/43/82 288/45/83
f 289/42/84 290/45/83 291/41/85
f 292/45/83 293/46/86 294/41/85
f 295/46/86 296/47/87 297/41/88
f 298/47/87 299/48/89 300/41/85
f 301/16/5 302/41/75 303/48/90
f 304/48/89 305/47/87 306/31/91
f 307/17/5 308/16/5 309/48/89
f 310/49/92 311/48/89 312/31/93
f 313/49/94 314/17/5 315/48/89
f 316/31/95 317/32/57 318/49/92
f 319/49/94 320/32/62 321/17/5
f 322/32/62 323/3/5 324/17/5
f 325/15/5 326/37/68 327/14/96
f 328/39/97 329/29/49 330/14/26
s 0
f 331/9/27 332/15/27 333/9/27
f 334/9/27 335/9/27 336/7/27
f 337/7/27 338/7/27 339/3/27
f 340/16/27 341/16/27 342/17/27
f 343/41/74 344/16/2 345/16/5
f 346/16/5 347/41/74 348/16/2
s 1
f 349/41/98 350/16/5 351/19/5
f 352/21/31 353/42/77 354/19/5
f 355/30/51 356/43/99 357/21/31
s 0
f 358/17/27 359/3/27 360/17/27
s 1
f 361/50/100 362/51/101 363/52/23
f 364/53/102 365/51/103 366/50/25
f 367/54/104 368/51/103 369/53/102
f 370/55/105 371/53/102 372/50/25
f 373/54/106 374/56/107 375/57/108
f 376/56/109 377/58/110 378/57/111
f 379/54/112 380/57/108 381/51/113
f 382/58/110 383/59/114 384/57/111
f 385/57/115 386/59/114 387/51/116
f 388/59/117 389/60/118 390/51/116
f 391/52/119 392/51/116 393/60/118
f 394/50/25 395/61/120 396/55/105
f 397/62/121 398/63/70 399/64/72
f 400/62/122 401/65/123 402/63/70
f 403/62/122 404/66/124 405/65/123
f 406/65/123 407/55/125 408/63/70
f 409/67/126 410/66/127 411/68/128
f 412/69/129 413/67/130 414/68/131
f 415/68/132 416/66/133 417/62/134
f 418/70/135 419/69/129 420/68/131
f 421/70/135 422/68/136 423/62/137
f 424/71/138 425/70/139 426/62/137
f 427/62/137 428/64/140 429/71/138
f 430/61/120 431/63/70 432/55/125
f 433/72/102 434/73/141 435/74/142
f 436/75/143 437/73/144 438/72/145
f 439/76/146 440/77/147 441/78/148
f 442/76/149 443/78/150 444/79/151
f 445/77/147 446/80/152 447/78/148
f 448/78/148 449/81/153 450/79/151
f 451/82/154 452/79/155 453/81/153
f 454/78/148 455/80/156 456/83/157
f 457/81/158 458/78/148 459/83/159
f 460/80/160 461/84/161 462/83/159
f 463/85/162 464/82/163 465/81/153
f 466/85/164 467/81/165 468/83/166
f 469/82/167 470/85/164 471/86/168
f 472/83/157 473/84/169 474/87/170
f 475/84/169 476/88/171 477/87/170
f 478/89/172 479/86/173 480/90/174
f 481/85/162 482/90/174 483/86/168
f 484/91/175 485/89/172 486/90/174
f 487/92/176 488/91/177 489/73/144
f 490/73/141 491/91/178 492/93/179
f 493/91/175 494/90/180 495/93/181
f 496/73/144 497/93/179 498/74/104
f 499/90/180 500/85/164 501/94/182
f 502/93/179 503/90/183 504/94/182
f 505/85/164 506/83/157 507/94/184
f 508/74/142 509/93/185 510/94/182
f 511/83/159 512/87/186 513/94/182
f 514/94/184 515/87/170 516/95/107
f 517/74/104 518/94/182 519/95/107
f 520/95/109 521/87/170 522/88/187
f 523/96/188 524/95/109 525/88/187
f 526/97/189 527/98/33 528/99/190
f 529/100/191 530/99/192 531/101/193
f 532/102/194 533/101/195 534/103/196
f 535/101/195 536/99/197 537/103/196
f 538/103/198 539/99/190 540/104/199
f 541/99/197 542/98/200 543/104/199
f 544/105/201 545/72/102 546/106/105
f 547/72/145 548/105/201 549/75/143
f 550/107/202 551/73/144 552/75/203
f 553/108/204 554/73/144 555/107/202
f 556/89/205 557/91/178 558/92/206
f 559/73/144 560/108/204 561/92/176
f 562/109/207 563/98/33 564/97/189
f 565/110/208 566/99/192 567/100/191
f 568/99/190 569/110/209 570/97/189
f 571/111/210 572/112/123 573/113/211
f 574/111/210 575/75/212 576/112/213
f 577/77/214 578/76/215 579/114/216
f 580/114/217 581/76/218 582/79/219
f 583/115/220 584/77/214 585/114/216
f 586/116/221 587/114/216 588/79/219
f 589/79/222 590/82/223 591/116/224
f 592/115/225 593/114/216 594/117/226
f 595/114/216 596/116/227 597/117/226
f 598/118/228 599/115/229 600/117/226
f 601/82/230 602/119/231 603/116/232
f 604/116/227 605/119/233 606/117/234
f 607/119/231 608/82/235 609/86/236
f 610/118/237 611/117/234 612/120/238
f 613/121/239 614/118/237 615/120/238
f 616/86/240 617/89/241 618/122/242
f 619/122/242 620/119/233 621/86/236
f 622/89/241 623/123/243 624/122/242
f 625/123/243 626/92/244 627/111/210
f 628/123/243 629/111/245 630/124/246
f 631/122/247 632/123/248 633/124/249
f 634/124/250 635/111/210 636/113/133
f 637/119/233 638/122/251 639/125/252
f 640/122/251 641/124/246 642/125/252
f 643/117/226 644/119/233 645/125/253
f 646/124/254 647/113/211 648/125/252
f 649/120/238 650/117/234 651/125/252
f 652/120/238 653/125/253 654/126/126
f 655/125/252 656/113/133 657/126/126
f 658/120/238 659/126/130 660/121/255
f 661/126/130 662/127/256 663/121/255
f 664/128/99 665/97/257 666/129/258
f 667/129/258 668/100/191 669/101/259
f 670/101/260 671/102/261 672/130/262
f 673/129/263 674/101/260 675/130/262
f 676/129/258 677/130/264 678/131/265
f 679/128/82 680/129/258 681/131/265
f 682/112/123 683/105/201 684/106/125
f 685/105/201 686/112/213 687/75/212
f 688/111/210 689/107/266 690/75/267
f 691/111/210 692/108/268 693/107/266
f 694/123/243 695/89/269 696/92/270
f 697/108/268 698/111/210 699/92/244
f 700/128/99 701/109/207 702/97/257
f 703/129/271 704/110/272 705/100/191
f 706/110/272 707/129/258 708/97/257
o Bottom_1
v -4.459179 6.440320 -3.757535
v 0.000000 6.525843 -6.913363
v -3.989150 6.480074 -5.300569
v 0.000000 6.525843 -6.913363
v -4.459179 6.440320 -3.757535
v -4.111642 6.546165 -2.459931
v 0.000000 6.525843 -6.913363
v -3.229577 7.174360 -6.298055
v -3.989150 6.480074 -5.300569
v -3.229577 7.174360 -6.298055
v 0.000000 6.525843 -6.913363
v -2.437666 7.666275 -7.147757
v -2.437666 7.666275 -7.147757
v 0.000000 6.525843 -6.913363
v -1.643152 7.900978 -7.675836
v 0.000000 6.525843 -6.913363
v 0.000000 8.139407 -7.934076
v -1.643152 7.900978 -7.675836
v 0.000000 5.933113 1.174990
v 0.000000 6.525843 -6.913363
v -4.111642 6.546165 -2.459931
v -3.294594 7.312984 -0.737018
v 0.000000 5.933113 1.174990
v -4.111642 6.546165 -2.459931
v 0.000000 5.933113 1.174990
v -3.294594 7.312984 -0.737018
v -2.975783 7.370748 -0.722102
v -2.009092 7.513778 0.648004
v 0.000000 5.933113 1.174990
v -2.975783 7.370748 -0.722102
v 0.000000 5.933113 1.174990
v -2.009092 7.513778 0.648004
v -1.578882 7.663423 0.716606
v 0.000000 6.125580 1.170855
v 0.000000 5.933113 1.174990
v -1.578882 7.663423 0.716606
v -1.578882 7.663423 0.716606
v -0.507943 8.024858 0.977724
v 0.000000 6.125580 1.170855
v -0.507943 8.024858 0.977724
v 0.000000 8.013515 1.115216
v 0.000000 6.125580 1.170855
v 0.000000 6.525843 -6.913363
v 4.459179 6.440320 -3.757535
v 3.989150 6.480074 -5.300569
v 4.459179 6.440320 -3.757535
v 0.000000 6.525843 -6.913363
v 4.111642 6.546165 -2.459931
v 3.229577 7.174360 -6.298055
v 0.000000 6.525843 -6.913363
v 3.989150 6.480074 -5.300569
v 0.000000 6.525843 -6.913363
v 3.229577 7.174360 -6.298055
v 2.437666 7.666275 -7.147757
v 0.000000 6.525843 -6.913363
v 2.437666 7.666275 -7.147757
v 1.643152 7.900978 -7.675836
v 0.000000 8.139407 -7.934076
v 0.000000 6.525843 -6.913363
v 1.643152 7.900978 -7.675836
v 0.000000 6.525843 -6.913363
v 0.000000 5.933113 1.174990
v 4.111642 6.546165 -2.459931
v 0.000000 5.933113 1.174990
v 3.294594 7.312984 -0.737018
v 4.111642 6.546165 -2.459931
v 3.294594 7.312984 -0.737018
v 0.000000 5.933113 1.174990
v 2.975783 7.370748 -0.722102
v 0.000000 5.933113 1.174990
v 2.009092 7.513778 0.648004
v 2.975783 7.370748 -0.722102
v 2.009092 7.513778 0.648004
v 0.000000 5.933113 1.174990
v 1.578882 7.663423 0.716606
v 0.000000 5.933113 1.174990
v 0.000000 6.125580 1.170855
v 1.578882 7.663423 0.716606
v 0.507943 8.024858 0.977724
v 1.578882 7.663423 0.716606
v 0.000000 6.125580 1.170855
v 0.000000 8.013515 1.115216
v 0.507943 8.024858 0.977724
v 0.000000 6.125580 1.170855
vn 0.0386 0.9992 -0.0139
vn -0.0000 0.9025 0.4307
vn 0.2322 0.8694 0.4361
vn 0.0386 0.9992 -0.0140
vn 0.2661 0.9459 -0.1857
vn 0.3514 0.6836 0.6398
vn 0.2321 0.8694 0.4361
vn 0.3514 0.6836 0.6397
vn 0.3471 0.7539 0.5578
vn 0.2282 0.6723 0.7042
vn -0.0000 0.5930 0.8052
vn -0.0000 0.3723 -0.9281
vn -0.0000 0.9025 0.4306
vn 0.2662 0.9459 -0.1857
vn 0.5025 0.0015 -0.8646
vn -0.0001 0.3723 -0.9281
vn 0.0001 0.3722 -0.9281
vn 0.5025 0.0016 -0.8646
vn 0.5249 -0.0322 -0.8505
vn 0.4633 0.2811 -0.8404
vn -0.0000 0.3722 -0.9282
vn 0.5250 -0.0323 -0.8505
vn -0.0000 0.3722 -0.9281
vn 0.4633 0.2810 -0.8404
vn 0.2258 -0.0482 -0.9730
vn -0.0000 -0.0322 -0.9995
vn 0.2258 -0.0481 -0.9730
vn 0.2482 -0.0364 -0.9680
vn -0.0000 -0.0323 -0.9995
vn -0.0000 -0.0335 -0.9994
vn -0.0386 0.9992 -0.0139
vn -0.2321 0.8694 0.4361
vn -0.0386 0.9992 -0.0140
vn -0.2662 0.9459 -0.1857
vn -0.3514 0.6836 0.6398
vn -0.2321 0.8694 0.4362
vn -0.3514 0.6836 0.6397
vn -0.3471 0.7539 0.5578
vn -0.2282 0.6723 0.7042
vn -0.5025 0.0015 -0.8646
vn -0.5024 0.0016 -0.8646
vn -0.0001 0.3722 -0.9281
vn -0.5250 -0.0322 -0.8505
vn -0.4634 0.2811 -0.8404
vn -0.5249 -0.0322 -0.8505
vn -0.4633 0.2811 -0.8405
vn -0.2258 -0.0482 -0.9730
vn -0.2482 -0.0364 -0.9680
vn -0.2258 -0.0481 -0.9730
vt -0.032506 1.380208
vt -0.030000 1.381944
vt -0.032242 1.381057
vt -0.032311 1.379494
vt -0.031815 1.381606
vt -0.031370 1.382073
vt -0.030923 1.382364
vt -0.030000 1.382506
vt -0.030000 1.377494
vt -0.031851 1.378546
vt -0.031672 1.378538
vt -0.031129 1.377784
vt -0.030887 1.377746
vt -0.030000 1.377496
vt -0.030285 1.377603
vt -0.030000 1.377527
vt -0.027494 1.380208
vt -0.027758 1.381057
vt -0.027689 1.379494
vt -0.028185 1.381606
vt -0.028630 1.382073
vt -0.029077 1.382364
vt -0.028148 1.378546
vt -0.028328 1.378538
vt -0.028871 1.377784
vt -0.029113 1.377746
vt -0.029715 1.377603
s 1
usemtl Inside
f 709/132/273 710/133/274 711/134/275
f 712/133/274 713/132/276 714/135/277
f 715/133/274 716/136/278 717/134/279
f 718/136/280 719/133/274 720/137/281
f 721/137/281 722/133/274 723/138/282
f 724/133/274 725/139/283 726/138/282
f 727/140/284 728/133/285 729/135/286
f 730/141/287 731/140/288 732/135/286
f 733/140/289 734/141/290 735/142/291
f 736/143/292 737/140/293 738/142/294
f 739/140/295 740/143/296 741/144/297
f 742/145/298 743/140/295 744/144/297
f 745/144/299 746/146/300 747/145/301
f 748/146/300 749/147/302 750/145/298
f 751/133/274 752/148/303 753/149/304
f 754/148/305 755/133/274 756/150/306
f 757/151/307 758/133/274 759/149/308
f 760/133/274 761/151/309 762/152/310
f 763/133/274 764/152/310 765/153/311
f 766/139/283 767/133/274 768/153/311
f 769/133/274 770/140/284 771/150/306
f 772/140/293 773/154/312 774/150/306
f 775/154/313 776/140/314 777/155/315
f 778/140/295 779/156/316 780/155/317
f 781/156/318 782/140/295 783/157/319
f 784/140/295 785/145/298 786/157/319
f 787/158/320 788/157/321 789/145/298
f 790/147/302 791/158/320 792/145/298
o Bottom_10
v -1.382303 6.057079 7.280974
v -1.382303 6.057079 7.280974
v -1.475055 6.384506 6.311297
v -1.382303 6.057079 7.280974
v -1.475055 6.384506 6.311297
v -1.475055 6.384506 6.311297
v -3.030082 7.279220 -8.085105
v -3.030082 7.279220 -8.085105
v -4.569305 6.790281 -6.794601
v -3.030082 7.279220 -8.085105
v -4.569305 6.790281 -6.794601
v -4.569305 6.790281 -6.794601
v -4.569305 6.790281 -6.794601
v -4.569305 6.790281 -6.794601
v -5.267251 4.921307 -4.228634
v -4.384156 6.766357 -6.734747
v -4.569305 6.790281 -6.794601
v -5.267251 4.921307 -4.228634
v -5.267251 4.921307 -4.228634
v -4.384156 6.766357 -6.734747
v -5.267251 4.921307 -4.228634
v -5.398488 4.336977 -2.818272
v -5.267251 4.921307 -4.228634
v -5.267251 4.921307 -4.228634
v -5.398488 4.336977 -2.818272
v -5.398488 4.336977 -2.818272
v -5.267251 4.921307 -4.228634
v -5.424537 3.767569 -1.826774
v -5.398488 4.336977 -2.818272
v -5.398488 4.336977 -2.818272
v -5.424537 3.767569 -1.826774
v -5.424537 3.767569 -1.826774
v -5.398488 4.336977 -2.818272
v 0.000000 8.270632 2.086812
v 0.000000 8.376305 1.798211
v -1.310177 7.983785 1.639864
v -2.095342 7.616354 1.803491
v 0.000000 8.270632 2.086812
v -1.310177 7.983785 1.639864
v -2.357465 7.776766 1.029928
v -2.095342 7.616354 1.803491
v -1.310177 7.983785 1.639864
v 0.000000 8.270632 2.086812
v -2.095342 7.616354 1.803491
v -1.883343 7.252645 2.545335
v 0.000000 8.167059 2.595980
v 0.000000 8.270632 2.086812
v -1.883343 7.252645 2.545335
v -2.095342 7.616354 1.803491
v -2.357465 7.776766 1.029928
v -3.173923 7.550706 0.409244
v -2.357465 7.776766 1.029928
v -3.021378 7.556593 0.117805
v -3.173923 7.550706 0.409244
v -3.173923 7.550706 0.409244
v -3.021378 7.556593 0.117805
v -3.312405 7.414653 -0.302848
v -1.883343 7.252645 2.545335
v -1.693255 7.062769 3.490042
v 0.000000 8.167059 2.595980
v -1.693255 7.062769 3.490042
v 0.000000 7.837731 3.738004
v 0.000000 8.167059 2.595980
v -1.693255 7.062769 3.490042
v -1.637352 6.842839 4.287804
v 0.000000 7.837731 3.738004
v -1.637352 6.842839 4.287804
v 0.000000 7.571455 4.382556
v 0.000000 7.837731 3.738004
v 0.000000 7.571455 4.382556
v -1.637352 6.842839 4.287804
v -1.519644 6.489503 5.796221
v 0.000000 7.040812 5.910416
v 0.000000 7.571455 4.382556
v -1.519644 6.489503 5.796221
v 0.000000 7.040812 5.910416
v -1.519644 6.489503 5.796221
v -1.475055 6.384506 6.311297
v 0.000000 6.816278 6.471848
v 0.000000 7.040812 5.910416
v -1.475055 6.384506 6.311297
v 0.000000 6.816278 6.471848
v -1.475055 6.384506 6.311297
v -1.382303 6.057079 7.280974
v 0.000000 6.495108 7.342766
v 0.000000 6.816278 6.471848
v -1.382303 6.057079 7.280974
v -4.569305 6.790281 -6.794601
v -4.384156 6.766357 -6.734747
v -5.267251 4.921307 -4.228634
v -4.384156 6.766357 -6.734747
v -5.267251 4.921307 -4.228634
v -5.267251 4.921307 -4.228634
v -5.267251 4.921307 -4.228634
v -5.267251 4.921307 -4.228634
v -5.394649 4.317914 -1.489374
v -5.267251 4.921307 -4.228634
v -5.394649 4.317914 -1.489374
v -5.394649 4.317914 -1.489374
v -5.394649 4.317914 -1.489374
v -5.368164 4.668938 0.109616
v -5.394649 4.317914 -1.489374
v -5.368164 4.668938 0.109616
v -5.368164 4.668938 0.109616
v -5.394649 4.317914 -1.489374
v -5.368164 4.668938 0.109616
v -5.368164 4.668938 0.109616
v -5.087011 4.716795 1.975303
v -5.368164 4.668938 0.109616
v -5.087011 4.716795 1.975303
v -5.087011 4.716795 1.975303
v -5.087011 4.716795 1.975303
v -5.087011 4.716795 1.975303
v -4.687773 4.835124 3.621269
v -5.087011 4.716795 1.975303
v -4.687773 4.835124 3.621269
v -4.687773 4.835124 3.621269
v -4.687773 4.835124 3.621269
v -4.687773 4.835124 3.621269
v -5.087011 4.716795 1.975303
v -4.160726 4.873833 4.911270
v -4.687773 4.835124 3.621269
v -4.687773 4.835124 3.621269
v -4.160726 4.873833 4.911270
v -4.160726 4.873833 4.911270
v -4.687773 4.835124 3.621269
v -4.160726 4.873833 4.911270
v -4.160726 4.873833 4.911270
v -3.656952 5.488550 5.630744
v -3.656952 5.488550 5.630744
v -4.160726 4.873833 4.911270
v -3.656952 5.488550 5.630744
v -3.070880 5.825820 5.903179
v -3.656952 5.488550 5.630744
v -3.656952 5.488550 5.630744
v -3.070880 5.825820 5.903179
v -3.070880 5.825820 5.903179
v -3.656952 5.488550 5.630744
v -1.475055 6.384506 6.311297
v -3.070880 5.825820 5.903179
v -3.070880 5.825820 5.903179
v 0.000000 7.173201 -9.499127
v -1.907302 7.041072 -9.170713
v 0.000000 8.076342 -9.085023
v -1.907302 7.041072 -9.170713
v -1.793583 7.829059 -8.843529
v 0.000000 8.076342 -9.085023
v -1.907302 7.041072 -9.170713
v -2.557189 7.068704 -8.763074
v -1.793583 7.829059 -8.843529
v -2.557189 7.068704 -8.763074
v -3.030082 7.279220 -8.085105
v -1.793583 7.829059 -8.843529
v -3.030082 7.279220 -8.085105
v -2.875390 7.585504 -8.281358
v -1.793583 7.829059 -8.843529
v -2.875390 7.585504 -8.281358
v -3.030082 7.279220 -8.085105
v -4.148384 7.052917 -6.581080
v -3.030082 7.279220 -8.085105
v -4.569305 6.790281 -6.794601
v -4.148384 7.052917 -6.581080
v -4.705062 6.516408 -5.272167
v -4.148384 7.052917 -6.581080
v -4.569305 6.790281 -6.794601
v -5.267251 4.921307 -4.228634
v -4.705062 6.516408 -5.272167
v -4.569305 6.790281 -6.794601
v -5.267251 4.921307 -4.228634
v -4.927089 5.607785 -3.372093
v -4.705062 6.516408 -5.272167
v -5.267251 4.921307 -4.228634
v -5.203527 4.960943 -1.936723
v -4.927089 5.607785 -3.372093
v -5.394649 4.317914 -1.489374
v -5.203527 4.960943 -1.936723
v -5.267251 4.921307 -4.228634
v -5.203527 4.960943 -1.936723
v -4.689774 6.465416 -2.492324
v -4.927089 5.607785 -3.372093
v -5.203527 4.960943 -1.936723
v -5.394649 4.317914 -1.489374
v -5.277668 5.074428 0.027284
v -5.394649 4.317914 -1.489374
v -5.368164 4.668938 0.109616
v -5.277668 5.074428 0.027284
v -4.689774 6.465416 -2.492324
v -5.203527 4.960943 -1.936723
v -4.449863 6.360989 -0.067037
v -3.884000 7.141998 -0.649019
v -4.689774 6.465416 -2.492324
v -4.449863 6.360989 -0.067037
v -3.173923 7.550706 0.409244
v -3.884000 7.141998 -0.649019
v -4.449863 6.360989 -0.067037
v -3.672789 6.807899 1.037717
v -3.173923 7.550706 0.409244
v -4.449863 6.360989 -0.067037
v -5.053571 5.456754 0.008793
v -5.203527 4.960943 -1.936723
v -5.277668 5.074428 0.027284
v -5.203527 4.960943 -1.936723
v -5.053571 5.456754 0.008793
v -4.449863 6.360989 -0.067037
v -4.757693 5.157863 2.089562
v -5.277668 5.074428 0.027284
v -5.368164 4.668938 0.109616
v -5.053571 5.456754 0.008793
v -5.277668 5.074428 0.027284
v -4.757693 5.157863 2.089562
v -5.087011 4.716795 1.975303
v -4.757693 5.157863 2.089562
v -5.368164 4.668938 0.109616
v -4.687773 4.835124 3.621269
v -4.757693 5.157863 2.089562
v -5.087011 4.716795 1.975303
v -3.903557 6.260644 1.975864
v -4.449863 6.360989 -0.067037
v -5.053571 5.456754 0.008793
v -4.449863 6.360989 -0.067037
v -3.903557 6.260644 1.975864
v -3.672789 6.807899 1.037717
v -3.903557 6.260644 1.975864
v -5.053571 5.456754 0.008793
v -4.757693 5.157863 2.089562
v -3.903557 6.260644 1.975864
v -2.095342 7.616354 1.803491
v -3.672789 6.807899 1.037717
v -3.903557 6.260644 1.975864
v -1.883343 7.252645 2.545335
v -2.095342 7.616354 1.803491
v -1.693255 7.062769 3.490042
v -1.883343 7.252645 2.545335
v -3.903557 6.260644 1.975864
v -4.687773 4.835124 3.621269
v -3.632029 5.734737 4.105982
v -4.757693 5.157863 2.089562
v -3.632029 5.734737 4.105982
v -3.903557 6.260644 1.975864
v -4.757693 5.157863 2.089562
v -3.903557 6.260644 1.975864
v -3.632029 5.734737 4.105982
v -1.637352 6.842839 4.287804
v -4.687773 4.835124 3.621269
v -4.160726 4.873833 4.911270
v -3.632029 5.734737 4.105982
v -3.656952 5.488550 5.630744
v -3.632029 5.734737 4.105982
v -4.160726 4.873833 4.911270
v -2.734622 6.152204 5.243982
v -1.637352 6.842839 4.287804
v -3.632029 5.734737 4.105982
v -3.070880 5.825820 5.903179
v -3.632029 5.734737 4.105982
v -3.656952 5.488550 5.630744
v -2.734622 6.152204 5.243982
v -3.632029 5.734737 4.105982
v -3.070880 5.825820 5.903179
v -1.519644 6.489503 5.796221
v -2.734622 6.152204 5.243982
v -3.070880 5.825820 5.903179
v -1.475055 6.384506 6.311297
v -1.519644 6.489503 5.796221
v -3.070880 5.825820 5.903179
v -1.693255 7.062769 3.490042
v -1.883343 7.252645 2.545335
v -1.883343 7.252645 2.545335
v -1.693255 7.062769 3.490042
v -1.637352 6.842839 4.287804
v -1.693255 7.062769 3.490042
v -1.637352 6.842839 4.287804
v -1.637352 6.842839 4.287804
v -1.693255 7.062769 3.490042
v -1.637352 6.842839 4.287804
v -1.637352 6.842839 4.287804
v -2.734622 6.152204 5.243982
v -1.519644 6.489503 5.796221
v -1.637352 6.842839 4.287804
v -2.734622 6.152204 5.243982
v -1.519644 6.489503 5.796221
v -2.734622 6.152204 5.243982
v -1.519644 6.489503 5.796221
v -1.519644 6.489503 5.796221
v -1.519644 6.489503 5.796221
v -1.475055 6.384506 6.311297
v -1.519644 6.489503 5.796221
v -1.475055 6.384506 6.311297
v -1.475055 6.384506 6.311297
v -4.687773 4.835124 3.621269
v -5.300513 3.694032 2.112907
v -4.687773 4.835124 3.621269
v -5.300513 3.694032 2.112907
v -5.300513 3.694032 2.112907
v -4.687773 4.835124 3.621269
v -5.300513 3.694032 2.112907
v -5.452641 2.938220 1.740584
v -5.300513 3.694032 2.112907
v -5.452641 2.938220 1.740584
v -5.452641 2.938220 1.740584
v -5.300513 3.694032 2.112907
v -5.452641 2.938220 1.740584
v -5.300513 3.694032 2.112907
v -5.452641 2.938220 1.740584
v -5.300513 3.694032 2.112907
v -5.452641 2.938220 1.740584
v -5.220379 2.919589 4.060419
v -5.064525 3.809713 4.672490
v -5.300513 3.694032 2.112907
v -5.220379 2.919589 4.060419
v -4.687773 4.835124 3.621269
v -5.300513 3.694032 2.112907
v -5.064525 3.809713 4.672490
v -5.064525 3.809713 4.672490
v -5.220379 2.919589 4.060419
v -5.083185 2.738056 6.011789
v -4.687773 4.835124 3.621269
v -5.064525 3.809713 4.672490
v -4.735828 4.040933 5.135980
v -4.959150 3.167179 6.176847
v -5.064525 3.809713 4.672490
v -5.083185 2.738056 6.011789
v -4.735828 4.040933 5.135980
v -4.160726 4.873833 4.911270
v -4.687773 4.835124 3.621269
v -4.959150 3.167179 6.176847
v -5.083185 2.738056 6.011789
v -4.351565 2.911883 8.382193
v -4.160726 4.873833 4.911270
v -4.735828 4.040933 5.135980
v -4.488179 4.229867 5.794466
v -4.314835 3.555307 8.327374
v -4.959150 3.167179 6.176847
v -4.351565 2.911883 8.382193
v -4.160726 4.873833 4.911270
v -4.488179 4.229867 5.794466
v -3.656952 5.488550 5.630744
v -4.314835 3.555307 8.327374
v -4.351565 2.911883 8.382193
v -3.987351 3.663792 9.165882
v -4.488179 4.229867 5.794466
v -3.983497 4.861374 6.076749
v -3.656952 5.488550 5.630744
v -4.351565 2.911883 8.382193
v -3.257743 3.380242 10.468278
v -3.987351 3.663792 9.165882
v -3.546910 5.140013 6.359611
v -3.656952 5.488550 5.630744
v -3.983497 4.861374 6.076749
v -3.656952 5.488550 5.630744
v -3.546910 5.140013 6.359611
v -3.070880 5.825820 5.903179
v -3.329032 5.160128 6.936773
v -3.070880 5.825820 5.903179
v -3.546910 5.140013 6.359611
v -3.987351 3.663792 9.165882
v -3.257743 3.380242 10.468278
v -3.325589 3.869394 10.408876
v -3.987351 3.663792 9.165882
v -3.325589 3.869394 10.408876
v -3.487777 4.007622 9.904563
v -3.325589 3.869394 10.408876
v -3.257743 3.380242 10.468278
v -2.856594 3.619992 10.827266
v -3.325589 3.869394 10.408876
v -3.201392 4.311549 10.261972
v -3.487777 4.007622 9.904563
v -3.325589 3.869394 10.408876
v -2.856594 3.619992 10.827266
v -2.286697 3.864112 11.211990
v -2.175431 4.547773 11.166899
v -3.201392 4.311549 10.261972
v -3.325589 3.869394 10.408876
v -2.175431 4.547773 11.166899
v -3.325589 3.869394 10.408876
v -2.286697 3.864112 11.211990
v -3.201392 4.311549 10.261972
v -2.175431 4.547773 11.166899
v -2.226269 4.760007 10.642958
v -1.268704 4.514248 11.711727
v -2.175431 4.547773 11.166899
v -2.286697 3.864112 11.211990
v -2.175431 4.547773 11.166899
v -1.120212 4.921592 11.477165
v -2.226269 4.760007 10.642958
v -2.175431 4.547773 11.166899
v -1.268704 4.514248 11.711727
v -1.120212 4.921592 11.477165
v -1.120212 4.921592 11.477165
v -1.101074 5.023008 10.812792
v -2.226269 4.760007 10.642958
v 0.000000 5.244888 10.624077
v -1.101074 5.023008 10.812792
v -1.120212 4.921592 11.477165
v 0.000000 5.008542 11.461015
v -1.120212 4.921592 11.477165
v -1.268704 4.514248 11.711727
v 0.000000 5.008542 11.461015
v 0.000000 5.244888 10.624077
v -1.120212 4.921592 11.477165
v 0.000000 4.544851 11.875120
v 0.000000 5.008542 11.461015
v -1.268704 4.514248 11.711727
v 0.000000 5.812460 9.014625
v 0.000000 6.199394 8.120889
v -1.090032 5.126379 9.411917
v -1.214357 5.545700 8.376809
v 0.000000 6.199394 8.120889
v 0.000000 6.495108 7.342766
v 0.000000 6.199394 8.120889
v -1.214357 5.545700 8.376809
v -1.090032 5.126379 9.411917
v -1.214357 5.545700 8.376809
v -2.129021 5.167007 8.584088
v -1.090032 5.126379 9.411917
v -1.382303 6.057079 7.280974
v -1.214357 5.545700 8.376809
v 0.000000 6.495108 7.342766
v -1.382303 6.057079 7.280974
v -2.129021 5.167007 8.584088
v -1.214357 5.545700 8.376809
v -2.129021 5.167007 8.584088
v -1.382303 6.057079 7.280974
v -2.632845 5.265742 7.875764
v -2.632845 5.265742 7.875764
v -1.382303 6.057079 7.280974
v -2.606691 5.437317 7.147648
v -2.606691 5.437317 7.147648
v -1.382303 6.057079 7.280974
v -1.475055 6.384506 6.311297
v -3.070880 5.825820 5.903179
v -2.606691 5.437317 7.147648
v -1.475055 6.384506 6.311297
v -2.606691 5.437317 7.147648
v -3.070880 5.825820 5.903179
v -3.329032 5.160128 6.936773
v -3.329032 5.160128 6.936773
v -2.632845 5.265742 7.875764
v -2.606691 5.437317 7.147648
v -5.064525 3.809713 4.672490
v -4.735828 4.040933 5.135980
v -5.064525 3.809713 4.672490
v -4.735828 4.040933 5.135980
v -4.735828 4.040933 5.135980
v -5.064525 3.809713 4.672490
v -4.735828 4.040933 5.135980
v -4.488179 4.229867 5.794466
v -4.735828 4.040933 5.135980
v -4.488179 4.229867 5.794466
v -4.488179 4.229867 5.794466
v -4.735828 4.040933 5.135980
v -4.488179 4.229867 5.794466
v -4.488179 4.229867 5.794466
v -3.983497 4.861374 6.076749
v -4.488179 4.229867 5.794466
v -3.983497 4.861374 6.076749
v -3.983497 4.861374 6.076749
v -3.983497 4.861374 6.076749
v -3.546910 5.140013 6.359611
v -3.983497 4.861374 6.076749
v -3.546910 5.140013 6.359611
v -3.546910 5.140013 6.359611
v -3.983497 4.861374 6.076749
v -3.546910 5.140013 6.359611
v -3.546910 5.140013 6.359611
v -3.329032 5.160128 6.936773
v -3.546910 5.140013 6.359611
v -3.329032 5.160128 6.936773
v -3.329032 5.160128 6.936773
v -3.329032 5.160128 6.936773
v -3.329032 5.160128 6.936773
v -2.632845 5.265742 7.875764
v -3.329032 5.160128 6.936773
v -2.632845 5.265742 7.875764
v -2.632845 5.265742 7.875764
v -2.632845 5.265742 7.875764
v -2.129021 5.167007 8.584088
v -2.632845 5.265742 7.875764
v -2.129021 5.167007 8.584088
v -2.129021 5.167007 8.584088
v -2.632845 5.265742 7.875764
v -2.129021 5.167007 8.584088
v -1.090032 5.126379 9.411917
v -2.129021 5.167007 8.584088
v -1.090032 5.126379 9.411917
v -1.090032 5.126379 9.411917
v -2.129021 5.167007 8.584088
v -1.090032 5.126379 9.411917
v -1.090032 5.126379 9.411917
v 0.000000 5.812460 9.014625
v -1.090032 5.126379 9.411917
v 0.000000 5.812460 9.014625
v 0.000000 5.812460 9.014625
v -4.959150 3.167179 6.176847
v -5.064525 3.809713 4.672490
v -5.064525 3.809713 4.672490
v -4.959150 3.167179 6.176847
v -4.959150 3.167179 6.176847
v -5.064525 3.809713 4.672490
v -4.314835 3.555307 8.327374
v -4.959150 3.167179 6.176847
v -4.959150 3.167179 6.176847
v -4.314835 3.555307 8.327374
v -4.314835 3.555307 8.327374
v -4.959150 3.167179 6.176847
v -3.987351 3.663792 9.165882
v -4.314835 3.555307 8.327374
v -4.314835 3.555307 8.327374
v -3.987351 3.663792 9.165882
v -3.987351 3.663792 9.165882
v -4.314835 3.555307 8.327374
v -3.487777 4.007622 9.904563
v -3.987351 3.663792 9.165882
v -3.987351 3.663792 9.165882
v -3.487777 4.007622 9.904563
v -3.487777 4.007622 9.904563
v -3.987351 3.663792 9.165882
v -3.201392 4.311549 10.261972
v -3.487777 4.007622 9.904563
v -3.487777 4.007622 9.904563
v -3.201392 4.311549 10.261972
v -3.201392 4.311549 10.261972
v -3.487777 4.007622 9.904563
v -2.226269 4.760007 10.642958
v -3.201392 4.311549 10.261972
v -3.201392 4.311549 10.261972
v -2.226269 4.760007 10.642958
v -2.226269 4.760007 10.642958
v -3.201392 4.311549 10.261972
v -2.226269 4.760007 10.642958
v -2.226269 4.760007 10.642958
v -1.101074 5.023008 10.812792
v -1.101074 5.023008 10.812792
v -2.226269 4.760007 10.642958
v -1.101074 5.023008 10.812792
v -1.101074 5.023008 10.812792
v -1.101074 5.023008 10.812792
v 0.000000 5.244888 10.624077
v 0.000000 5.244888 10.624077
v -1.101074 5.023008 10.812792
v 0.000000 5.244888 10.624077
v 0.000000 6.495108 7.342766
v 0.000000 6.495108 7.342766
v -1.382303 6.057079 7.280974
v 0.000000 6.495108 7.342766
v -1.382303 6.057079 7.280974
v -1.382303 6.057079 7.280974
v -4.384156 6.766357 -6.734747
v -5.267251 4.921307 -4.228634
v -5.267251 4.921307 -4.228634
v -5.267251 4.921307 -4.228634
v -5.398488 4.336977 -2.818272
v -5.267251 4.921307 -4.228634
v -5.398488 4.336977 -2.818272
v -5.394649 4.317914 -1.489374
v -5.267251 4.921307 -4.228634
v -5.424537 3.767569 -1.826774
v -5.394649 4.317914 -1.489374
v -5.398488 4.336977 -2.818272
v -5.394649 4.317914 -1.489374
v -5.424537 3.767569 -1.826774
v -5.368164 4.668938 0.109616
v -5.424537 3.767569 -1.826774
v -5.534543 3.346545 0.068522
v -5.368164 4.668938 0.109616
v -5.087011 4.716795 1.975303
v -5.368164 4.668938 0.109616
v -5.534543 3.346545 0.068522
v -5.300513 3.694032 2.112907
v -5.087011 4.716795 1.975303
v -5.534543 3.346545 0.068522
v -4.687773 4.835124 3.621269
v -5.087011 4.716795 1.975303
v -5.300513 3.694032 2.112907
v -5.300513 3.694032 2.112907
v -5.534543 3.346545 0.068522
v -5.452641 2.938220 1.740584
v 0.000000 7.173201 -9.499127
v 0.000000 7.173201 -9.499127
v -1.907302 7.041072 -9.170713
v 0.000000 7.173201 -9.499127
v -1.907302 7.041072 -9.170713
v -1.907302 7.041072 -9.170713
v -1.907302 7.041072 -9.170713
v -2.557189 7.068704 -8.763074
v -1.907302 7.041072 -9.170713
v -2.557189 7.068704 -8.763074
v -2.557189 7.068704 -8.763074
v -1.907302 7.041072 -9.170713
v -2.557189 7.068704 -8.763074
v -2.557189 7.068704 -8.763074
v -3.030082 7.279220 -8.085105
v -2.557189 7.068704 -8.763074
v -3.030082 7.279220 -8.085105
v -3.030082 7.279220 -8.085105
v -5.064525 3.809713 4.672490
v -4.959150 3.167179 6.176847
v -4.735828 4.040933 5.135980
v -4.959150 3.167179 6.176847
v -4.605299 3.817001 6.386018
v -4.735828 4.040933 5.135980
v -4.959150 3.167179 6.176847
v -4.314835 3.555307 8.327374
v -4.605299 3.817001 6.386018
v -4.735828 4.040933 5.135980
v -4.605299 3.817001 6.386018
v -4.488179 4.229867 5.794466
v -4.314835 3.555307 8.327374
v -3.937900 4.397659 8.148825
v -4.605299 3.817001 6.386018
v -4.314835 3.555307 8.327374
v -3.987351 3.663792 9.165882
v -3.937900 4.397659 8.148825
v -3.987351 3.663792 9.165882
v -3.487777 4.007622 9.904563
v -3.937900 4.397659 8.148825
v -3.937900 4.397659 8.148825
v -3.487777 4.007622 9.904563
v -3.201392 4.311549 10.261972
v -4.605299 3.817001 6.386018
v -4.067396 4.565863 6.632867
v -4.488179 4.229867 5.794466
v -3.983497 4.861374 6.076749
v -4.488179 4.229867 5.794466
v -4.067396 4.565863 6.632867
v -3.546910 5.140013 6.359611
v -3.983497 4.861374 6.076749
v -4.067396 4.565863 6.632867
v -3.329032 5.160128 6.936773
v -3.546910 5.140013 6.359611
v -4.067396 4.565863 6.632867
v -3.542109 4.888296 7.850890
v -4.067396 4.565863 6.632867
v -4.605299 3.817001 6.386018
v -3.329032 5.160128 6.936773
v -4.067396 4.565863 6.632867
v -3.542109 4.888296 7.850890
v -3.937900 4.397659 8.148825
v -3.542109 4.888296 7.850890
v -4.605299 3.817001 6.386018
v -3.201392 4.311549 10.261972
v -2.857711 4.608750 9.859112
v -3.937900 4.397659 8.148825
v -2.857711 4.608750 9.859112
v -3.542109 4.888296 7.850890
v -3.937900 4.397659 8.148825
v -3.201392 4.311549 10.261972
v -2.226269 4.760007 10.642958
v -2.857711 4.608750 9.859112
v -3.102992 5.050633 7.879784
v -3.329032 5.160128 6.936773
v -3.542109 4.888296 7.850890
v -2.857711 4.608750 9.859112
v -2.234520 4.844480 9.655256
v -3.542109 4.888296 7.850890
v -2.234520 4.844480 9.655256
v -2.857711 4.608750 9.859112
v -2.226269 4.760007 10.642958
v -3.102992 5.050633 7.879784
v -2.234520 4.844480 9.655256
v -2.632845 5.265742 7.875764
v -2.632845 5.265742 7.875764
v -2.234520 4.844480 9.655256
v -2.129021 5.167007 8.584088
v -1.090032 5.126379 9.411917
v -2.129021 5.167007 8.584088
v -2.234520 4.844480 9.655256
v -1.101074 5.023008 10.812792
v -2.234520 4.844480 9.655256
v -2.226269 4.760007 10.642958
v -1.090032 5.126379 9.411917
v -2.234520 4.844480 9.655256
v -1.101074 5.023008 10.812792
v -1.090032 5.126379 9.411917
v -1.101074 5.023008 10.812792
v 0.000000 5.812460 9.014625
v -1.101074 5.023008 10.812792
v 0.000000 5.244888 10.624077
v 0.000000 5.812460 9.014625
v -2.095342 7.616354 1.803491
v -1.883343 7.252645 2.545335
v -1.883343 7.252645 2.545335
v -2.095342 7.616354 1.803491
v -2.095342 7.616354 1.803491
v -1.883343 7.252645 2.545335
v -2.095342 7.616354 1.803491
v -2.095342 7.616354 1.803491
v -1.883343 7.252645 2.545335
v -2.095342 7.616354 1.803491
v -3.672789 6.807899 1.037717
v -2.095342 7.616354 1.803491
v -3.672789 6.807899 1.037717
v -2.095342 7.616354 1.803491
v -2.095342 7.616354 1.803491
v -3.672789 6.807899 1.037717
v -3.672789 6.807899 1.037717
v -2.095342 7.616354 1.803491
v -3.173923 7.550706 0.409244
v -3.672789 6.807899 1.037717
v -2.095342 7.616354 1.803491
v -3.672789 6.807899 1.037717
v -3.173923 7.550706 0.409244
v -3.672789 6.807899 1.037717
v -3.173923 7.550706 0.409244
v -3.672789 6.807899 1.037717
v -3.173923 7.550706 0.409244
v -3.173923 7.550706 0.409244
v -3.173923 7.550706 0.409244
v -3.672789 6.807899 1.037717
v -3.312405 7.414653 -0.302848
v -3.173923 7.550706 0.409244
v -3.173923 7.550706 0.409244
v -3.173923 7.550706 0.409244
v -3.680961 7.222939 -0.689764
v -3.173923 7.550706 0.409244
v -3.680961 7.222939 -0.689764
v -3.173923 7.550706 0.409244
v -3.312405 7.414653 -0.302848
v -3.680961 7.222939 -0.689764
v -3.884000 7.141998 -0.649019
v -3.173923 7.550706 0.409244
v -3.294594 7.312984 -0.737018
v -3.680961 7.222939 -0.689764
v -3.312405 7.414653 -0.302848
v -3.680961 7.222939 -0.689764
v -4.493253 6.647683 -2.553711
v -3.884000 7.141998 -0.649019
v -4.493253 6.647683 -2.553711
v -4.689774 6.465416 -2.492324
v -3.884000 7.141998 -0.649019
v -3.294594 7.312984 -0.737018
v -4.111642 6.546165 -2.459932
v -3.680961 7.222939 -0.689764
v -4.111642 6.546165 -2.459932
v -4.493253 6.647683 -2.553711
v -3.680961 7.222939 -0.689764
v -4.689774 6.465416 -2.492324
v -4.493253 6.647683 -2.553711
v -4.710429 6.515311 -3.782241
v -4.927089 5.607785 -3.372093
v -4.689774 6.465416 -2.492324
v -4.710429 6.515311 -3.782241
v -4.927089 5.607785 -3.372093
v -4.710429 6.515311 -3.782241
v -4.705062 6.516408 -5.272167
v -4.459179 6.440320 -3.757535
v -4.710429 6.515311 -3.782241
v -4.493253 6.647683 -2.553711
v -4.111642 6.546165 -2.459932
v -4.459179 6.440320 -3.757535
v -4.493253 6.647683 -2.553711
v -4.710429 6.515311 -3.782241
v -4.430315 6.646659 -5.156920
v -4.705062 6.516408 -5.272167
v -4.710429 6.515311 -3.782241
v -4.459179 6.440320 -3.757535
v -4.430315 6.646659 -5.156920
v -4.148384 7.052917 -6.581080
v -4.705062 6.516408 -5.272167
v -4.430315 6.646659 -5.156920
v -4.459179 6.440320 -3.757535
v -3.989150 6.480074 -5.300569
v -4.430315 6.646659 -5.156920
v -3.804615 7.221520 -6.379751
v -4.148384 7.052917 -6.581080
v -4.430315 6.646659 -5.156920
v -3.804615 7.221520 -6.379751
v -4.430315 6.646659 -5.156920
v -3.989150 6.480074 -5.300569
v -2.875390 7.585504 -8.281358
v -4.148384 7.052917 -6.581080
v -3.804615 7.221520 -6.379751
v -3.229577 7.174360 -6.298055
v -3.804615 7.221520 -6.379751
v -3.989150 6.480074 -5.300569
v -3.804615 7.221520 -6.379751
v -3.229577 7.174360 -6.298055
v -2.437666 7.666275 -7.147757
v -2.761758 7.858722 -7.805309
v -2.875390 7.585504 -8.281358
v -3.804615 7.221520 -6.379751
v -2.761758 7.858722 -7.805309
v -3.804615 7.221520 -6.379751
v -2.437666 7.666275 -7.147757
v -2.875390 7.585504 -8.281358
v -2.761758 7.858722 -7.805309
v -1.819740 7.944774 -8.377103
v -1.793583 7.829059 -8.843529
v -2.875390 7.585504 -8.281358
v -1.819740 7.944774 -8.377103
v -2.761758 7.858722 -7.805309
v -2.437666 7.666275 -7.147757
v -1.643152 7.900978 -7.675836
v -1.819740 7.944774 -8.377103
v -2.761758 7.858722 -7.805309
v -1.643152 7.900978 -7.675836
v -1.793583 7.829059 -8.843529
v -1.819740 7.944774 -8.377103
v 0.000000 8.187959 -8.596132
v 0.000000 8.076342 -9.085023
v -1.793583 7.829059 -8.843529
v 0.000000 8.187959 -8.596132
v -1.819740 7.944774 -8.377103
v -1.643152 7.900978 -7.675836
v 0.000000 8.139407 -7.934076
v 0.000000 8.187959 -8.596132
v -1.819740 7.944774 -8.377103
v 0.000000 8.139407 -7.934076
v -3.294594 7.312984 -0.737018
v -3.312405 7.414653 -0.302848
v -2.958328 7.578624 -0.175438
v -3.294594 7.312984 -0.737018
v -2.958328 7.578624 -0.175438
v -2.975783 7.370748 -0.722102
v -3.312405 7.414653 -0.302848
v -3.021378 7.556593 0.117805
v -2.958328 7.578624 -0.175438
v -2.958328 7.578624 -0.175438
v -2.683761 7.538185 -0.337613
v -2.975783 7.370748 -0.722102
v -2.975783 7.370748 -0.722102
v -2.683761 7.538185 -0.337613
v -2.009092 7.513778 0.648004
v -2.213461 7.826377 0.909062
v -2.958328 7.578624 -0.175438
v -3.021378 7.556593 0.117805
v -2.357465 7.776766 1.029928
v -2.213461 7.826377 0.909062
v -3.021378 7.556593 0.117805
v -2.027290 7.786843 0.410888
v -2.683761 7.538185 -0.337613
v -2.958328 7.578624 -0.175438
v -2.683761 7.538185 -0.337613
v -2.027290 7.786843 0.410888
v -2.009092 7.513778 0.648004
v -2.213461 7.826377 0.909062
v -2.027290 7.786843 0.410888
v -2.958328 7.578624 -0.175438
v -2.009092 7.513778 0.648004
v -2.027290 7.786843 0.410888
v -1.578882 7.663423 0.716606
v -2.213461 7.826377 0.909062
v -2.357465 7.776766 1.029928
v -1.397834 8.098799 1.343447
v -2.357465 7.776766 1.029928
v -1.310177 7.983785 1.639864
v -1.397834 8.098799 1.343447
v -1.413166 8.059725 0.889999
v -2.027290 7.786843 0.410888
v -2.213461 7.826377 0.909062
v -2.027290 7.786843 0.410888
v -1.413166 8.059725 0.889999
v -1.578882 7.663423 0.716606
v -1.397834 8.098799 1.343447
v -1.413166 8.059725 0.889999
v -2.213461 7.826377 0.909062
v -0.505245 8.143493 1.031930
v 0.000000 8.013515 1.115216
v -1.578882 7.663423 0.716606
v 0.000000 8.417679 1.503775
v -1.397834 8.098799 1.343447
v -1.310177 7.983785 1.639864
v 0.000000 8.376305 1.798211
v 0.000000 8.417679 1.503775
v -1.310177 7.983785 1.639864
v -0.505867 8.265796 1.003290
v -1.413166 8.059725 0.889999
v -1.397834 8.098799 1.343447
v 0.000000 8.417679 1.503775
v 0.000000 8.383327 1.069962
v -1.397834 8.098799 1.343447
v -0.505867 8.265796 1.003290
v 0.000000 8.383327 1.069962
v 0.000000 8.013515 1.115216
v -0.000000 4.701228 -10.541898
v -0.000000 4.701228 -10.541898
v 0.000000 5.461144 -10.249320
v 0.000000 5.477767 -10.149561
v 0.000000 5.461144 -10.249320
v 0.000000 5.986138 -10.045683
v 0.000000 7.173201 -9.499127
v 0.000000 6.575741 -9.848060
v -2.303931 6.548206 -9.420533
v -2.303931 6.548206 -9.420533
v 0.000000 6.575741 -9.848060
v 0.000000 5.986138 -10.045683
v 0.000000 7.173201 -9.499127
v -2.303931 6.548206 -9.420533
v -1.907302 7.041072 -9.170713
v -2.303931 6.548206 -9.420533
v -2.557189 7.068704 -8.763074
v -1.907302 7.041072 -9.170713
v 0.000000 5.986138 -10.045683
v 0.000000 5.461144 -10.249320
v -2.543998 6.011328 -9.638479
v -2.543998 6.011328 -9.638479
v -2.303931 6.548206 -9.420533
v 0.000000 5.986138 -10.045683
v 0.000000 5.461144 -10.249320
v -0.000000 4.701228 -10.541898
v -2.716639 5.441895 -9.696121
v 0.000000 5.461144 -10.249320
v -2.716639 5.441895 -9.696121
v -2.543998 6.011328 -9.638479
v -0.000000 4.701228 -10.541898
v -3.112909 4.666373 -9.526073
v -2.716639 5.441895 -9.696121
v -2.303931 6.548206 -9.420533
v -3.711447 6.505656 -8.592004
v -2.557189 7.068704 -8.763074
v -2.303931 6.548206 -9.420533
v -2.543998 6.011328 -9.638479
v -3.711447 6.505656 -8.592004
v -3.030082 7.279220 -8.085105
v -2.557189 7.068704 -8.763074
v -3.711447 6.505656 -8.592004
v -4.569305 6.790281 -6.794601
v -3.030082 7.279220 -8.085105
v -3.711447 6.505656 -8.592004
v -3.902762 5.999990 -8.725467
v -2.543998 6.011328 -9.638479
v -2.716639 5.441895 -9.696121
v -2.543998 6.011328 -9.638479
v -3.902762 5.999990 -8.725467
v -3.711447 6.505656 -8.592004
v -4.176063 5.351681 -8.717881
v -2.716639 5.441895 -9.696121
v -3.112909 4.666373 -9.526073
v -4.176063 5.351681 -8.717881
v -3.902762 5.999990 -8.725467
v -2.716639 5.441895 -9.696121
v -4.355987 4.456832 -8.475533
v -4.176063 5.351681 -8.717881
v -3.112909 4.666373 -9.526073
v -4.957554 5.514495 -6.501309
v -4.569305 6.790281 -6.794601
v -3.711447 6.505656 -8.592004
v -4.569305 6.790281 -6.794601
v -4.957554 5.514495 -6.501309
v -5.267251 4.921307 -4.228634
v -4.176063 5.351681 -8.717881
v -4.355987 4.456832 -8.475533
v -5.038575 4.650892 -6.800599
v -3.902762 5.999990 -8.725467
v -4.176063 5.351681 -8.717881
v -5.038575 4.650892 -6.800599
v -4.355987 4.456832 -8.475533
v -5.095220 3.903840 -6.812323
v -5.038575 4.650892 -6.800599
v -5.095220 3.903840 -6.812323
v -5.448607 3.847207 -4.376246
v -5.038575 4.650892 -6.800599
v -3.711447 6.505656 -8.592004
v -3.902762 5.999990 -8.725467
v -5.006111 5.096378 -6.666799
v -4.957554 5.514495 -6.501309
v -3.711447 6.505656 -8.592004
v -5.006111 5.096378 -6.666799
v -5.006111 5.096378 -6.666799
v -3.902762 5.999990 -8.725467
v -5.038575 4.650892 -6.800599
v -4.957554 5.514495 -6.501309
v -5.006111 5.096378 -6.666799
v -5.267251 4.921307 -4.228634
v -5.448607 3.847207 -4.376246
v -5.404574 4.083031 -4.329805
v -5.038575 4.650892 -6.800599
v -5.038575 4.650892 -6.800599
v -5.404574 4.083031 -4.329805
v -5.006111 5.096378 -6.666799
v -5.404574 4.083031 -4.329805
v -5.448607 3.847207 -4.376246
v -5.424537 3.767569 -1.826774
v -5.424537 3.767569 -1.826774
v -5.398488 4.336977 -2.818272
v -5.404574 4.083031 -4.329805
v -5.006111 5.096378 -6.666799
v -5.398532 4.449221 -4.242797
v -5.267251 4.921307 -4.228634
v -5.404574 4.083031 -4.329805
v -5.398532 4.449221 -4.242797
v -5.006111 5.096378 -6.666799
v -5.398488 4.336977 -2.818272
v -5.398532 4.449221 -4.242797
v -5.404574 4.083031 -4.329805
v -5.267251 4.921307 -4.228634
v -5.398532 4.449221 -4.242797
v -5.267251 4.921307 -4.228634
v -5.267251 4.921307 -4.228634
v -5.398532 4.449221 -4.242797
v -5.398488 4.336977 -2.818272
v -3.257743 3.380242 10.468278
v -3.268799 3.258345 10.538084
v -2.856594 3.619992 10.827266
v -5.534543 3.346545 0.068522
v -5.424537 3.767569 -1.826774
v -5.424537 3.767569 -1.826774
v -5.590026 2.565236 -2.301111
v -5.715032 2.386107 0.245671
v -5.652852 2.544834 0.254315
v -5.715032 2.386107 0.245671
v -5.557962 1.446075 0.088117
v -5.652852 2.544834 0.254315
v -0.000000 4.701228 -10.541898
v -0.000000 4.701228 -10.541898
v -3.112909 4.666373 -9.526073
v -0.000000 4.701228 -10.541898
v -3.112909 4.666373 -9.526073
v -3.112909 4.666373 -9.526073
v -0.000000 4.701228 -10.541898
v 0.000000 3.411356 -10.786544
v -3.112909 4.666373 -9.526073
v -4.355987 4.456832 -8.475533
v -3.112909 4.666373 -9.526073
v -3.112909 4.666373 -9.526073
v 0.000000 3.411356 -10.786544
v -3.150508 3.113138 -10.198585
v -3.112909 4.666373 -9.526073
v -4.355987 4.456832 -8.475533
v -3.112909 4.666373 -9.526073
v -3.150508 3.113138 -10.198585
v -4.355987 4.456832 -8.475533
v -4.355987 4.456832 -8.475533
v -3.112909 4.666373 -9.526073
v -4.479017 2.772312 -9.037440
v -4.355987 4.456832 -8.475533
v -3.150508 3.113138 -10.198585
v -4.479017 2.772312 -9.037440
v -5.345351 2.614885 -7.091196
v -4.355987 4.456832 -8.475533
v -4.355987 4.456832 -8.475533
v -4.355987 4.456832 -8.475533
v -5.095220 3.903840 -6.812323
v -5.345351 2.614885 -7.091196
v -5.095220 3.903840 -6.812323
v -4.355987 4.456832 -8.475533
v -5.095220 3.903840 -6.812323
v -4.355987 4.456832 -8.475533
v -5.095220 3.903840 -6.812323
v -5.345351 2.614885 -7.091196
v -5.582165 2.564275 -4.542634
v -5.095220 3.903840 -6.812323
v -5.095220 3.903840 -6.812323
v -5.095220 3.903840 -6.812323
v -5.448607 3.847207 -4.376246
v -5.582165 2.564275 -4.542634
v -5.448607 3.847207 -4.376246
v -5.095220 3.903840 -6.812323
v -5.448607 3.847207 -4.376246
v -5.095220 3.903840 -6.812323
v -5.448607 3.847207 -4.376246
v -5.448607 3.847207 -4.376246
v -5.448607 3.847207 -4.376246
v -5.487092 3.296409 -1.971025
v -5.424537 3.767569 -1.826774
v -5.448607 3.847207 -4.376246
v -5.487092 3.296409 -1.971025
v -5.534543 3.346545 0.068522
v -5.424537 3.767569 -1.826774
v -5.487092 3.296409 -1.971025
v -5.448607 3.847207 -4.376246
v -5.582165 2.564275 -4.542634
v -5.590026 2.565236 -2.301111
v -5.534543 3.346545 0.068522
v -5.534543 3.346545 0.068522
v -5.487092 3.296409 -1.971025
v -5.452641 2.938220 1.740584
v -5.534543 3.346545 0.068522
v -5.534543 3.346545 0.068522
v -5.487092 3.296409 -1.971025
v -5.487092 3.296409 -1.971025
v -5.448607 3.847207 -4.376246
v -5.487092 3.296409 -1.971025
v -5.487092 3.296409 -1.971025
v -5.534543 3.346545 0.068522
v -5.448607 3.847207 -4.376246
v -5.590026 2.565236 -2.301111
v -5.487092 3.296409 -1.971025
v -5.452641 2.938220 1.740584
v -5.452641 2.938220 1.740584
v -5.534543 3.346545 0.068522
v -5.590026 2.565236 -2.301111
v -5.582165 2.564275 -4.542634
v -5.627854 2.475756 -2.974149
v -5.582165 2.564275 -4.542634
v -5.613407 2.346226 -2.880783
v -5.627854 2.475756 -2.974149
v -5.715032 2.386107 0.245671
v -5.627854 2.475756 -2.974149
v -5.613407 2.346226 -2.880783
v -5.590026 2.565236 -2.301111
v -5.627854 2.475756 -2.974149
v -5.715032 2.386107 0.245671
v -5.590026 2.565236 -2.301111
v -5.715032 2.386107 0.245671
v -5.590026 2.565236 -2.301111
v -5.590026 2.565236 -2.301111
v -5.590026 2.565236 -2.301111
v -5.487092 3.296409 -1.971025
v -5.487092 3.296409 -1.971025
v -5.590026 2.565236 -2.301111
v -5.534543 3.346545 0.068522
v -5.487092 3.296409 -1.971025
v -5.534543 3.346545 0.068522
v -5.534543 3.346545 0.068522
v -5.534543 3.346545 0.068522
v -5.534543 3.346545 0.068522
v -5.452641 2.938220 1.740584
v -5.590026 2.565236 -2.301111
v -5.652852 2.544834 0.254315
v -5.534543 3.346545 0.068522
v -5.534543 3.346545 0.068522
v -5.452641 2.938220 1.740584
v -5.452641 2.938220 1.740584
v -5.452641 2.938220 1.740584
v -5.534543 3.346545 0.068522
v -5.652852 2.544834 0.254315
v -5.715032 2.386107 0.245671
v -5.452641 2.938220 1.740584
v -5.652852 2.544834 0.254315
v -5.452641 2.938220 1.740584
v -5.452641 2.938220 1.740584
v -5.220379 2.919589 4.060419
v -5.220379 2.919589 4.060419
v -5.452641 2.938220 1.740584
v -5.715032 2.386107 0.245671
v -5.452641 2.938220 1.740584
v -5.220379 2.919589 4.060419
v -5.220379 2.919589 4.060419
v -5.494972 2.233247 3.990750
v -5.220379 2.919589 4.060419
v -5.715032 2.386107 0.245671
v -5.494972 2.233247 3.990750
v -5.278862 2.217060 5.996411
v -5.220379 2.919589 4.060419
v -5.220379 2.919589 4.060419
v -5.083185 2.738056 6.011789
v -5.220379 2.919589 4.060419
v -5.278862 2.217060 5.996411
v -5.083185 2.738056 6.011789
v -5.220379 2.919589 4.060419
v -5.083185 2.738056 6.011789
v -5.083185 2.738056 6.011789
v -5.220379 2.919589 4.060419
v -5.278862 2.217060 5.996411
v -4.498514 2.332603 8.407687
v -5.083185 2.738056 6.011789
v -5.083185 2.738056 6.011789
v -4.351565 2.911883 8.382193
v -5.083185 2.738056 6.011789
v -4.498514 2.332603 8.407687
v -4.351565 2.911883 8.382193
v -5.083185 2.738056 6.011789
v -4.351565 2.911883 8.382193
v -4.351565 2.911883 8.382193
v -5.083185 2.738056 6.011789
v -4.351565 2.911883 8.382193
v -4.498514 2.332603 8.407687
v -4.029196 2.591563 9.437140
v -4.351565 2.911883 8.382193
v -3.874579 3.048549 9.503067
v -4.351565 2.911883 8.382193
v -3.874579 3.048549 9.503067
v -4.351565 2.911883 8.382193
v -4.029196 2.591563 9.437140
v -4.351565 2.911883 8.382193
v -3.874579 3.048549 9.503067
v -3.257743 3.380242 10.468278
v -3.671324 2.836867 10.108120
v -3.874579 3.048549 9.503067
v -4.029196 2.591563 9.437140
v -3.257743 3.380242 10.468278
v -3.874579 3.048549 9.503067
v -3.268799 3.258345 10.538084
v -3.671324 2.836867 10.108120
v -3.268799 3.258345 10.538084
v -3.874579 3.048549 9.503067
v 0.000000 5.954369 1.156221
v 0.000000 5.933113 1.174990
v 0.000000 5.956886 1.154728
v 0.000000 8.013515 1.115216
v -0.505245 8.143493 1.031930
v -0.505867 8.265796 1.003290
v -0.505245 8.143493 1.031930
v -1.413166 8.059725 0.889999
v -0.505867 8.265796 1.003290
v 0.000000 5.459476 -10.235847
v 0.000000 5.461144 -10.249320
v 0.000000 5.477767 -10.149561
v 0.000000 5.461144 -10.249320
v 0.000000 5.459476 -10.235847
v -0.000000 4.701228 -10.541898
v 0.000000 5.986138 -10.045683
v 0.000000 5.986839 -10.033750
v 0.000000 5.477767 -10.149561
v 1.382303 6.057079 7.280974
v 1.382303 6.057079 7.280974
v 1.475055 6.384506 6.311297
v 1.475055 6.384506 6.311297
v 1.382303 6.057079 7.280974
v 1.475055 6.384506 6.311297
v 3.030082 7.279220 -8.085105
v 3.030082 7.279220 -8.085105
v 4.507589 6.782307 -6.774650
v 4.507589 6.782307 -6.774650
v 3.030082 7.279220 -8.085105
v 4.507589 6.782307 -6.774650
v 4.507589 6.782307 -6.774650
v 4.507589 6.782307 -6.774650
v 5.267251 4.921307 -4.228634
v 4.507589 6.782307 -6.774650
v 4.507589 6.782307 -6.774650
v 5.267251 4.921307 -4.228634
v 4.507589 6.782307 -6.774650
v 5.267251 4.921307 -4.228634
v 5.267251 4.921307 -4.228634
v 5.267251 4.921307 -4.228634
v 5.398488 4.336977 -2.818272
v 5.267251 4.921307 -4.228634
v 5.398488 4.336977 -2.818272
v 5.398488 4.336977 -2.818272
v 5.267251 4.921307 -4.228634
v 5.398488 4.336977 -2.818272
v 5.562339 3.767569 -1.826774
v 5.398488 4.336977 -2.818272
v 5.562339 3.767569 -1.826774
v 5.562339 3.767569 -1.826774
v 5.398488 4.336977 -2.818272
v 0.000000 8.376305 1.798211
v 0.000000 8.270632 2.086812
v 1.310177 8.139209 1.639864
v 0.000000 8.270632 2.086812
v 2.095342 7.616354 1.803491
v 1.310177 8.139209 1.639864
v 2.095342 7.616354 1.803491
v 2.357465 7.776766 1.029928
v 1.310177 8.139209 1.639864
v 2.095342 7.616354 1.803491
v 0.000000 8.270632 2.086812
v 1.886981 7.252645 2.545335
v 0.000000 8.270632 2.086812
v 0.000000 8.167059 2.595980
v 1.886981 7.252645 2.545335
v 2.357465 7.776766 1.029928
v 2.095342 7.616354 1.803491
v 3.173923 7.550706 0.409244
v 3.021378 7.556593 0.117805
v 2.357465 7.776766 1.029928
v 3.173923 7.550706 0.409244
v 3.021378 7.556593 0.117805
v 3.173923 7.550706 0.409244
v 3.312405 7.414653 -0.302848
v 1.693198 7.062769 3.490042
v 1.886981 7.252645 2.545335
v 0.000000 8.167059 2.595980
v 0.000000 7.837731 3.738004
v 1.693198 7.062769 3.490042
v 0.000000 8.167059 2.595980
v 1.637352 6.842839 4.287804
v 1.693198 7.062769 3.490042
v 0.000000 7.837731 3.738004
v 0.000000 7.571455 4.382556
v 1.637352 6.842839 4.287804
v 0.000000 7.837731 3.738004
v 1.637352 6.842839 4.287804
v 0.000000 7.571455 4.382556
v 1.519644 6.489503 5.796221
v 0.000000 7.571455 4.382556
v 0.000000 7.040812 5.910416
v 1.519644 6.489503 5.796221
v 1.519644 6.489503 5.796221
v 0.000000 7.040812 5.910416
v 1.475055 6.384506 6.311297
v 0.000000 7.040812 5.910416
v 0.000000 6.816278 6.471848
v 1.475055 6.384506 6.311297
v 1.475055 6.384506 6.311297
v 0.000000 6.816278 6.471848
v 1.382303 6.057079 7.280974
v 0.000000 6.816278 6.471848
v 0.000000 6.495108 7.342766
v 1.382303 6.057079 7.280974
v 4.507589 6.782307 -6.774650
v 4.507589 6.782307 -6.774650
v 5.267251 4.921307 -4.228634
v 5.267251 4.921307 -4.228634
v 4.507589 6.782307 -6.774650
v 5.267251 4.921307 -4.228634
v 5.267251 4.921307 -4.228634
v 5.267251 4.921307 -4.228634
v 5.394649 4.317914 -1.489374
v 5.394649 4.317914 -1.489374
v 5.267251 4.921307 -4.228634
v 5.394649 4.317914 -1.489374
v 5.368164 4.668938 0.109616
v 5.394649 4.317914 -1.489374
v 5.394649 4.317914 -1.489374
v 5.368164 4.668938 0.109616
v 5.368164 4.668938 0.109616
v 5.394649 4.317914 -1.489374
v 5.368164 4.668938 0.109616
v 5.368164 4.668938 0.109616
v 5.087011 4.716795 1.975303
v 5.087011 4.716795 1.975303
v 5.368164 4.668938 0.109616
v 5.087011 4.716795 1.975303
v 5.087011 4.716795 1.975303
v 5.087011 4.716795 1.975303
v 4.687773 4.835124 3.621269
v 4.687773 4.835124 3.621269
v 5.087011 4.716795 1.975303
v 4.687773 4.835124 3.621269
v 4.687773 4.835124 3.621269
v 4.687773 4.835124 3.621269
v 5.087011 4.716795 1.975303
v 4.687773 4.835124 3.621269
v 4.160726 4.873833 4.911270
v 4.687773 4.835124 3.621269
v 4.160726 4.873833 4.911270
v 4.160726 4.873833 4.911270
v 4.687773 4.835124 3.621269
v 4.160726 4.873833 4.911270
v 4.160726 4.873833 4.911270
v 3.656952 5.488550 5.630744
v 4.160726 4.873833 4.911270
v 3.656952 5.488550 5.630744
v 3.656952 5.488550 5.630744
v 3.656952 5.488550 5.630744
v 3.070880 5.825820 5.903179
v 3.656952 5.488550 5.630744
v 3.070880 5.825820 5.903179
v 3.070880 5.825820 5.903179
v 3.656952 5.488550 5.630744
v 3.070880 5.825820 5.903179
v 1.475055 6.384506 6.311297
v 3.070880 5.825820 5.903179
v 1.907302 7.041072 -9.170713
v 0.000000 7.173201 -9.499127
v 0.000000 8.076342 -9.085023
v 1.793583 7.829059 -8.843529
v 1.907302 7.041072 -9.170713
v 0.000000 8.076342 -9.085023
v 2.557189 7.068704 -8.763074
v 1.907302 7.041072 -9.170713
v 1.793583 7.829059 -8.843529
v 3.030082 7.279220 -8.085105
v 2.557189 7.068704 -8.763074
v 1.793583 7.829059 -8.843529
v 2.875390 7.585504 -8.281358
v 3.030082 7.279220 -8.085105
v 1.793583 7.829059 -8.843529
v 3.030082 7.279220 -8.085105
v 2.875390 7.585504 -8.281358
v 4.148384 7.052917 -6.581080
v 4.507589 6.782307 -6.774650
v 3.030082 7.279220 -8.085105
v 4.148384 7.052917 -6.581080
v 4.148384 7.052917 -6.581080
v 4.705062 6.516408 -5.272167
v 4.507589 6.782307 -6.774650
v 4.705062 6.516408 -5.272167
v 5.267251 4.921307 -4.228634
v 4.507589 6.782307 -6.774650
v 4.927089 5.607785 -3.372093
v 5.267251 4.921307 -4.228634
v 4.705062 6.516408 -5.272167
v 5.203527 4.960943 -1.936723
v 5.267251 4.921307 -4.228634
v 4.927089 5.607785 -3.372093
v 5.203527 4.960943 -1.936723
v 5.394649 4.317914 -1.489374
v 5.267251 4.921307 -4.228634
v 4.689774 6.465416 -2.492324
v 5.203527 4.960943 -1.936723
v 4.927089 5.607785 -3.372093
v 5.394649 4.317914 -1.489374
v 5.203527 4.960943 -1.936723
v 5.277668 5.074428 0.027284
v 5.368164 4.668938 0.109616
v 5.394649 4.317914 -1.489374
v 5.277668 5.074428 0.027284
v 5.203527 4.960943 -1.936723
v 4.689774 6.465416 -2.492324
v 4.449863 6.360989 -0.067037
v 4.689774 6.465416 -2.492324
v 3.884000 7.141998 -0.649019
v 4.449863 6.360989 -0.067037
v 3.884000 7.141998 -0.649019
v 3.173923 7.550706 0.409244
v 4.449863 6.360989 -0.067037
v 3.173923 7.550706 0.409244
v 3.672789 6.807899 1.037717
v 4.449863 6.360989 -0.067037
v 5.203527 4.960943 -1.936723
v 5.053571 5.456754 0.008793
v 5.277668 5.074428 0.027284
v 5.053571 5.456754 0.008793
v 5.203527 4.960943 -1.936723
v 4.449863 6.360989 -0.067037
v 5.277668 5.074428 0.027284
v 4.757693 5.157863 2.089562
v 5.368164 4.668938 0.109616
v 5.277668 5.074428 0.027284
v 5.053571 5.456754 0.008793
v 4.757693 5.157863 2.089562
v 4.757693 5.157863 2.089562
v 5.087011 4.716795 1.975303
v 5.368164 4.668938 0.109616
v 4.757693 5.157863 2.089562
v 4.687773 4.835124 3.621269
v 5.087011 4.716795 1.975303
v 4.449863 6.360989 -0.067037
v 3.903557 6.260644 1.975864
v 5.053571 5.456754 0.008793
v 3.903557 6.260644 1.975864
v 4.449863 6.360989 -0.067037
v 3.672789 6.807899 1.037717
v 5.053571 5.456754 0.008793
v 3.903557 6.260644 1.975864
v 4.757693 5.157863 2.089562
v 2.095342 7.616354 1.803491
v 3.903557 6.260644 1.975864
v 3.672789 6.807899 1.037717
v 1.886981 7.252645 2.545335
v 1.693198 7.062769 3.490042
v 3.903557 6.260644 1.975864
v 1.637352 6.842839 4.287804
v 3.903557 6.260644 1.975864
v 1.693198 7.062769 3.490042
v 3.632029 5.734737 4.105982
v 4.687773 4.835124 3.621269
v 4.757693 5.157863 2.089562
v 3.903557 6.260644 1.975864
v 3.632029 5.734737 4.105982
v 4.757693 5.157863 2.089562
v 3.632029 5.734737 4.105982
v 3.903557 6.260644 1.975864
v 1.637352 6.842839 4.287804
v 4.160726 4.873833 4.911270
v 4.687773 4.835124 3.621269
v 3.632029 5.734737 4.105982
v 3.632029 5.734737 4.105982
v 3.656952 5.488550 5.630744
v 4.160726 4.873833 4.911270
v 1.637352 6.842839 4.287804
v 2.734622 6.152204 5.243982
v 3.632029 5.734737 4.105982
v 3.632029 5.734737 4.105982
v 3.070880 5.825820 5.903179
v 3.656952 5.488550 5.630744
v 3.632029 5.734737 4.105982
v 2.734622 6.152204 5.243982
v 3.070880 5.825820 5.903179
v 2.734622 6.152204 5.243982
v 1.519644 6.489503 5.796221
v 3.070880 5.825820 5.903179
v 1.519644 6.489503 5.796221
v 1.475055 6.384506 6.311297
v 3.070880 5.825820 5.903179
v 1.886981 7.252645 2.545335
v 1.693198 7.062769 3.490042
v 1.693198 7.062769 3.490042
v 1.693198 7.062769 3.490042
v 1.637352 6.842839 4.287804
v 1.693198 7.062769 3.490042
v 1.637352 6.842839 4.287804
v 1.637352 6.842839 4.287804
v 1.693198 7.062769 3.490042
v 1.637352 6.842839 4.287804
v 1.637352 6.842839 4.287804
v 2.734622 6.152204 5.243982
v 1.637352 6.842839 4.287804
v 1.519644 6.489503 5.796221
v 2.734622 6.152204 5.243982
v 2.734622 6.152204 5.243982
v 1.519644 6.489503 5.796221
v 1.519644 6.489503 5.796221
v 1.519644 6.489503 5.796221
v 1.519644 6.489503 5.796221
v 1.475055 6.384506 6.311297
v 1.475055 6.384506 6.311297
v 1.519644 6.489503 5.796221
v 1.475055 6.384506 6.311297
v 5.300513 3.896141 2.112907
v 4.687773 4.835124 3.621269
v 4.687773 4.835124 3.621269
v 5.300513 3.896141 2.112907
v 5.300513 3.896141 2.112907
v 4.687773 4.835124 3.621269
v 5.452641 2.938220 1.740584
v 5.300513 3.896141 2.112907
v 5.300513 3.896141 2.112907
v 5.452641 2.938220 1.740584
v 5.452641 2.938220 1.740584
v 5.300513 3.896141 2.112907
v 5.300513 3.896141 2.112907
v 5.452641 2.938220 1.740584
v 5.452641 2.938220 1.740584
v 5.452641 2.938220 1.740584
v 5.300513 3.896141 2.112907
v 5.220379 2.919589 4.060419
v 5.300513 3.896141 2.112907
v 5.064525 3.809713 4.672490
v 5.220379 2.919589 4.060419
v 5.300513 3.896141 2.112907
v 4.687773 4.835124 3.621269
v 5.064525 3.809713 4.672490
v 5.220379 2.919589 4.060419
v 5.064525 3.809713 4.672490
v 5.083185 2.738056 6.011789
v 5.064525 3.809713 4.672490
v 4.687773 4.835124 3.621269
v 4.735828 4.040933 5.135980
v 5.064525 3.809713 4.672490
v 4.959150 3.167179 6.176847
v 5.083185 2.738056 6.011789
v 4.160726 4.873833 4.911270
v 4.735828 4.040933 5.135980
v 4.687773 4.835124 3.621269
v 5.083185 2.738056 6.011789
v 4.959150 3.167179 6.176847
v 4.351565 2.911883 8.382193
v 4.735828 4.040933 5.135980
v 4.160726 4.873833 4.911270
v 4.488179 4.229867 5.794466
v 4.959150 3.167179 6.176847
v 4.314835 3.555307 8.327374
v 4.351565 2.911883 8.382193
v 4.488179 4.229867 5.794466
v 4.160726 4.873833 4.911270
v 3.656952 5.488550 5.630744
v 4.351565 2.911883 8.382193
v 4.314835 3.555307 8.327374
v 3.987351 3.663792 9.165882
v 3.983497 4.861374 6.076749
v 4.488179 4.229867 5.794466
v 3.656952 5.488550 5.630744
v 3.257743 3.380242 10.468278
v 4.351565 2.911883 8.382193
v 3.987351 3.663792 9.165882
v 3.656952 5.488550 5.630744
v 3.546910 5.140013 6.359611
v 3.983497 4.861374 6.076749
v 3.546910 5.140013 6.359611
v 3.656952 5.488550 5.630744
v 3.070880 5.825820 5.903179
v 3.070880 5.825820 5.903179
v 3.329032 5.160128 6.936773
v 3.546910 5.140013 6.359611
v 3.257743 3.380242 10.468278
v 3.987351 3.663792 9.165882
v 3.325589 3.869394 10.408876
v 3.325589 3.869394 10.408876
v 3.987351 3.663792 9.165882
v 3.487777 4.007622 9.904563
v 3.257743 3.380242 10.468278
v 3.325589 3.869394 10.408876
v 2.856594 3.619992 10.827266
v 3.201392 4.311549 10.261972
v 3.325589 3.869394 10.408876
v 3.487777 4.007622 9.904563
v 2.856594 3.619992 10.827266
v 3.325589 3.869394 10.408876
v 2.286697 3.864112 11.211990
v 3.201392 4.311549 10.261972
v 2.175431 4.547773 11.166899
v 3.325589 3.869394 10.408876
v 3.325589 3.869394 10.408876
v 2.175431 4.547773 11.166899
v 2.286697 3.864112 11.211990
v 2.175431 4.547773 11.166899
v 3.201392 4.311549 10.261972
v 2.226269 4.760007 10.642958
v 2.175431 4.547773 11.166899
v 1.268704 4.514248 11.711727
v 2.286697 3.864112 11.211990
v 1.120212 4.921592 11.477165
v 2.175431 4.547773 11.166899
v 2.226269 4.760007 10.642958
v 1.268704 4.514248 11.711727
v 2.175431 4.547773 11.166899
v 1.120212 4.921592 11.477165
v 1.101074 5.023008 10.812792
v 1.120212 4.921592 11.477165
v 2.226269 4.760007 10.642958
v 1.101074 5.023008 10.812792
v 0.000000 5.244888 10.624077
v 1.120212 4.921592 11.477165
v 1.120212 4.921592 11.477165
v 0.000000 5.008542 11.461015
v 1.268704 4.514248 11.711727
v 0.000000 5.244888 10.624077
v 0.000000 5.008542 11.461015
v 1.120212 4.921592 11.477165
v 0.000000 5.008542 11.461015
v 0.000000 4.544851 11.875120
v 1.268704 4.514248 11.711727
v 0.000000 6.199394 8.120889
v 0.000000 5.812460 9.014625
v 1.090032 5.126379 9.411917
v 0.000000 6.199394 8.120889
v 1.214357 5.545700 8.376809
v 0.000000 6.495108 7.342766
v 1.214357 5.545700 8.376809
v 0.000000 6.199394 8.120889
v 1.090032 5.126379 9.411917
v 2.129021 5.167007 8.584088
v 1.214357 5.545700 8.376809
v 1.090032 5.126379 9.411917
v 1.214357 5.545700 8.376809
v 1.382303 6.057079 7.280974
v 0.000000 6.495108 7.342766
v 2.129021 5.167007 8.584088
v 1.382303 6.057079 7.280974
v 1.214357 5.545700 8.376809
v 1.382303 6.057079 7.280974
v 2.129021 5.167007 8.584088
v 2.632845 5.265742 7.875764
v 1.382303 6.057079 7.280974
v 2.632845 5.265742 7.875764
v 2.606691 5.437317 7.147648
v 1.382303 6.057079 7.280974
v 2.606691 5.437317 7.147648
v 1.475055 6.384506 6.311297
v 2.606691 5.437317 7.147648
v 3.070880 5.825820 5.903179
v 1.475055 6.384506 6.311297
v 3.070880 5.825820 5.903179
v 2.606691 5.437317 7.147648
v 3.329032 5.160128 6.936773
v 2.632845 5.265742 7.875764
v 3.329032 5.160128 6.936773
v 2.606691 5.437317 7.147648
v 4.735828 4.040933 5.135980
v 5.064525 3.809713 4.672490
v 5.064525 3.809713 4.672490
v 4.735828 4.040933 5.135980
v 4.735828 4.040933 5.135980
v 5.064525 3.809713 4.672490
v 4.488179 4.229867 5.794466
v 4.735828 4.040933 5.135980
v 4.735828 4.040933 5.135980
v 4.488179 4.229867 5.794466
v 4.488179 4.229867 5.794466
v 4.735828 4.040933 5.135980
v 4.488179 4.229867 5.794466
v 4.488179 4.229867 5.794466
v 3.983497 4.861374 6.076749
v 3.983497 4.861374 6.076749
v 4.488179 4.229867 5.794466
v 3.983497 4.861374 6.076749
v 3.546910 5.140013 6.359611
v 3.983497 4.861374 6.076749
v 3.983497 4.861374 6.076749
v 3.546910 5.140013 6.359611
v 3.546910 5.140013 6.359611
v 3.983497 4.861374 6.076749
v 3.546910 5.140013 6.359611
v 3.546910 5.140013 6.359611
v 3.329032 5.160128 6.936773
v 3.329032 5.160128 6.936773
v 3.546910 5.140013 6.359611
v 3.329032 5.160128 6.936773
v 3.329032 5.160128 6.936773
v 3.329032 5.160128 6.936773
v 2.632845 5.265742 7.875764
v 2.632845 5.265742 7.875764
v 3.329032 5.160128 6.936773
v 2.632845 5.265742 7.875764
v 2.129021 5.167007 8.584088
v 2.632845 5.265742 7.875764
v 2.632845 5.265742 7.875764
v 2.129021 5.167007 8.584088
v 2.129021 5.167007 8.584088
v 2.632845 5.265742 7.875764
v 1.090032 5.126379 9.411917
v 2.129021 5.167007 8.584088
v 2.129021 5.167007 8.584088
v 1.090032 5.126379 9.411917
v 1.090032 5.126379 9.411917
v 2.129021 5.167007 8.584088
v 1.090032 5.126379 9.411917
v 1.090032 5.126379 9.411917
v 0.000000 5.812460 9.014625
v 0.000000 5.812460 9.014625
v 1.090032 5.126379 9.411917
v 0.000000 5.812460 9.014625
v 5.064525 3.809713 4.672490
v 4.959150 3.167179 6.176847
v 5.064525 3.809713 4.672490
v 4.959150 3.167179 6.176847
v 4.959150 3.167179 6.176847
v 5.064525 3.809713 4.672490
v 4.959150 3.167179 6.176847
v 4.314835 3.555307 8.327374
v 4.959150 3.167179 6.176847
v 4.314835 3.555307 8.327374
v 4.314835 3.555307 8.327374
v 4.959150 3.167179 6.176847
v 4.314835 3.555307 8.327374
v 3.987351 3.663792 9.165882
v 4.314835 3.555307 8.327374
v 3.987351 3.663792 9.165882
v 3.987351 3.663792 9.165882
v 4.314835 3.555307 8.327374
v 3.987351 3.663792 9.165882
v 3.487777 4.007622 9.904563
v 3.987351 3.663792 9.165882
v 3.487777 4.007622 9.904563
v 3.487777 4.007622 9.904563
v 3.987351 3.663792 9.165882
v 3.487777 4.007622 9.904563
v 3.201392 4.311549 10.261972
v 3.487777 4.007622 9.904563
v 3.201392 4.311549 10.261972
v 3.201392 4.311549 10.261972
v 3.487777 4.007622 9.904563
v 3.201392 4.311549 10.261972
v 2.226269 4.760007 10.642958
v 3.201392 4.311549 10.261972
v 2.226269 4.760007 10.642958
v 2.226269 4.760007 10.642958
v 3.201392 4.311549 10.261972
v 2.226269 4.760007 10.642958
v 2.226269 4.760007 10.642958
v 1.101074 5.023008 10.812792
v 2.226269 4.760007 10.642958
v 1.101074 5.023008 10.812792
v 1.101074 5.023008 10.812792
v 1.101074 5.023008 10.812792
v 1.101074 5.023008 10.812792
v 0.000000 5.244888 10.624077
v 1.101074 5.023008 10.812792
v 0.000000 5.244888 10.624077
v 0.000000 5.244888 10.624077
v 0.000000 6.495108 7.342766
v 0.000000 6.495108 7.342766
v 1.382303 6.057079 7.280974
v 1.382303 6.057079 7.280974
v 0.000000 6.495108 7.342766
v 1.382303 6.057079 7.280974
v 5.267251 4.921307 -4.228634
v 4.507589 6.782307 -6.774650
v 5.267251 4.921307 -4.228634
v 5.398488 4.336977 -2.818272
v 5.267251 4.921307 -4.228634
v 5.267251 4.921307 -4.228634
v 5.394649 4.317914 -1.489374
v 5.398488 4.336977 -2.818272
v 5.267251 4.921307 -4.228634
v 5.394649 4.317914 -1.489374
v 5.562339 3.767569 -1.826774
v 5.398488 4.336977 -2.818272
v 5.562339 3.767569 -1.826774
v 5.394649 4.317914 -1.489374
v 5.368164 4.668938 0.109616
v 5.534543 3.346545 0.068522
v 5.562339 3.767569 -1.826774
v 5.368164 4.668938 0.109616
v 5.368164 4.668938 0.109616
v 5.087011 4.716795 1.975303
v 5.534543 3.346545 0.068522
v 5.087011 4.716795 1.975303
v 5.300513 3.896141 2.112907
v 5.534543 3.346545 0.068522
v 5.087011 4.716795 1.975303
v 4.687773 4.835124 3.621269
v 5.300513 3.896141 2.112907
v 5.534543 3.346545 0.068522
v 5.300513 3.896141 2.112907
v 5.452641 2.938220 1.740584
v 0.000000 7.173201 -9.499127
v 0.000000 7.173201 -9.499127
v 1.907302 7.041072 -9.170713
v 1.907302 7.041072 -9.170713
v 0.000000 7.173201 -9.499127
v 1.907302 7.041072 -9.170713
v 2.557189 7.068704 -8.763074
v 1.907302 7.041072 -9.170713
v 1.907302 7.041072 -9.170713
v 2.557189 7.068704 -8.763074
v 2.557189 7.068704 -8.763074
v 1.907302 7.041072 -9.170713
v 2.557189 7.068704 -8.763074
v 2.557189 7.068704 -8.763074
v 3.030082 7.279220 -8.085105
v 3.030082 7.279220 -8.085105
v 2.557189 7.068704 -8.763074
v 3.030082 7.279220 -8.085105
v 4.959150 3.167179 6.176847
v 5.064525 3.809713 4.672490
v 4.735828 4.040933 5.135980
v 4.605299 3.817001 6.386018
v 4.959150 3.167179 6.176847
v 4.735828 4.040933 5.135980
v 4.314835 3.555307 8.327374
v 4.959150 3.167179 6.176847
v 4.605299 3.817001 6.386018
v 4.605299 3.817001 6.386018
v 4.735828 4.040933 5.135980
v 4.488179 4.229867 5.794466
v 3.937900 4.589332 8.148825
v 4.314835 3.555307 8.327374
v 4.605299 3.817001 6.386018
v 3.987351 3.663792 9.165882
v 4.314835 3.555307 8.327374
v 3.937900 4.589332 8.148825
v 3.487777 4.007622 9.904563
v 3.987351 3.663792 9.165882
v 3.937900 4.589332 8.148825
v 3.487777 4.007622 9.904563
v 3.937900 4.589332 8.148825
v 3.201392 4.311549 10.261972
v 4.143014 4.565863 6.632867
v 4.605299 3.817001 6.386018
v 4.488179 4.229867 5.794466
v 4.488179 4.229867 5.794466
v 3.983497 4.861374 6.076749
v 4.143014 4.565863 6.632867
v 3.983497 4.861374 6.076749
v 3.546910 5.140013 6.359611
v 4.143014 4.565863 6.632867
v 3.546910 5.140013 6.359611
v 3.329032 5.160128 6.936773
v 4.143014 4.565863 6.632867
v 4.143014 4.565863 6.632867
v 3.542109 4.888296 7.850890
v 4.605299 3.817001 6.386018
v 4.143014 4.565863 6.632867
v 3.329032 5.160128 6.936773
v 3.542109 4.888296 7.850890
v 3.542109 4.888296 7.850890
v 3.937900 4.589332 8.148825
v 4.605299 3.817001 6.386018
v 2.857711 4.608750 9.859112
v 3.201392 4.311549 10.261972
v 3.937900 4.589332 8.148825
v 3.542109 4.888296 7.850890
v 2.857711 4.608750 9.859112
v 3.937900 4.589332 8.148825
v 2.226269 4.760007 10.642958
v 3.201392 4.311549 10.261972
v 2.857711 4.608750 9.859112
v 3.109287 5.050633 7.879784
v 2.234520 4.844480 9.655256
v 3.542109 4.888296 7.850890
v 2.234520 4.844480 9.655256
v 2.857711 4.608750 9.859112
v 3.542109 4.888296 7.850890
v 2.857711 4.608750 9.859112
v 2.234520 4.844480 9.655256
v 2.226269 4.760007 10.642958
v 3.109287 5.050633 7.879784
v 3.329032 5.160128 6.936773
v 2.632845 5.265742 7.875764
v 2.234520 4.844480 9.655256
v 2.632845 5.265742 7.875764
v 2.129021 5.167007 8.584088
v 2.129021 5.167007 8.584088
v 1.090032 5.126379 9.411917
v 2.234520 4.844480 9.655256
v 2.234520 4.844480 9.655256
v 1.101074 5.023008 10.812792
v 2.226269 4.760007 10.642958
v 2.234520 4.844480 9.655256
v 1.090032 5.126379 9.411917
v 1.101074 5.023008 10.812792
v 1.101074 5.023008 10.812792
v 1.090032 5.126379 9.411917
v 0.000000 5.812460 9.014625
v 0.000000 5.244888 10.624077
v 1.101074 5.023008 10.812792
v 0.000000 5.812460 9.014625
v 1.886981 7.252645 2.545335
v 2.095342 7.616354 1.803491
v 1.886981 7.252645 2.545335
v 2.095342 7.616354 1.803491
v 2.095342 7.616354 1.803491
v 1.693198 7.062769 3.490042
v 2.095342 7.616354 1.803491
v 2.095342 7.616354 1.803491
v 1.886981 7.252645 2.545335
v 3.672789 6.807899 1.037717
v 2.095342 7.616354 1.803491
v 2.095342 7.616354 1.803491
v 2.095342 7.616354 1.803491
v 3.672789 6.807899 1.037717
v 2.095342 7.616354 1.803491
v 3.672789 6.807899 1.037717
v 3.672789 6.807899 1.037717
v 2.095342 7.616354 1.803491
v 3.672789 6.807899 1.037717
v 3.173923 7.550706 0.409244
v 2.095342 7.616354 1.803491
v 3.173923 7.550706 0.409244
v 3.672789 6.807899 1.037717
v 3.672789 6.807899 1.037717
v 3.672789 6.807899 1.037717
v 3.173923 7.550706 0.409244
v 3.173923 7.550706 0.409244
v 3.173923 7.550706 0.409244
v 3.173923 7.550706 0.409244
v 3.672789 6.807899 1.037717
v 3.173923 7.550706 0.409244
v 3.312405 7.414653 -0.302848
v 3.173923 7.550706 0.409244
v 3.680961 7.222939 -0.689764
v 3.173923 7.550706 0.409244
v 3.173923 7.550706 0.409244
v 3.173923 7.550706 0.409244
v 3.680961 7.222939 -0.689764
v 3.312405 7.414653 -0.302848
v 3.884000 7.141998 -0.649019
v 3.680961 7.222939 -0.689764
v 3.173923 7.550706 0.409244
v 3.680961 7.222939 -0.689764
v 3.294594 7.312984 -0.737018
v 3.312405 7.414653 -0.302848
v 4.493253 6.647683 -2.553711
v 3.680961 7.222939 -0.689764
v 3.884000 7.141998 -0.649019
v 4.689774 6.465416 -2.492324
v 4.493253 6.647683 -2.553711
v 3.884000 7.141998 -0.649019
v 4.111642 6.546165 -2.459932
v 3.294594 7.312984 -0.737018
v 3.680961 7.222939 -0.689764
v 4.493253 6.647683 -2.553711
v 4.111642 6.546165 -2.459932
v 3.680961 7.222939 -0.689764
v 4.493253 6.647683 -2.553711
v 4.689774 6.465416 -2.492324
v 4.710429 6.515311 -3.782241
v 4.689774 6.465416 -2.492324
v 4.927089 5.607785 -3.372093
v 4.710429 6.515311 -3.782241
v 4.710429 6.515311 -3.782241
v 4.927089 5.607785 -3.372093
v 4.705062 6.516408 -5.272167
v 4.710429 6.515311 -3.782241
v 4.459179 6.440320 -3.757535
v 4.493253 6.647683 -2.553711
v 4.459179 6.440320 -3.757535
v 4.111642 6.546165 -2.459932
v 4.493253 6.647683 -2.553711
v 4.430315 6.646659 -5.156920
v 4.710429 6.515311 -3.782241
v 4.705062 6.516408 -5.272167
v 4.459179 6.440320 -3.757535
v 4.710429 6.515311 -3.782241
v 4.430315 6.646659 -5.156920
v 4.705062 6.516408 -5.272167
v 4.148384 7.052917 -6.581080
v 4.430315 6.646659 -5.156920
v 3.989150 6.480074 -5.300569
v 4.459179 6.440320 -3.757535
v 4.430315 6.646659 -5.156920
v 4.148384 7.052917 -6.581080
v 3.804615 7.221520 -6.379751
v 4.430315 6.646659 -5.156920
v 4.430315 6.646659 -5.156920
v 3.804615 7.221520 -6.379751
v 3.989150 6.480074 -5.300569
v 4.148384 7.052917 -6.581080
v 2.875390 7.585504 -8.281358
v 3.804615 7.221520 -6.379751
v 3.804615 7.221520 -6.379751
v 3.229577 7.174360 -6.298055
v 3.989150 6.480074 -5.300569
v 3.229577 7.174360 -6.298055
v 3.804615 7.221520 -6.379751
v 2.437666 7.666275 -7.147757
v 2.875390 7.585504 -8.281358
v 2.761758 7.858722 -7.805309
v 3.804615 7.221520 -6.379751
v 3.804615 7.221520 -6.379751
v 2.761758 7.858722 -7.805309
v 2.437666 7.666275 -7.147757
v 2.761758 7.858722 -7.805309
v 2.875390 7.585504 -8.281358
v 1.819740 7.944774 -8.377103
v 2.875390 7.585504 -8.281358
v 1.793583 7.829059 -8.843529
v 1.819740 7.944774 -8.377103
v 2.437666 7.666275 -7.147757
v 2.761758 7.858722 -7.805309
v 1.643152 7.900978 -7.675836
v 2.761758 7.858722 -7.805309
v 1.819740 7.944774 -8.377103
v 1.643152 7.900978 -7.675836
v 1.819740 7.944774 -8.377103
v 1.793583 7.829059 -8.843529
v 0.000000 8.187959 -8.596132
v 1.793583 7.829059 -8.843529
v 0.000000 8.076342 -9.085023
v 0.000000 8.187959 -8.596132
v 1.643152 7.900978 -7.675836
v 1.819740 7.944774 -8.377103
v 0.000000 8.139407 -7.934076
v 1.819740 7.944774 -8.377103
v 0.000000 8.187959 -8.596132
v 0.000000 8.139407 -7.934076
v 3.312405 7.414653 -0.302848
v 3.294594 7.312984 -0.737018
v 2.958328 7.578624 -0.175438
v 2.958328 7.578624 -0.175438
v 3.294594 7.312984 -0.737018
v 2.975783 7.370748 -0.722102
v 3.021378 7.556593 0.117805
v 3.312405 7.414653 -0.302848
v 2.958328 7.578624 -0.175438
v 2.683761 7.538185 -0.337613
v 2.958328 7.578624 -0.175438
v 2.975783 7.370748 -0.722102
v 2.683761 7.538185 -0.337613
v 2.975783 7.370748 -0.722102
v 2.009092 7.513778 0.648004
v 2.958328 7.578624 -0.175438
v 2.213461 7.826377 0.909062
v 3.021378 7.556593 0.117805
v 2.213461 7.826377 0.909062
v 2.357465 7.776766 1.029928
v 3.021378 7.556593 0.117805
v 2.683761 7.538185 -0.337613
v 2.027290 7.786843 0.410888
v 2.958328 7.578624 -0.175438
v 2.027290 7.786843 0.410888
v 2.683761 7.538185 -0.337613
v 2.009092 7.513778 0.648004
v 2.027290 7.786843 0.410888
v 2.213461 7.826377 0.909062
v 2.958328 7.578624 -0.175438
v 2.027290 7.786843 0.410888
v 2.009092 7.513778 0.648004
v 1.578882 7.663423 0.716606
v 2.357465 7.776766 1.029928
v 2.213461 7.826377 0.909062
v 1.397834 8.098799 1.343447
v 1.310177 8.139209 1.639864
v 2.357465 7.776766 1.029928
v 1.397834 8.098799 1.343447
v 2.027290 7.786843 0.410888
v 1.413166 8.059725 0.889999
v 2.213461 7.826377 0.909062
v 1.413166 8.059725 0.889999
v 2.027290 7.786843 0.410888
v 1.578882 7.663423 0.716606
v 1.413166 8.059725 0.889999
v 1.397834 8.098799 1.343447
v 2.213461 7.826377 0.909062
v 0.506001 8.143681 1.031809
v 1.413166 8.059725 0.889999
v 1.578882 7.663423 0.716606
v 1.397834 8.098799 1.343447
v 0.000000 8.417679 1.503775
v 1.310177 8.139209 1.639864
v 0.000000 8.417679 1.503775
v 0.000000 8.376305 1.798211
v 1.310177 8.139209 1.639864
v 0.506266 8.265704 1.003239
v 0.000000 8.383327 1.069962
v 1.397834 8.098799 1.343447
v 0.000000 8.383327 1.069962
v 0.000000 8.417679 1.503775
v 1.397834 8.098799 1.343447
v 0.000000 8.383327 1.069962
v 0.506266 8.265704 1.003239
v 0.000000 8.013515 1.115216
v -0.000000 4.701228 -10.541898
v -0.000000 4.701228 -10.541898
v 0.000000 5.461144 -10.249320
v 0.000000 5.461144 -10.249320
v 0.000000 5.477767 -10.149561
v 0.000000 5.986138 -10.045683
v 0.000000 6.575741 -9.848060
v 0.000000 7.173201 -9.499127
v 2.303931 6.548206 -9.420533
v 0.000000 6.575741 -9.848060
v 2.303931 6.548206 -9.420533
v 0.000000 5.986138 -10.045683
v 2.303931 6.548206 -9.420533
v 0.000000 7.173201 -9.499127
v 1.907302 7.041072 -9.170713
v 2.557189 7.068704 -8.763074
v 2.303931 6.548206 -9.420533
v 1.907302 7.041072 -9.170713
v 0.000000 5.461144 -10.249320
v 0.000000 5.986138 -10.045683
v 2.543998 6.011328 -9.638479
v 2.303931 6.548206 -9.420533
v 2.543998 6.011328 -9.638479
v 0.000000 5.986138 -10.045683
v -0.000000 4.701228 -10.541898
v 0.000000 5.461144 -10.249320
v 2.716639 5.441895 -9.696121
v 2.716639 5.441895 -9.696121
v 0.000000 5.461144 -10.249320
v 2.543998 6.011328 -9.638479
v 3.112909 4.666373 -9.526073
v -0.000000 4.701228 -10.541898
v 2.716639 5.441895 -9.696121
v 3.711447 6.505656 -8.592004
v 2.303931 6.548206 -9.420533
v 2.557189 7.068704 -8.763074
v 2.543998 6.011328 -9.638479
v 2.303931 6.548206 -9.420533
v 3.711447 6.505656 -8.592004
v 2.557189 7.068704 -8.763074
v 3.030082 7.279220 -8.085105
v 3.711447 6.505656 -8.592004
v 3.030082 7.279220 -8.085105
v 4.507589 6.782307 -6.774650
v 3.711447 6.505656 -8.592004
v 2.543998 6.011328 -9.638479
v 3.902762 5.999990 -8.725467
v 2.716639 5.441895 -9.696121
v 3.902762 5.999990 -8.725467
v 2.543998 6.011328 -9.638479
v 3.711447 6.505656 -8.592004
v 2.716639 5.441895 -9.696121
v 4.176063 5.351681 -8.717881
v 3.112909 4.666373 -9.526073
v 3.902762 5.999990 -8.725467
v 4.176063 5.351681 -8.717881
v 2.716639 5.441895 -9.696121
v 4.176063 5.351681 -8.717881
v 4.355987 4.456832 -8.475533
v 3.112909 4.666373 -9.526073
v 4.507589 6.782307 -6.774650
v 4.957554 5.514495 -6.501309
v 3.711447 6.505656 -8.592004
v 4.957554 5.514495 -6.501309
v 4.507589 6.782307 -6.774650
v 5.267251 4.921307 -4.228634
v 4.355987 4.456832 -8.475533
v 4.176063 5.351681 -8.717881
v 5.038575 4.650892 -6.800599
v 4.176063 5.351681 -8.717881
v 3.902762 5.999990 -8.725467
v 5.038575 4.650892 -6.800599
v 5.095220 3.903840 -6.812323
v 4.355987 4.456832 -8.475533
v 5.038575 4.650892 -6.800599
v 5.448607 3.847207 -4.376246
v 5.095220 3.903840 -6.812323
v 5.038575 4.650892 -6.800599
v 3.902762 5.999990 -8.725467
v 3.711447 6.505656 -8.592004
v 5.006111 5.096378 -6.666799
v 3.711447 6.505656 -8.592004
v 4.957554 5.514495 -6.501309
v 5.006111 5.096378 -6.666799
v 3.902762 5.999990 -8.725467
v 5.006111 5.096378 -6.666799
v 5.038575 4.650892 -6.800599
v 5.006111 5.096378 -6.666799
v 4.957554 5.514495 -6.501309
v 5.267251 4.921307 -4.228634
v 5.404574 4.083031 -4.329805
v 5.448607 3.847207 -4.376246
v 5.038575 4.650892 -6.800599
v 5.404574 4.083031 -4.329805
v 5.038575 4.650892 -6.800599
v 5.006111 5.096378 -6.666799
v 5.448607 3.847207 -4.376246
v 5.404574 4.083031 -4.329805
v 5.562339 3.767569 -1.826774
v 5.398488 4.336977 -2.818272
v 5.562339 3.767569 -1.826774
v 5.404574 4.083031 -4.329805
v 5.398532 4.449221 -4.242797
v 5.006111 5.096378 -6.666799
v 5.267251 4.921307 -4.228634
v 5.398532 4.449221 -4.242797
v 5.404574 4.083031 -4.329805
v 5.006111 5.096378 -6.666799
v 5.398532 4.449221 -4.242797
v 5.398488 4.336977 -2.818272
v 5.404574 4.083031 -4.329805
v 5.398532 4.449221 -4.242797
v 5.267251 4.921307 -4.228634
v 5.267251 4.921307 -4.228634
v 5.398532 4.449221 -4.242797
v 5.267251 4.921307 -4.228634
v 5.398488 4.336977 -2.818272
v 3.268799 3.258345 10.538084
v 3.257743 3.380242 10.468278
v 2.856594 3.619992 10.827266
v 5.562339 3.767569 -1.826774
v 5.534543 3.346545 0.068522
v 5.562339 3.767569 -1.826774
v 5.715032 2.386107 0.245671
v 5.590026 2.565236 -2.301111
v 5.652852 2.544834 0.254315
v 5.557962 1.446075 0.088117
v 5.715032 2.386107 0.245671
v 5.652852 2.544834 0.254315
v -0.000000 4.701228 -10.541898
v -0.000000 4.701228 -10.541898
v 3.112909 4.666373 -9.526073
v 3.112909 4.666373 -9.526073
v -0.000000 4.701228 -10.541898
v 3.112909 4.666373 -9.526073
v 0.000000 3.411356 -10.786544
v -0.000000 4.701228 -10.541898
v 3.112909 4.666373 -9.526073
v 3.112909 4.666373 -9.526073
v 4.355987 4.456832 -8.475533
v 3.112909 4.666373 -9.526073
v 3.150508 3.113138 -10.198585
v 0.000000 3.411356 -10.786544
v 3.112909 4.666373 -9.526073
v 3.112909 4.666373 -9.526073
v 4.355987 4.456832 -8.475533
v 3.150508 3.113138 -10.198585
v 4.355987 4.456832 -8.475533
v 4.355987 4.456832 -8.475533
v 3.112909 4.666373 -9.526073
v 4.355987 4.456832 -8.475533
v 4.479017 2.772312 -9.037440
v 3.150508 3.113138 -10.198585
v 5.345351 2.614885 -7.091196
v 4.479017 2.772312 -9.037440
v 4.355987 4.456832 -8.475533
v 4.355987 4.456832 -8.475533
v 4.355987 4.456832 -8.475533
v 5.095220 3.903840 -6.812323
v 5.095220 3.903840 -6.812323
v 5.345351 2.614885 -7.091196
v 4.355987 4.456832 -8.475533
v 4.355987 4.456832 -8.475533
v 5.095220 3.903840 -6.812323
v 5.095220 3.903840 -6.812323
v 5.582165 2.564275 -4.542634
v 5.345351 2.614885 -7.091196
v 5.095220 3.903840 -6.812323
v 5.095220 3.903840 -6.812323
v 5.095220 3.903840 -6.812323
v 5.448607 3.847207 -4.376246
v 5.448607 3.847207 -4.376246
v 5.582165 2.564275 -4.542634
v 5.095220 3.903840 -6.812323
v 5.095220 3.903840 -6.812323
v 5.448607 3.847207 -4.376246
v 5.448607 3.847207 -4.376246
v 5.448607 3.847207 -4.376246
v 5.448607 3.847207 -4.376246
v 5.562339 3.767569 -1.826774
v 5.448607 3.847207 -4.376246
v 5.562339 3.767569 -1.826774
v 5.562339 3.767569 -1.826774
v 5.562339 3.767569 -1.826774
v 5.534543 3.346545 0.068522
v 5.562339 3.767569 -1.826774
v 5.582165 2.564275 -4.542634
v 5.448607 3.847207 -4.376246
v 5.590026 2.565236 -2.301111
v 5.534543 3.346545 0.068522
v 5.534543 3.346545 0.068522
v 5.562339 3.767569 -1.826774
v 5.534543 3.346545 0.068522
v 5.452641 2.938220 1.740584
v 5.534543 3.346545 0.068522
v 5.562339 3.767569 -1.826774
v 5.593213 3.296409 -1.971025
v 5.448607 3.847207 -4.376246
v 5.593213 3.296409 -1.971025
v 5.562339 3.767569 -1.826774
v 5.534543 3.346545 0.068522
v 5.590026 2.565236 -2.301111
v 5.448607 3.847207 -4.376246
v 5.593213 3.296409 -1.971025
v 5.452641 2.938220 1.740584
v 5.452641 2.938220 1.740584
v 5.534543 3.346545 0.068522
v 5.582165 2.564275 -4.542634
v 5.590026 2.565236 -2.301111
v 5.627854 2.475756 -2.974149
v 5.613407 2.346226 -2.880783
v 5.582165 2.564275 -4.542634
v 5.627854 2.475756 -2.974149
v 5.627854 2.475756 -2.974149
v 5.715032 2.386107 0.245671
v 5.613407 2.346226 -2.880783
v 5.627854 2.475756 -2.974149
v 5.590026 2.565236 -2.301111
v 5.715032 2.386107 0.245671
v 5.715032 2.386107 0.245671
v 5.590026 2.565236 -2.301111
v 5.590026 2.565236 -2.301111
v 5.590026 2.565236 -2.301111
v 5.590026 2.565236 -2.301111
v 5.593213 3.296409 -1.971025
v 5.590026 2.565236 -2.301111
v 5.593213 3.296409 -1.971025
v 5.534543 3.346545 0.068522
v 5.534543 3.346545 0.068522
v 5.593213 3.296409 -1.971025
v 5.534543 3.346545 0.068522
v 5.534543 3.346545 0.068522
v 5.534543 3.346545 0.068522
v 5.452641 2.938220 1.740584
v 5.652852 2.544834 0.254315
v 5.590026 2.565236 -2.301111
v 5.534543 3.346545 0.068522
v 5.452641 2.938220 1.740584
v 5.534543 3.346545 0.068522
v 5.452641 2.938220 1.740584
v 5.534543 3.346545 0.068522
v 5.452641 2.938220 1.740584
v 5.652852 2.544834 0.254315
v 5.452641 2.938220 1.740584
v 5.715032 2.386107 0.245671
v 5.652852 2.544834 0.254315
v 5.452641 2.938220 1.740584
v 5.452641 2.938220 1.740584
v 5.220379 2.919589 4.060419
v 5.452641 2.938220 1.740584
v 5.220379 2.919589 4.060419
v 5.715032 2.386107 0.245671
v 5.220379 2.919589 4.060419
v 5.452641 2.938220 1.740584
v 5.220379 2.919589 4.060419
v 5.220379 2.919589 4.060419
v 5.494972 2.233247 3.990750
v 5.715032 2.386107 0.245671
v 5.278862 2.217060 5.996411
v 5.494972 2.233247 3.990750
v 5.220379 2.919589 4.060419
v 5.083185 2.738056 6.011789
v 5.220379 2.919589 4.060419
v 5.220379 2.919589 4.060419
v 5.083185 2.738056 6.011789
v 5.278862 2.217060 5.996411
v 5.220379 2.919589 4.060419
v 5.083185 2.738056 6.011789
v 5.083185 2.738056 6.011789
v 5.220379 2.919589 4.060419
v 4.498514 2.332603 8.407687
v 5.278862 2.217060 5.996411
v 5.083185 2.738056 6.011789
v 4.351565 2.911883 8.382193
v 5.083185 2.738056 6.011789
v 5.083185 2.738056 6.011789
v 4.351565 2.911883 8.382193
v 4.498514 2.332603 8.407687
v 5.083185 2.738056 6.011789
v 4.351565 2.911883 8.382193
v 4.351565 2.911883 8.382193
v 5.083185 2.738056 6.011789
v 4.498514 2.332603 8.407687
v 4.351565 2.911883 8.382193
v 4.029196 2.591563 9.437140
v 3.874579 3.048549 9.503067
v 4.351565 2.911883 8.382193
v 4.351565 2.911883 8.382193
v 4.351565 2.911883 8.382193
v 3.874579 3.048549 9.503067
v 4.029196 2.591563 9.437140
v 3.874579 3.048549 9.503067
v 4.351565 2.911883 8.382193
v 3.257743 3.380242 10.468278
v 3.874579 3.048549 9.503067
v 3.671324 2.836867 10.108120
v 4.029196 2.591563 9.437140
v 3.874579 3.048549 9.503067
v 3.257743 3.380242 10.468278
v 3.268799 3.258345 10.538084
v 3.268799 3.258345 10.538084
v 3.671324 2.836867 10.108120
v 3.874579 3.048549 9.503067
v 0.000000 5.933113 1.174990
v 0.000000 5.954369 1.156221
v 0.000000 5.956886 1.154728
v 0.506001 8.143681 1.031809
v 0.000000 8.013515 1.115216
v 0.506266 8.265704 1.003239
v 1.413166 8.059725 0.889999
v 0.506001 8.143681 1.031809
v 0.506266 8.265704 1.003239
v 0.000000 5.461144 -10.249320
v 0.000000 5.459476 -10.235847
v 0.000000 5.477767 -10.149561
v 0.000000 5.459476 -10.235847
v 0.000000 5.461144 -10.249320
v -0.000000 4.701228 -10.541898
v 0.000000 5.986839 -10.033750
v 0.000000 5.986138 -10.045683
v 0.000000 5.477767 -10.149561
v -1.578882 7.663423 0.716606
v -1.413166 8.059725 0.889999
v -0.505245 8.143493 1.031930
v 1.578882 7.663423 0.716606
v 0.000000 8.013515 1.115216
v 0.506001 8.143681 1.031809
v -3.903557 6.260644 1.975864
v -1.637352 6.842839 4.287804
v -1.693255 7.062769 3.490042
v -1.693255 7.062769 3.490042
v -1.883343 7.252645 2.545335
v -1.693255 7.062769 3.490042
v 3.903557 6.260644 1.975864
v 2.095342 7.616354 1.803491
v 1.886981 7.252645 2.545335
v 1.886981 7.252645 2.545335
v 1.693198 7.062769 3.490042
v 1.886981 7.252645 2.545335
v -3.542109 4.888296 7.850890
v -2.234520 4.844480 9.655256
v -3.102992 5.050633 7.879784
v -2.632845 5.265742 7.875764
v -3.329032 5.160128 6.936773
v -3.102992 5.050633 7.879784
v 3.542109 4.888296 7.850890
v 3.329032 5.160128 6.936773
v 3.109287 5.050633 7.879784
v 2.632845 5.265742 7.875764
v 2.234520 4.844480 9.655256
v 3.109287 5.050633 7.879784
v 1.397834 8.098799 1.343447
v 1.413166 8.059725 0.889999
v 0.506266 8.265704 1.003239
v -1.397834 8.098799 1.343447
v 0.000000 8.383327 1.069962
v -0.505867 8.265796 1.003290
v 4.455639 10.388121 -9.563701
v 4.455639 10.912213 -11.870508
v -4.455639 10.912213 -11.870508
v -4.455639 10.388121 -9.563701
v 4.455639 10.388121 -9.563701
v -4.455639 10.912213 -11.870508
v 4.455639 10.105391 -9.324701
v 4.455639 10.150451 -9.314464
v -4.455639 10.150451 -9.314464
v -4.455639 10.105391 -9.324701
v 4.455639 10.105391 -9.324701
v -4.455639 10.150451 -9.314464
v 4.455639 10.522841 -11.958971
v 4.455639 9.998748 -9.652164
v -4.455639 9.998748 -9.652164
v -4.455639 10.522841 -11.958971
v 4.455639 10.522841 -11.958971
v -4.455639 9.998748 -9.652164
v 4.455639 10.805569 -12.197971
v 4.455639 10.760508 -12.208209
v -4.455639 10.760508 -12.208209
v -4.455639 10.805569 -12.197971
v 4.455639 10.805569 -12.197971
v -4.455639 10.760508 -12.208209
v 4.455639 10.349948 -9.456326
v 4.455639 10.388121 -9.563701
v -4.455639 10.388121 -9.563701
v -4.455639 10.349948 -9.456326
v 4.455639 10.349948 -9.456326
v -4.455639 10.388121 -9.563701
v 4.455639 10.291371 -9.371264
v 4.455639 10.349948 -9.456326
v -4.455639 10.349948 -9.456326
v -4.455639 10.291371 -9.371264
v 4.455639 10.291371 -9.371264
v -4.455639 10.349948 -9.456326
v 4.455639 10.221323 -9.321438
v 4.455639 10.291371 -9.371264
v -4.455639 10.291371 -9.371264
v -4.455639 10.221323 -9.321438
v 4.455639 10.221323 -9.321438
v -4.455639 10.291371 -9.371264
v 4.455639 10.150451 -9.314464
v 4.455639 10.221323 -9.321438
v -4.455639 10.221323 -9.321438
v -4.455639 10.150451 -9.314464
v 4.455639 10.150451 -9.314464
v -4.455639 10.221323 -9.321438
v 4.455639 9.998748 -9.652164
v 4.455639 9.986776 -9.538836
v -4.455639 9.986776 -9.538836
v -4.455639 9.998748 -9.652164
v 4.455639 9.998748 -9.652164
v -4.455639 9.986776 -9.538836
v 4.455639 9.986776 -9.538836
v 4.455639 10.002849 -9.436816
v -4.455639 10.002849 -9.436816
v -4.455639 9.986776 -9.538836
v 4.455639 9.986776 -9.538836
v -4.455639 10.002849 -9.436816
v 4.455639 10.002849 -9.436816
v 4.455639 10.044493 -9.361613
v -4.455639 10.044493 -9.361613
v -4.455639 10.002849 -9.436816
v 4.455639 10.002849 -9.436816
v -4.455639 10.044493 -9.361613
v 4.455639 10.044493 -9.361613
v 4.455639 10.105391 -9.324701
v -4.455639 10.105391 -9.324701
v -4.455639 10.044493 -9.361613
v 4.455639 10.044493 -9.361613
v -4.455639 10.105391 -9.324701
v 4.455639 10.912213 -11.870508
v 4.455639 10.924184 -11.983835
v -4.455639 10.924184 -11.983835
v -4.455639 10.912213 -11.870508
v 4.455639 10.912213 -11.870508
v -4.455639 10.924184 -11.983835
v 4.455639 10.924184 -11.983835
v 4.455639 10.908113 -12.085857
v -4.455639 10.908113 -12.085857
v -4.455639 10.924184 -11.983835
v 4.455639 10.924184 -11.983835
v -4.455639 10.908113 -12.085857
v 4.455639 10.908113 -12.085857
v 4.455639 10.866469 -12.161059
v -4.455639 10.866469 -12.161059
v -4.455639 10.908113 -12.085857
v 4.455639 10.908113 -12.085857
v -4.455639 10.866469 -12.161059
v 4.455639 10.866469 -12.161059
v 4.455639 10.805569 -12.197971
v -4.455639 10.805569 -12.197971
v -4.455639 10.866469 -12.161059
v 4.455639 10.866469 -12.161059
v -4.455639 10.805569 -12.197971
v 4.455639 10.561013 -12.066346
v 4.455639 10.522841 -11.958971
v -4.455639 10.522841 -11.958971
v -4.455639 10.561013 -12.066346
v 4.455639 10.561013 -12.066346
v -4.455639 10.522841 -11.958971
v 4.455639 10.619590 -12.151408
v 4.455639 10.561013 -12.066346
v -4.455639 10.561013 -12.066346
v -4.455639 10.619590 -12.151408
v 4.455639 10.619590 -12.151408
v -4.455639 10.561013 -12.066346
v 4.455639 10.689639 -12.201234
v 4.455639 10.619590 -12.151408
v -4.455639 10.619590 -12.151408
v -4.455639 10.689639 -12.201234
v 4.455639 10.689639 -12.201234
v -4.455639 10.619590 -12.151408
v 4.455639 10.760508 -12.208209
v 4.455639 10.689639 -12.201234
v -4.455639 10.689639 -12.201234
v -4.455639 10.760508 -12.208209
v 4.455639 10.760508 -12.208209
v -4.455639 10.689639 -12.201234
v 5.254788 10.385009 -9.397474
v 5.254788 11.582099 -11.885247
v 4.183417 11.582099 -11.885247
v 4.183417 10.385009 -9.397474
v 5.254788 10.385009 -9.397474
v 4.183417 11.582099 -11.885247
v 5.254788 10.033616 -9.132341
v 5.254788 10.075020 -9.122934
v 4.183417 10.075020 -9.122934
v 4.183417 10.033616 -9.132341
v 5.254788 10.033616 -9.132341
v 4.183417 10.075020 -9.122934
v 5.254788 9.891967 -12.269236
v 5.254788 9.872683 -9.513873
v 4.183417 9.872683 -9.513873
v 4.183417 9.891967 -12.269236
v 5.254788 9.891967 -12.269236
v 4.183417 9.872683 -9.513873
v 5.254788 11.487616 -12.251681
v 5.254788 10.135507 -12.558872
v 4.183417 10.135507 -12.558872
v 4.183417 11.487616 -12.251681
v 5.254788 11.487616 -12.251681
v 4.183417 10.135507 -12.558872
v 5.388709 10.108144 -9.460378
v 5.388709 10.060979 -12.230837
v 5.388709 11.413087 -11.923646
v 5.388709 10.149549 -9.450970
v 5.388709 10.108144 -9.460378
v 5.388709 11.413087 -11.923646
v 4.049496 10.149549 -9.450970
v 4.049496 11.413087 -11.923646
v 4.049496 10.060979 -12.230837
v 4.049496 10.108144 -9.460378
v 4.049496 10.149549 -9.450970
v 4.049496 10.060979 -12.230837
v 5.254788 10.338571 -9.276006
v 5.254788 10.385009 -9.397474
v 4.183417 10.385009 -9.397474
v 4.183417 10.338571 -9.276006
v 5.254788 10.338571 -9.276006
v 4.183417 10.385009 -9.397474
v 5.254788 10.263346 -9.181188
v 5.254788 10.338571 -9.276006
v 4.183417 10.338571 -9.276006
v 4.183417 10.263346 -9.181188
v 5.254788 10.263346 -9.181188
v 4.183417 10.338571 -9.276006
v 5.254788 10.170803 -9.127424
v 5.254788 10.263346 -9.181188
v 4.183417 10.263346 -9.181188
v 4.183417 10.170803 -9.127424
v 5.254788 10.170803 -9.127424
v 4.183417 10.263346 -9.181188
v 5.254788 10.075020 -9.122934
v 5.254788 10.170803 -9.127424
v 4.183417 10.170803 -9.127424
v 4.183417 10.075020 -9.122934
v 5.254788 10.075020 -9.122934
v 4.183417 10.170803 -9.127424
v 5.254788 9.872683 -9.513873
v 5.254788 9.862080 -9.384262
v 4.183417 9.862080 -9.384262
v 4.183417 9.872683 -9.513873
v 5.254788 9.872683 -9.513873
v 4.183417 9.862080 -9.384262
v 5.254788 9.862080 -9.384262
v 5.254788 9.888949 -9.266250
v 4.183417 9.888949 -9.266250
v 4.183417 9.862080 -9.384262
v 5.254788 9.862080 -9.384262
v 4.183417 9.888949 -9.266250
v 5.254788 9.888949 -9.266250
v 5.254788 9.949177 -9.177776
v 4.183417 9.949177 -9.177776
v 4.183417 9.888949 -9.266250
v 5.254788 9.888949 -9.266250
v 4.183417 9.949177 -9.177776
v 5.254788 9.949177 -9.177776
v 5.254788 10.033616 -9.132341
v 4.183417 10.033616 -9.132341
v 4.183417 9.949177 -9.177776
v 5.254788 9.949177 -9.177776
v 4.183417 10.033616 -9.132341
v 5.254788 11.582099 -11.885247
v 5.254788 11.597761 -12.013708
v 4.183417 11.597761 -12.013708
v 4.183417 11.582099 -11.885247
v 5.254788 11.582099 -11.885247
v 4.183417 11.597761 -12.013708
v 5.254788 11.597761 -12.013708
v 5.254788 11.585297 -12.128448
v 4.183417 11.585297 -12.128448
v 4.183417 11.597761 -12.013708
v 5.254788 11.597761 -12.013708
v 4.183417 11.585297 -12.128448
v 5.254788 11.585297 -12.128448
v 5.254788 11.546624 -12.212022
v 4.183417 11.546624 -12.212022
v 4.183417 11.585297 -12.128448
v 5.254788 11.585297 -12.128448
v 4.183417 11.546624 -12.212022
v 5.254788 11.546624 -12.212022
v 5.254788 11.487616 -12.251681
v 4.183417 11.487616 -12.251681
v 4.183417 11.546624 -12.212022
v 5.254788 11.546624 -12.212022
v 4.183417 11.487616 -12.251681
v 5.254788 9.933349 -12.391853
v 5.254788 9.891967 -12.269236
v 4.183417 9.891967 -12.269236
v 4.183417 9.933349 -12.391853
v 5.254788 9.933349 -12.391853
v 4.183417 9.891967 -12.269236
v 5.254788 9.994168 -12.489944
v 5.254788 9.933349 -12.391853
v 4.183417 9.933349 -12.391853
v 4.183417 9.994168 -12.489944
v 5.254788 9.994168 -12.489944
v 4.183417 9.933349 -12.391853
v 5.254788 10.065154 -12.548604
v 5.254788 9.994168 -12.489944
v 4.183417 9.994168 -12.489944
v 4.183417 10.065154 -12.548604
v 5.254788 10.065154 -12.548604
v 4.183417 9.994168 -12.489944
v 5.254788 10.135507 -12.558872
v 5.254788 10.065154 -12.548604
v 4.183417 10.065154 -12.548604
v 4.183417 10.135507 -12.558872
v 5.254788 10.135507 -12.558872
v 4.183417 10.065154 -12.548604
v 5.306040 11.569238 -11.888169
v 5.254788 11.582099 -11.885247
v 5.254788 10.385009 -9.397474
v 5.306040 10.367092 -9.401546
v 5.306040 11.569238 -11.888169
v 5.254788 10.385009 -9.397474
v 5.349484 11.532597 -11.896493
v 5.306040 11.569238 -11.888169
v 5.306040 10.367092 -9.401546
v 5.349484 10.316045 -9.413142
v 5.349484 11.532597 -11.896493
v 5.306040 10.367092 -9.401546
v 5.378519 11.477769 -11.908951
v 5.349484 11.532597 -11.896493
v 5.349484 10.316045 -9.413142
v 5.378519 10.239659 -9.430497
v 5.378519 11.477769 -11.908951
v 5.349484 10.316045 -9.413142
v 5.388709 11.413087 -11.923646
v 5.378519 11.477769 -11.908951
v 5.378519 10.239659 -9.430497
v 5.388709 10.149549 -9.450970
v 5.388709 11.413087 -11.923646
v 5.378519 10.239659 -9.430497
v 5.306040 9.890602 -9.509802
v 5.254788 9.872683 -9.513873
v 5.254788 9.891967 -12.269236
v 5.306040 9.904827 -12.266314
v 5.306040 9.890602 -9.509802
v 5.254788 9.891967 -12.269236
v 5.349484 9.941648 -9.498204
v 5.306040 9.890602 -9.509802
v 5.306040 9.904827 -12.266314
v 5.349484 9.941470 -12.257989
v 5.349484 9.941648 -9.498204
v 5.306040 9.904827 -12.266314
v 5.378519 10.018033 -9.480849
v 5.349484 9.941648 -9.498204
v 5.349484 9.941470 -12.257989
v 5.378519 9.996298 -12.245532
v 5.378519 10.018033 -9.480849
v 5.349484 9.941470 -12.257989
v 5.388709 10.108144 -9.460378
v 5.378519 10.018033 -9.480849
v 5.378519 9.996298 -12.245532
v 5.388709 10.060979 -12.230837
v 5.388709 10.108144 -9.460378
v 5.378519 9.996298 -12.245532
v 4.132165 10.367092 -9.401546
v 4.183417 10.385009 -9.397474
v 4.183417 11.582099 -11.885247
v 4.132165 11.569238 -11.888169
v 4.132165 10.367092 -9.401546
v 4.183417 11.582099 -11.885247
v 4.088721 10.316045 -9.413142
v 4.132165 10.367092 -9.401546
v 4.132165 11.569238 -11.888169
v 4.088721 11.532597 -11.896493
v 4.088721 10.316045 -9.413142
v 4.132165 11.569238 -11.888169
v 4.059687 10.239659 -9.430497
v 4.088721 10.316045 -9.413142
v 4.088721 11.532597 -11.896493
v 4.059687 11.477769 -11.908951
v 4.059687 10.239659 -9.430497
v 4.088721 11.532597 -11.896493
v 4.049496 10.149549 -9.450970
v 4.059687 10.239659 -9.430497
v 4.059687 11.477769 -11.908951
v 4.049496 11.413087 -11.923646
v 4.049496 10.149549 -9.450970
v 4.059687 11.477769 -11.908951
v 4.132165 9.904827 -12.266314
v 4.183417 9.891967 -12.269236
v 4.183417 9.872683 -9.513873
v 4.132165 9.890602 -9.509802
v 4.132165 9.904827 -12.266314
v 4.183417 9.872683 -9.513873
v 4.088721 9.941470 -12.257989
v 4.132165 9.904827 -12.266314
v 4.132165 9.890602 -9.509802
v 4.088721 9.941648 -9.498204
v 4.088721 9.941470 -12.257989
v 4.132165 9.890602 -9.509802
v 4.059687 9.996298 -12.245532
v 4.088721 9.941470 -12.257989
v 4.088721 9.941648 -9.498204
v 4.059687 10.018033 -9.480849
v 4.059687 9.996298 -12.245532
v 4.088721 9.941648 -9.498204
v 4.049496 10.060979 -12.230837
v 4.059687 9.996298 -12.245532
v 4.059687 10.018033 -9.480849
v 4.049496 10.108144 -9.460378
v 4.049496 10.060979 -12.230837
v 4.059687 10.018033 -9.480849
v 5.306040 10.080691 -9.147897
v 5.254788 10.075020 -9.122934
v 5.254788 10.033616 -9.132341
v 5.306040 10.039289 -9.157304
v 5.306040 10.080691 -9.147897
v 5.254788 10.033616 -9.132341
v 5.349484 10.096849 -9.219016
v 5.306040 10.080691 -9.147897
v 5.306040 10.039289 -9.157304
v 5.349484 10.055445 -9.228422
v 5.349484 10.096849 -9.219016
v 5.306040 10.039289 -9.157304
v 5.378519 10.121026 -9.325431
v 5.349484 10.096849 -9.219016
v 5.349484 10.055445 -9.228422
v 5.378519 10.079622 -9.334837
v 5.378519 10.121026 -9.325431
v 5.349484 10.055445 -9.228422
v 5.388709 10.149549 -9.450970
v 5.378519 10.121026 -9.325431
v 5.378519 10.079622 -9.334837
v 5.388709 10.108144 -9.460378
v 5.388709 10.149549 -9.450970
v 5.378519 10.079622 -9.334837
v 5.306040 10.129834 -12.533909
v 5.254788 10.135507 -12.558872
v 5.254788 11.487616 -12.251681
v 5.306040 11.481943 -12.226716
v 5.306040 10.129834 -12.533909
v 5.254788 11.487616 -12.251681
v 5.349484 10.113678 -12.462792
v 5.306040 10.129834 -12.533909
v 5.306040 11.481943 -12.226716
v 5.349484 11.465786 -12.155601
v 5.349484 10.113678 -12.462792
v 5.306040 11.481943 -12.226716
v 5.378519 10.089501 -12.356377
v 5.349484 10.113678 -12.462792
v 5.349484 11.465786 -12.155601
v 5.378519 11.441609 -12.049185
v 5.378519 10.089501 -12.356377
v 5.349484 11.465786 -12.155601
v 5.388709 10.060979 -12.230837
v 5.378519 10.089501 -12.356377
v 5.378519 11.441609 -12.049185
v 5.388709 11.413087 -11.923646
v 5.388709 10.060979 -12.230837
v 5.378519 11.441609 -12.049185
v 4.132165 10.039289 -9.157304
v 4.183417 10.033616 -9.132341
v 4.183417 10.075020 -9.122934
v 4.132165 10.080691 -9.147897
v 4.132165 10.039289 -9.157304
v 4.183417 10.075020 -9.122934
v 4.088721 10.055445 -9.228422
v 4.132165 10.039289 -9.157304
v 4.132165 10.080691 -9.147897
v 4.088721 10.096849 -9.219016
v 4.088721 10.055445 -9.228422
v 4.132165 10.080691 -9.147897
v 4.059687 10.079622 -9.334837
v 4.088721 10.055445 -9.228422
v 4.088721 10.096849 -9.219016
v 4.059687 10.121026 -9.325431
v 4.059687 10.079622 -9.334837
v 4.088721 10.096849 -9.219016
v 4.049496 10.108144 -9.460378
v 4.059687 10.079622 -9.334837
v 4.059687 10.121026 -9.325431
v 4.049496 10.149549 -9.450970
v 4.049496 10.108144 -9.460378
v 4.059687 10.121026 -9.325431
v 4.132165 11.481943 -12.226716
v 4.183417 11.487616 -12.251681
v 4.183417 10.135507 -12.558872
v 4.132165 10.129834 -12.533909
v 4.132165 11.481943 -12.226716
v 4.183417 10.135507 -12.558872
v 4.088721 11.465786 -12.155601
v 4.132165 11.481943 -12.226716
v 4.132165 10.129834 -12.533909
v 4.088721 10.113678 -12.462792
v 4.088721 11.465786 -12.155601
v 4.132165 10.129834 -12.533909
v 4.059687 11.441609 -12.049185
v 4.088721 11.465786 -12.155601
v 4.088721 10.113678 -12.462792
v 4.059687 10.089501 -12.356377
v 4.059687 11.441609 -12.049185
v 4.088721 10.113678 -12.462792
v 4.049496 11.413087 -11.923646
v 4.059687 11.441609 -12.049185
v 4.059687 10.089501 -12.356377
v 4.049496 10.060979 -12.230837
v 4.049496 11.413087 -11.923646
v 4.059687 10.089501 -12.356377
v 5.254788 10.338571 -9.276006
v 5.306040 10.367092 -9.401546
v 5.254788 10.385009 -9.397474
v 5.321749 10.278779 -9.249125
v 5.349484 10.316045 -9.413142
v 5.306040 10.367092 -9.401546
v 5.306040 10.367092 -9.401546
v 5.254788 10.338571 -9.276006
v 5.321749 10.278779 -9.249125
v 5.254788 10.263346 -9.181188
v 5.321749 10.278779 -9.249125
v 5.254788 10.338571 -9.276006
v 5.361939 10.205231 -9.278960
v 5.378519 10.239659 -9.430497
v 5.349484 10.316045 -9.413142
v 5.349484 10.316045 -9.413142
v 5.321749 10.278779 -9.249125
v 5.361939 10.205231 -9.278960
v 5.316654 10.180030 -9.168036
v 5.361939 10.205231 -9.278960
v 5.321749 10.278779 -9.249125
v 5.321749 10.278779 -9.249125
v 5.254788 10.263346 -9.181188
v 5.316654 10.180030 -9.168036
v 5.254788 10.170803 -9.127424
v 5.316654 10.180030 -9.168036
v 5.254788 10.263346 -9.181188
v 5.378519 10.121026 -9.325431
v 5.388709 10.149549 -9.450970
v 5.378519 10.239659 -9.430497
v 5.378519 10.239659 -9.430497
v 5.361939 10.205231 -9.278960
v 5.378519 10.121026 -9.325431
v 5.349484 10.096849 -9.219016
v 5.378519 10.121026 -9.325431
v 5.361939 10.205231 -9.278960
v 5.361939 10.205231 -9.278960
v 5.316654 10.180030 -9.168036
v 5.349484 10.096849 -9.219016
v 5.306040 10.080691 -9.147897
v 5.349484 10.096849 -9.219016
v 5.316654 10.180030 -9.168036
v 5.316654 10.180030 -9.168036
v 5.254788 10.170803 -9.127424
v 5.306040 10.080691 -9.147897
v 5.254788 10.075020 -9.122934
v 5.306040 10.080691 -9.147897
v 5.254788 10.170803 -9.127424
v 4.183417 10.385009 -9.397474
v 4.132165 10.367092 -9.401546
v 4.183417 10.338571 -9.276006
v 4.132165 10.367092 -9.401546
v 4.088721 10.316045 -9.413142
v 4.116457 10.278779 -9.249125
v 4.116457 10.278779 -9.249125
v 4.183417 10.338571 -9.276006
v 4.132165 10.367092 -9.401546
v 4.183417 10.338571 -9.276006
v 4.116457 10.278779 -9.249125
v 4.183417 10.263346 -9.181188
v 4.088721 10.316045 -9.413142
v 4.059687 10.239659 -9.430497
v 4.076266 10.205231 -9.278960
v 4.076266 10.205231 -9.278960
v 4.116457 10.278779 -9.249125
v 4.088721 10.316045 -9.413142
v 4.116457 10.278779 -9.249125
v 4.076266 10.205231 -9.278960
v 4.121552 10.180030 -9.168036
v 4.121552 10.180030 -9.168036
v 4.183417 10.263346 -9.181188
v 4.116457 10.278779 -9.249125
v 4.183417 10.263346 -9.181188
v 4.121552 10.180030 -9.168036
v 4.183417 10.170803 -9.127424
v 4.059687 10.239659 -9.430497
v 4.049496 10.149549 -9.450970
v 4.059687 10.121026 -9.325431
v 4.059687 10.121026 -9.325431
v 4.076266 10.205231 -9.278960
v 4.059687 10.239659 -9.430497
v 4.076266 10.205231 -9.278960
v 4.059687 10.121026 -9.325431
v 4.088721 10.096849 -9.219016
v 4.088721 10.096849 -9.219016
v 4.121552 10.180030 -9.168036
v 4.076266 10.205231 -9.278960
v 4.121552 10.180030 -9.168036
v 4.088721 10.096849 -9.219016
v 4.132165 10.080691 -9.147897
v 4.132165 10.080691 -9.147897
v 4.183417 10.170803 -9.127424
v 4.121552 10.180030 -9.168036
v 4.183417 10.170803 -9.127424
v 4.132165 10.080691 -9.147897
v 4.183417 10.075020 -9.122934
v 5.254788 9.872683 -9.513873
v 5.306040 9.890602 -9.509802
v 5.254788 9.862080 -9.384262
v 5.306040 9.890602 -9.509802
v 5.349484 9.941648 -9.498204
v 5.321749 9.904385 -9.334185
v 5.321749 9.904385 -9.334185
v 5.254788 9.862080 -9.384262
v 5.306040 9.890602 -9.509802
v 5.254788 9.862080 -9.384262
v 5.321749 9.904385 -9.334185
v 5.254788 9.888949 -9.266250
v 5.349484 9.941648 -9.498204
v 5.378519 10.018033 -9.480849
v 5.361939 9.983605 -9.329312
v 5.361939 9.983605 -9.329312
v 5.321749 9.904385 -9.334185
v 5.349484 9.941648 -9.498204
v 5.321749 9.904385 -9.334185
v 5.361939 9.983605 -9.329312
v 5.316654 9.958404 -9.218388
v 5.316654 9.958404 -9.218388
v 5.254788 9.888949 -9.266250
v 5.321749 9.904385 -9.334185
v 5.254788 9.888949 -9.266250
v 5.316654 9.958404 -9.218388
v 5.254788 9.949177 -9.177776
v 5.378519 10.018033 -9.480849
v 5.388709 10.108144 -9.460378
v 5.378519 10.079622 -9.334837
v 5.378519 10.079622 -9.334837
v 5.361939 9.983605 -9.329312
v 5.378519 10.018033 -9.480849
v 5.361939 9.983605 -9.329312
v 5.378519 10.079622 -9.334837
v 5.349484 10.055445 -9.228422
v 5.349484 10.055445 -9.228422
v 5.316654 9.958404 -9.218388
v 5.361939 9.983605 -9.329312
v 5.316654 9.958404 -9.218388
v 5.349484 10.055445 -9.228422
v 5.306040 10.039289 -9.157304
v 5.306040 10.039289 -9.157304
v 5.254788 9.949177 -9.177776
v 5.316654 9.958404 -9.218388
v 5.254788 9.949177 -9.177776
v 5.306040 10.039289 -9.157304
v 5.254788 10.033616 -9.132341
v 5.254788 11.582099 -11.885247
v 5.306040 11.569238 -11.888169
v 5.254788 11.597761 -12.013708
v 5.306040 11.569238 -11.888169
v 5.349484 11.532597 -11.896493
v 5.321749 11.569861 -12.060511
v 5.321749 11.569861 -12.060511
v 5.254788 11.597761 -12.013708
v 5.306040 11.569238 -11.888169
v 5.254788 11.597761 -12.013708
v 5.321749 11.569861 -12.060511
v 5.254788 11.585297 -12.128448
v 5.349484 11.532597 -11.896493
v 5.378519 11.477769 -11.908951
v 5.361939 11.512197 -12.060487
v 5.361939 11.512197 -12.060487
v 5.321749 11.569861 -12.060511
v 5.349484 11.532597 -11.896493
v 5.321749 11.569861 -12.060511
v 5.361939 11.512197 -12.060487
v 5.316654 11.537397 -12.171412
v 5.316654 11.537397 -12.171412
v 5.254788 11.585297 -12.128448
v 5.321749 11.569861 -12.060511
v 5.254788 11.585297 -12.128448
v 5.316654 11.537397 -12.171412
v 5.254788 11.546624 -12.212022
v 5.378519 11.477769 -11.908951
v 5.388709 11.413087 -11.923646
v 5.378519 11.441609 -12.049185
v 5.378519 11.441609 -12.049185
v 5.361939 11.512197 -12.060487
v 5.378519 11.477769 -11.908951
v 5.361939 11.512197 -12.060487
v 5.378519 11.441609 -12.049185
v 5.349484 11.465786 -12.155601
v 5.349484 11.465786 -12.155601
v 5.316654 11.537397 -12.171412
v 5.361939 11.512197 -12.060487
v 5.316654 11.537397 -12.171412
v 5.349484 11.465786 -12.155601
v 5.306040 11.481943 -12.226716
v 5.306040 11.481943 -12.226716
v 5.254788 11.546624 -12.212022
v 5.316654 11.537397 -12.171412
v 5.254788 11.546624 -12.212022
v 5.306040 11.481943 -12.226716
v 5.254788 11.487616 -12.251681
v 4.183417 9.862080 -9.384262
v 4.132165 9.890602 -9.509802
v 4.183417 9.872683 -9.513873
v 4.116457 9.904385 -9.334185
v 4.088721 9.941648 -9.498204
v 4.132165 9.890602 -9.509802
v 4.132165 9.890602 -9.509802
v 4.183417 9.862080 -9.384262
v 4.116457 9.904385 -9.334185
v 4.183417 9.888949 -9.266250
v 4.116457 9.904385 -9.334185
v 4.183417 9.862080 -9.384262
v 4.076266 9.983605 -9.329312
v 4.059687 10.018033 -9.480849
v 4.088721 9.941648 -9.498204
v 4.088721 9.941648 -9.498204
v 4.116457 9.904385 -9.334185
v 4.076266 9.983605 -9.329312
v 4.121552 9.958404 -9.218388
v 4.076266 9.983605 -9.329312
v 4.116457 9.904385 -9.334185
v 4.116457 9.904385 -9.334185
v 4.183417 9.888949 -9.266250
v 4.121552 9.958404 -9.218388
v 4.183417 9.949177 -9.177776
v 4.121552 9.958404 -9.218388
v 4.183417 9.888949 -9.266250
v 4.059687 10.079622 -9.334837
v 4.049496 10.108144 -9.460378
v 4.059687 10.018033 -9.480849
v 4.059687 10.018033 -9.480849
v 4.076266 9.983605 -9.329312
v 4.059687 10.079622 -9.334837
v 4.088721 10.055445 -9.228422
v 4.059687 10.079622 -9.334837
v 4.076266 9.983605 -9.329312
v 4.076266 9.983605 -9.329312
v 4.121552 9.958404 -9.218388
v 4.088721 10.055445 -9.228422
v 4.132165 10.039289 -9.157304
v 4.088721 10.055445 -9.228422
v 4.121552 9.958404 -9.218388
v 4.121552 9.958404 -9.218388
v 4.183417 9.949177 -9.177776
v 4.132165 10.039289 -9.157304
v 4.183417 10.033616 -9.132341
v 4.132165 10.039289 -9.157304
v 4.183417 9.949177 -9.177776
v 5.254788 9.933349 -12.391853
v 5.306040 9.904827 -12.266314
v 5.254788 9.891967 -12.269236
v 5.321749 9.978734 -12.422006
v 5.349484 9.941470 -12.257989
v 5.306040 9.904827 -12.266314
v 5.306040 9.904827 -12.266314
v 5.254788 9.933349 -12.391853
v 5.321749 9.978734 -12.422006
v 5.254788 9.994168 -12.489944
v 5.321749 9.978734 -12.422006
v 5.254788 9.933349 -12.391853
v 5.361939 10.030726 -12.397069
v 5.378519 9.996298 -12.245532
v 5.349484 9.941470 -12.257989
v 5.349484 9.941470 -12.257989
v 5.321749 9.978734 -12.422006
v 5.361939 10.030726 -12.397069
v 5.316654 10.055927 -12.507993
v 5.361939 10.030726 -12.397069
v 5.321749 9.978734 -12.422006
v 5.321749 9.978734 -12.422006
v 5.254788 9.994168 -12.489944
v 5.316654 10.055927 -12.507993
v 5.254788 10.065154 -12.548604
v 5.316654 10.055927 -12.507993
v 5.254788 9.994168 -12.489944
v 5.378519 10.089501 -12.356377
v 5.388709 10.060979 -12.230837
v 5.378519 9.996298 -12.245532
v 5.378519 9.996298 -12.245532
v 5.361939 10.030726 -12.397069
v 5.378519 10.089501 -12.356377
v 5.349484 10.113678 -12.462792
v 5.378519 10.089501 -12.356377
v 5.361939 10.030726 -12.397069
v 5.361939 10.030726 -12.397069
v 5.316654 10.055927 -12.507993
v 5.349484 10.113678 -12.462792
v 5.306040 10.129834 -12.533909
v 5.349484 10.113678 -12.462792
v 5.316654 10.055927 -12.507993
v 5.316654 10.055927 -12.507993
v 5.254788 10.065154 -12.548604
v 5.306040 10.129834 -12.533909
v 5.254788 10.135507 -12.558872
v 5.306040 10.129834 -12.533909
v 5.254788 10.065154 -12.548604
v 4.183417 11.597761 -12.013708
v 4.132165 11.569238 -11.888169
v 4.183417 11.582099 -11.885247
v 4.116457 11.569861 -12.060511
v 4.088721 11.532597 -11.896493
v 4.132165 11.569238 -11.888169
v 4.132165 11.569238 -11.888169
v 4.183417 11.597761 -12.013708
v 4.116457 11.569861 -12.060511
v 4.183417 11.585297 -12.128448
v 4.116457 11.569861 -12.060511
v 4.183417 11.597761 -12.013708
v 4.076266 11.512197 -12.060487
v 4.059687 11.477769 -11.908951
v 4.088721 11.532597 -11.896493
v 4.088721 11.532597 -11.896493
v 4.116457 11.569861 -12.060511
v 4.076266 11.512197 -12.060487
v 4.121552 11.537397 -12.171412
v 4.076266 11.512197 -12.060487
v 4.116457 11.569861 -12.060511
v 4.116457 11.569861 -12.060511
v 4.183417 11.585297 -12.128448
v 4.121552 11.537397 -12.171412
v 4.183417 11.546624 -12.212022
v 4.121552 11.537397 -12.171412
v 4.183417 11.585297 -12.128448
v 4.059687 11.441609 -12.049185
v 4.049496 11.413087 -11.923646
v 4.059687 11.477769 -11.908951
v 4.059687 11.477769 -11.908951
v 4.076266 11.512197 -12.060487
v 4.059687 11.441609 -12.049185
v 4.088721 11.465786 -12.155601
v 4.059687 11.441609 -12.049185
v 4.076266 11.512197 -12.060487
v 4.076266 11.512197 -12.060487
v 4.121552 11.537397 -12.171412
v 4.088721 11.465786 -12.155601
v 4.132165 11.481943 -12.226716
v 4.088721 11.465786 -12.155601
v 4.121552 11.537397 -12.171412
v 4.121552 11.537397 -12.171412
v 4.183417 11.546624 -12.212022
v 4.132165 11.481943 -12.226716
v 4.183417 11.487616 -12.251681
v 4.132165 11.481943 -12.226716
v 4.183417 11.546624 -12.212022
v 4.183417 9.891967 -12.269236
v 4.132165 9.904827 -12.266314
v 4.183417 9.933349 -12.391853
v 4.132165 9.904827 -12.266314
v 4.088721 9.941470 -12.257989
v 4.116457 9.978734 -12.422006
v 4.116457 9.978734 -12.422006
v 4.183417 9.933349 -12.391853
v 4.132165 9.904827 -12.266314
v 4.183417 9.933349 -12.391853
v 4.116457 9.978734 -12.422006
v 4.183417 9.994168 -12.489944
v 4.088721 9.941470 -12.257989
v 4.059687 9.996298 -12.245532
v 4.076266 10.030726 -12.397069
v 4.076266 10.030726 -12.397069
v 4.116457 9.978734 -12.422006
v 4.088721 9.941470 -12.257989
v 4.116457 9.978734 -12.422006
v 4.076266 10.030726 -12.397069
v 4.121552 10.055927 -12.507993
v 4.121552 10.055927 -12.507993
v 4.183417 9.994168 -12.489944
v 4.116457 9.978734 -12.422006
v 4.183417 9.994168 -12.489944
v 4.121552 10.055927 -12.507993
v 4.183417 10.065154 -12.548604
v 4.059687 9.996298 -12.245532
v 4.049496 10.060979 -12.230837
v 4.059687 10.089501 -12.356377
v 4.059687 10.089501 -12.356377
v 4.076266 10.030726 -12.397069
v 4.059687 9.996298 -12.245532
v 4.076266 10.030726 -12.397069
v 4.059687 10.089501 -12.356377
v 4.088721 10.113678 -12.462792
v 4.088721 10.113678 -12.462792
v 4.121552 10.055927 -12.507993
v 4.076266 10.030726 -12.397069
v 4.121552 10.055927 -12.507993
v 4.088721 10.113678 -12.462792
v 4.132165 10.129834 -12.533909
v 4.132165 10.129834 -12.533909
v 4.183417 10.065154 -12.548604
v 4.121552 10.055927 -12.507993
v 4.183417 10.065154 -12.548604
v 4.132165 10.129834 -12.533909
v 4.183417 10.135507 -12.558872
v -5.254788 11.582099 -11.885247
v -5.254788 10.385009 -9.397474
v -4.183417 11.582099 -11.885247
v -5.254788 10.385009 -9.397474
v -4.183417 10.385009 -9.397474
v -4.183417 11.582099 -11.885247
v -5.254788 10.075020 -9.122934
v -5.254788 10.033616 -9.132341
v -4.183417 10.075020 -9.122934
v -5.254788 10.033616 -9.132341
v -4.183417 10.033616 -9.132341
v -4.183417 10.075020 -9.122934
v -5.254788 9.872683 -9.513873
v -5.254788 9.891967 -12.269236
v -4.183417 9.872683 -9.513873
v -5.254788 9.891967 -12.269236
v -4.183417 9.891967 -12.269236
v -4.183417 9.872683 -9.513873
v -5.254788 10.135507 -12.558872
v -5.254788 11.487616 -12.251681
v -4.183417 10.135507 -12.558872
v -5.254788 11.487616 -12.251681
v -4.183417 11.487616 -12.251681
v -4.183417 10.135507 -12.558872
v -5.388709 10.060979 -12.230837
v -5.388709 10.108144 -9.460378
v -5.388709 11.413087 -11.923646
v -5.388709 10.108144 -9.460378
v -5.388709 10.149549 -9.450970
v -5.388709 11.413087 -11.923646
v -4.049496 11.413087 -11.923646
v -4.049496 10.149549 -9.450970
v -4.049496 10.060979 -12.230837
v -4.049496 10.149549 -9.450970
v -4.049496 10.108144 -9.460378
v -4.049496 10.060979 -12.230837
v -5.254788 10.385009 -9.397474
v -5.254788 10.338571 -9.276006
v -4.183417 10.385009 -9.397474
v -5.254788 10.338571 -9.276006
v -4.183417 10.338571 -9.276006
v -4.183417 10.385009 -9.397474
v -5.254788 10.338571 -9.276006
v -5.254788 10.263346 -9.181188
v -4.183417 10.338571 -9.276006
v -5.254788 10.263346 -9.181188
v -4.183417 10.263346 -9.181188
v -4.183417 10.338571 -9.276006
v -5.254788 10.263346 -9.181188
v -5.254788 10.170803 -9.127424
v -4.183417 10.263346 -9.181188
v -5.254788 10.170803 -9.127424
v -4.183417 10.170803 -9.127424
v -4.183417 10.263346 -9.181188
v -5.254788 10.170803 -9.127424
v -5.254788 10.075020 -9.122934
v -4.183417 10.170803 -9.127424
v -5.254788 10.075020 -9.122934
v -4.183417 10.075020 -9.122934
v -4.183417 10.170803 -9.127424
v -5.254788 9.862080 -9.384262
v -5.254788 9.872683 -9.513873
v -4.183417 9.862080 -9.384262
v -5.254788 9.872683 -9.513873
v -4.183417 9.872683 -9.513873
v -4.183417 9.862080 -9.384262
v -5.254788 9.888949 -9.266250
v -5.254788 9.862080 -9.384262
v -4.183417 9.888949 -9.266250
v -5.254788 9.862080 -9.384262
v -4.183417 9.862080 -9.384262
v -4.183417 9.888949 -9.266250
v -5.254788 9.949177 -9.177776
v -5.254788 9.888949 -9.266250
v -4.183417 9.949177 -9.177776
v -5.254788 9.888949 -9.266250
v -4.183417 9.888949 -9.266250
v -4.183417 9.949177 -9.177776
v -5.254788 10.033616 -9.132341
v -5.254788 9.949177 -9.177776
v -4.183417 10.033616 -9.132341
v -5.254788 9.949177 -9.177776
v -4.183417 9.949177 -9.177776
v -4.183417 10.033616 -9.132341
v -5.254788 11.597761 -12.013708
v -5.254788 11.582099 -11.885247
v -4.183417 11.597761 -12.013708
v -5.254788 11.582099 -11.885247
v -4.183417 11.582099 -11.885247
v -4.183417 11.597761 -12.013708
v -5.254788 11.585297 -12.128448
v -5.254788 11.597761 -12.013708
v -4.183417 11.585297 -12.128448
v -5.254788 11.597761 -12.013708
v -4.183417 11.597761 -12.013708
v -4.183417 11.585297 -12.128448
v -5.254788 11.546624 -12.212022
v -5.254788 11.585297 -12.128448
v -4.183417 11.546624 -12.212022
v -5.254788 11.585297 -12.128448
v -4.183417 11.585297 -12.128448
v -4.183417 11.546624 -12.212022
v -5.254788 11.487616 -12.251681
v -5.254788 11.546624 -12.212022
v -4.183417 11.487616 -12.251681
v -5.254788 11.546624 -12.212022
v -4.183417 11.546624 -12.212022
v -4.183417 11.487616 -12.251681
v -5.254788 9.891967 -12.269236
v -5.254788 9.933349 -12.391853
v -4.183417 9.891967 -12.269236
v -5.254788 9.933349 -12.391853
v -4.183417 9.933349 -12.391853
v -4.183417 9.891967 -12.269236
v -5.254788 9.933349 -12.391853
v -5.254788 9.994168 -12.489944
v -4.183417 9.933349 -12.391853
v -5.254788 9.994168 -12.489944
v -4.183417 9.994168 -12.489944
v -4.183417 9.933349 -12.391853
v -5.254788 9.994168 -12.489944
v -5.254788 10.065154 -12.548604
v -4.183417 9.994168 -12.489944
v -5.254788 10.065154 -12.548604
v -4.183417 10.065154 -12.548604
v -4.183417 9.994168 -12.489944
v -5.254788 10.065154 -12.548604
v -5.254788 10.135507 -12.558872
v -4.183417 10.065154 -12.548604
v -5.254788 10.135507 -12.558872
v -4.183417 10.135507 -12.558872
v -4.183417 10.065154 -12.548604
v -5.254788 11.582099 -11.885247
v -5.306040 11.569238 -11.888169
v -5.254788 10.385009 -9.397474
v -5.306040 11.569238 -11.888169
v -5.306040 10.367092 -9.401546
v -5.254788 10.385009 -9.397474
v -5.306040 11.569238 -11.888169
v -5.349484 11.532597 -11.896493
v -5.306040 10.367092 -9.401546
v -5.349484 11.532597 -11.896493
v -5.349484 10.316045 -9.413142
v -5.306040 10.367092 -9.401546
v -5.349484 11.532597 -11.896493
v -5.378519 11.477769 -11.908951
v -5.349484 10.316045 -9.413142
v -5.378519 11.477769 -11.908951
v -5.378519 10.239659 -9.430497
v -5.349484 10.316045 -9.413142
v -5.378519 11.477769 -11.908951
v -5.388709 11.413087 -11.923646
v -5.378519 10.239659 -9.430497
v -5.388709 11.413087 -11.923646
v -5.388709 10.149549 -9.450970
v -5.378519 10.239659 -9.430497
v -5.254788 9.872683 -9.513873
v -5.306040 9.890602 -9.509802
v -5.254788 9.891967 -12.269236
v -5.306040 9.890602 -9.509802
v -5.306040 9.904827 -12.266314
v -5.254788 9.891967 -12.269236
v -5.306040 9.890602 -9.509802
v -5.349484 9.941648 -9.498204
v -5.306040 9.904827 -12.266314
v -5.349484 9.941648 -9.498204
v -5.349484 9.941470 -12.257989
v -5.306040 9.904827 -12.266314
v -5.349484 9.941648 -9.498204
v -5.378519 10.018033 -9.480849
v -5.349484 9.941470 -12.257989
v -5.378519 10.018033 -9.480849
v -5.378519 9.996298 -12.245532
v -5.349484 9.941470 -12.257989
v -5.378519 10.018033 -9.480849
v -5.388709 10.108144 -9.460378
v -5.378519 9.996298 -12.245532
v -5.388709 10.108144 -9.460378
v -5.388709 10.060979 -12.230837
v -5.378519 9.996298 -12.245532
v -4.183417 10.385009 -9.397474
v -4.132165 10.367092 -9.401546
v -4.183417 11.582099 -11.885247
v -4.132165 10.367092 -9.401546
v -4.132165 11.569238 -11.888169
v -4.183417 11.582099 -11.885247
v -4.132165 10.367092 -9.401546
v -4.088721 10.316045 -9.413142
v -4.132165 11.569238 -11.888169
v -4.088721 10.316045 -9.413142
v -4.088721 11.532597 -11.896493
v -4.132165 11.569238 -11.888169
v -4.088721 10.316045 -9.413142
v -4.059687 10.239659 -9.430497
v -4.088721 11.532597 -11.896493
v -4.059687 10.239659 -9.430497
v -4.059687 11.477769 -11.908951
v -4.088721 11.532597 -11.896493
v -4.059687 10.239659 -9.430497
v -4.049496 10.149549 -9.450970
v -4.059687 11.477769 -11.908951
v -4.049496 10.149549 -9.450970
v -4.049496 11.413087 -11.923646
v -4.059687 11.477769 -11.908951
v -4.183417 9.891967 -12.269236
v -4.132165 9.904827 -12.266314
v -4.183417 9.872683 -9.513873
v -4.132165 9.904827 -12.266314
v -4.132165 9.890602 -9.509802
v -4.183417 9.872683 -9.513873
v -4.132165 9.904827 -12.266314
v -4.088721 9.941470 -12.257989
v -4.132165 9.890602 -9.509802
v -4.088721 9.941470 -12.257989
v -4.088721 9.941648 -9.498204
v -4.132165 9.890602 -9.509802
v -4.088721 9.941470 -12.257989
v -4.059687 9.996298 -12.245532
v -4.088721 9.941648 -9.498204
v -4.059687 9.996298 -12.245532
v -4.059687 10.018033 -9.480849
v -4.088721 9.941648 -9.498204
v -4.059687 9.996298 -12.245532
v -4.049496 10.060979 -12.230837
v -4.059687 10.018033 -9.480849
v -4.049496 10.060979 -12.230837
v -4.049496 10.108144 -9.460378
v -4.059687 10.018033 -9.480849
v -5.254788 10.075020 -9.122934
v -5.306040 10.080691 -9.147897
v -5.254788 10.033616 -9.132341
v -5.306040 10.080691 -9.147897
v -5.306040 10.039289 -9.157304
v -5.254788 10.033616 -9.132341
v -5.306040 10.080691 -9.147897
v -5.349484 10.096849 -9.219016
v -5.306040 10.039289 -9.157304
v -5.349484 10.096849 -9.219016
v -5.349484 10.055445 -9.228422
v -5.306040 10.039289 -9.157304
v -5.349484 10.096849 -9.219016
v -5.378519 10.121026 -9.325431
v -5.349484 10.055445 -9.228422
v -5.378519 10.121026 -9.325431
v -5.378519 10.079622 -9.334837
v -5.349484 10.055445 -9.228422
v -5.378519 10.121026 -9.325431
v -5.388709 10.149549 -9.450970
v -5.378519 10.079622 -9.334837
v -5.388709 10.149549 -9.450970
v -5.388709 10.108144 -9.460378
v -5.378519 10.079622 -9.334837
v -5.254788 10.135507 -12.558872
v -5.306040 10.129834 -12.533909
v -5.254788 11.487616 -12.251681
v -5.306040 10.129834 -12.533909
v -5.306040 11.481943 -12.226716
v -5.254788 11.487616 -12.251681
v -5.306040 10.129834 -12.533909
v -5.349484 10.113678 -12.462792
v -5.306040 11.481943 -12.226716
v -5.349484 10.113678 -12.462792
v -5.349484 11.465786 -12.155601
v -5.306040 11.481943 -12.226716
v -5.349484 10.113678 -12.462792
v -5.378519 10.089501 -12.356377
v -5.349484 11.465786 -12.155601
v -5.378519 10.089501 -12.356377
v -5.378519 11.441609 -12.049185
v -5.349484 11.465786 -12.155601
v -5.378519 10.089501 -12.356377
v -5.388709 10.060979 -12.230837
v -5.378519 11.441609 -12.049185
v -5.388709 10.060979 -12.230837
v -5.388709 11.413087 -11.923646
v -5.378519 11.441609 -12.049185
v -4.183417 10.033616 -9.132341
v -4.132165 10.039289 -9.157304
v -4.183417 10.075020 -9.122934
v -4.132165 10.039289 -9.157304
v -4.132165 10.080691 -9.147897
v -4.183417 10.075020 -9.122934
v -4.132165 10.039289 -9.157304
v -4.088721 10.055445 -9.228422
v -4.132165 10.080691 -9.147897
v -4.088721 10.055445 -9.228422
v -4.088721 10.096849 -9.219016
v -4.132165 10.080691 -9.147897
v -4.088721 10.055445 -9.228422
v -4.059687 10.079622 -9.334837
v -4.088721 10.096849 -9.219016
v -4.059687 10.079622 -9.334837
v -4.059687 10.121026 -9.325431
v -4.088721 10.096849 -9.219016
v -4.059687 10.079622 -9.334837
v -4.049496 10.108144 -9.460378
v -4.059687 10.121026 -9.325431
v -4.049496 10.108144 -9.460378
v -4.049496 10.149549 -9.450970
v -4.059687 10.121026 -9.325431
v -4.183417 11.487616 -12.251681
v -4.132165 11.481943 -12.226716
v -4.183417 10.135507 -12.558872
v -4.132165 11.481943 -12.226716
v -4.132165 10.129834 -12.533909
v -4.183417 10.135507 -12.558872
v -4.132165 11.481943 -12.226716
v -4.088721 11.465786 -12.155601
v -4.132165 10.129834 -12.533909
v -4.088721 11.465786 -12.155601
v -4.088721 10.113678 -12.462792
v -4.132165 10.129834 -12.533909
v -4.088721 11.465786 -12.155601
v -4.059687 11.441609 -12.049185
v -4.088721 10.113678 -12.462792
v -4.059687 11.441609 -12.049185
v -4.059687 10.089501 -12.356377
v -4.088721 10.113678 -12.462792
v -4.059687 11.441609 -12.049185
v -4.049496 11.413087 -11.923646
v -4.059687 10.089501 -12.356377
v -4.049496 11.413087 -11.923646
v -4.049496 10.060979 -12.230837
v -4.059687 10.089501 -12.356377
v -5.306040 10.367092 -9.401546
v -5.254788 10.338571 -9.276006
v -5.254788 10.385009 -9.397474
v -5.349484 10.316045 -9.413142
v -5.321749 10.278779 -9.249125
v -5.306040 10.367092 -9.401546
v -5.254788 10.338571 -9.276006
v -5.306040 10.367092 -9.401546
v -5.321749 10.278779 -9.249125
v -5.321749 10.278779 -9.249125
v -5.254788 10.263346 -9.181188
v -5.254788 10.338571 -9.276006
v -5.378519 10.239659 -9.430497
v -5.361939 10.205231 -9.278960
v -5.349484 10.316045 -9.413142
v -5.321749 10.278779 -9.249125
v -5.349484 10.316045 -9.413142
v -5.361939 10.205231 -9.278960
v -5.361939 10.205231 -9.278960
v -5.316654 10.180030 -9.168036
v -5.321749 10.278779 -9.249125
v -5.254788 10.263346 -9.181188
v -5.321749 10.278779 -9.249125
v -5.316654 10.180030 -9.168036
v -5.316654 10.180030 -9.168036
v -5.254788 10.170803 -9.127424
v -5.254788 10.263346 -9.181188
v -5.388709 10.149549 -9.450970
v -5.378519 10.121026 -9.325431
v -5.378519 10.239659 -9.430497
v -5.361939 10.205231 -9.278960
v -5.378519 10.239659 -9.430497
v -5.378519 10.121026 -9.325431
v -5.378519 10.121026 -9.325431
v -5.349484 10.096849 -9.219016
v -5.361939 10.205231 -9.278960
v -5.316654 10.180030 -9.168036
v -5.361939 10.205231 -9.278960
v -5.349484 10.096849 -9.219016
v -5.349484 10.096849 -9.219016
v -5.306040 10.080691 -9.147897
v -5.316654 10.180030 -9.168036
v -5.254788 10.170803 -9.127424
v -5.316654 10.180030 -9.168036
v -5.306040 10.080691 -9.147897
v -5.306040 10.080691 -9.147897
v -5.254788 10.075020 -9.122934
v -5.254788 10.170803 -9.127424
v -4.132165 10.367092 -9.401546
v -4.183417 10.385009 -9.397474
v -4.183417 10.338571 -9.276006
v -4.088721 10.316045 -9.413142
v -4.132165 10.367092 -9.401546
v -4.116457 10.278779 -9.249125
v -4.183417 10.338571 -9.276006
v -4.116457 10.278779 -9.249125
v -4.132165 10.367092 -9.401546
v -4.116457 10.278779 -9.249125
v -4.183417 10.338571 -9.276006
v -4.183417 10.263346 -9.181188
v -4.059687 10.239659 -9.430497
v -4.088721 10.316045 -9.413142
v -4.076266 10.205231 -9.278960
v -4.116457 10.278779 -9.249125
v -4.076266 10.205231 -9.278960
v -4.088721 10.316045 -9.413142
v -4.076266 10.205231 -9.278960
v -4.116457 10.278779 -9.249125
v -4.121552 10.180030 -9.168036
v -4.183417 10.263346 -9.181188
v -4.121552 10.180030 -9.168036
v -4.116457 10.278779 -9.249125
v -4.121552 10.180030 -9.168036
v -4.183417 10.263346 -9.181188
v -4.183417 10.170803 -9.127424
v -4.049496 10.149549 -9.450970
v -4.059687 10.239659 -9.430497
v -4.059687 10.121026 -9.325431
v -4.076266 10.205231 -9.278960
v -4.059687 10.121026 -9.325431
v -4.059687 10.239659 -9.430497
v -4.059687 10.121026 -9.325431
v -4.076266 10.205231 -9.278960
v -4.088721 10.096849 -9.219016
v -4.121552 10.180030 -9.168036
v -4.088721 10.096849 -9.219016
v -4.076266 10.205231 -9.278960
v -4.088721 10.096849 -9.219016
v -4.121552 10.180030 -9.168036
v -4.132165 10.080691 -9.147897
v -4.183417 10.170803 -9.127424
v -4.132165 10.080691 -9.147897
v -4.121552 10.180030 -9.168036
v -4.132165 10.080691 -9.147897
v -4.183417 10.170803 -9.127424
v -4.183417 10.075020 -9.122934
v -5.306040 9.890602 -9.509802
v -5.254788 9.872683 -9.513873
v -5.254788 9.862080 -9.384262
v -5.349484 9.941648 -9.498204
v -5.306040 9.890602 -9.509802
v -5.321749 9.904385 -9.334185
v -5.254788 9.862080 -9.384262
v -5.321749 9.904385 -9.334185
v -5.306040 9.890602 -9.509802
v -5.321749 9.904385 -9.334185
v -5.254788 9.862080 -9.384262
v -5.254788 9.888949 -9.266250
v -5.378519 10.018033 -9.480849
v -5.349484 9.941648 -9.498204
v -5.361939 9.983605 -9.329312
v -5.321749 9.904385 -9.334185
v -5.361939 9.983605 -9.329312
v -5.349484 9.941648 -9.498204
v -5.361939 9.983605 -9.329312
v -5.321749 9.904385 -9.334185
v -5.316654 9.958404 -9.218388
v -5.254788 9.888949 -9.266250
v -5.316654 9.958404 -9.218388
v -5.321749 9.904385 -9.334185
v -5.316654 9.958404 -9.218388
v -5.254788 9.888949 -9.266250
v -5.254788 9.949177 -9.177776
v -5.388709 10.108144 -9.460378
v -5.378519 10.018033 -9.480849
v -5.378519 10.079622 -9.334837
v -5.361939 9.983605 -9.329312
v -5.378519 10.079622 -9.334837
v -5.378519 10.018033 -9.480849
v -5.378519 10.079622 -9.334837
v -5.361939 9.983605 -9.329312
v -5.349484 10.055445 -9.228422
v -5.316654 9.958404 -9.218388
v -5.349484 10.055445 -9.228422
v -5.361939 9.983605 -9.329312
v -5.349484 10.055445 -9.228422
v -5.316654 9.958404 -9.218388
v -5.306040 10.039289 -9.157304
v -5.254788 9.949177 -9.177776
v -5.306040 10.039289 -9.157304
v -5.316654 9.958404 -9.218388
v -5.306040 10.039289 -9.157304
v -5.254788 9.949177 -9.177776
v -5.254788 10.033616 -9.132341
v -5.306040 11.569238 -11.888169
v -5.254788 11.582099 -11.885247
v -5.254788 11.597761 -12.013708
v -5.349484 11.532597 -11.896493
v -5.306040 11.569238 -11.888169
v -5.321749 11.569861 -12.060511
v -5.254788 11.597761 -12.013708
v -5.321749 11.569861 -12.060511
v -5.306040 11.569238 -11.888169
v -5.321749 11.569861 -12.060511
v -5.254788 11.597761 -12.013708
v -5.254788 11.585297 -12.128448
v -5.378519 11.477769 -11.908951
v -5.349484 11.532597 -11.896493
v -5.361939 11.512197 -12.060487
v -5.321749 11.569861 -12.060511
v -5.361939 11.512197 -12.060487
v -5.349484 11.532597 -11.896493
v -5.361939 11.512197 -12.060487
v -5.321749 11.569861 -12.060511
v -5.316654 11.537397 -12.171412
v -5.254788 11.585297 -12.128448
v -5.316654 11.537397 -12.171412
v -5.321749 11.569861 -12.060511
v -5.316654 11.537397 -12.171412
v -5.254788 11.585297 -12.128448
v -5.254788 11.546624 -12.212022
v -5.388709 11.413087 -11.923646
v -5.378519 11.477769 -11.908951
v -5.378519 11.441609 -12.049185
v -5.361939 11.512197 -12.060487
v -5.378519 11.441609 -12.049185
v -5.378519 11.477769 -11.908951
v -5.378519 11.441609 -12.049185
v -5.361939 11.512197 -12.060487
v -5.349484 11.465786 -12.155601
v -5.316654 11.537397 -12.171412
v -5.349484 11.465786 -12.155601
v -5.361939 11.512197 -12.060487
v -5.349484 11.465786 -12.155601
v -5.316654 11.537397 -12.171412
v -5.306040 11.481943 -12.226716
v -5.254788 11.546624 -12.212022
v -5.306040 11.481943 -12.226716
v -5.316654 11.537397 -12.171412
v -5.306040 11.481943 -12.226716
v -5.254788 11.546624 -12.212022
v -5.254788 11.487616 -12.251681
v -4.132165 9.890602 -9.509802
v -4.183417 9.862080 -9.384262
v -4.183417 9.872683 -9.513873
v -4.088721 9.941648 -9.498204
v -4.116457 9.904385 -9.334185
v -4.132165 9.890602 -9.509802
v -4.183417 9.862080 -9.384262
v -4.132165 9.890602 -9.509802
v -4.116457 9.904385 -9.334185
v -4.116457 9.904385 -9.334185
v -4.183417 9.888949 -9.266250
v -4.183417 9.862080 -9.384262
v -4.059687 10.018033 -9.480849
v -4.076266 9.983605 -9.329312
v -4.088721 9.941648 -9.498204
v -4.116457 9.904385 -9.334185
v -4.088721 9.941648 -9.498204
v -4.076266 9.983605 -9.329312
v -4.076266 9.983605 -9.329312
v -4.121552 9.958404 -9.218388
v -4.116457 9.904385 -9.334185
v -4.183417 9.888949 -9.266250
v -4.116457 9.904385 -9.334185
v -4.121552 9.958404 -9.218388
v -4.121552 9.958404 -9.218388
v -4.183417 9.949177 -9.177776
v -4.183417 9.888949 -9.266250
v -4.049496 10.108144 -9.460378
v -4.059687 10.079622 -9.334837
v -4.059687 10.018033 -9.480849
v -4.076266 9.983605 -9.329312
v -4.059687 10.018033 -9.480849
v -4.059687 10.079622 -9.334837
v -4.059687 10.079622 -9.334837
v -4.088721 10.055445 -9.228422
v -4.076266 9.983605 -9.329312
v -4.121552 9.958404 -9.218388
v -4.076266 9.983605 -9.329312
v -4.088721 10.055445 -9.228422
v -4.088721 10.055445 -9.228422
v -4.132165 10.039289 -9.157304
v -4.121552 9.958404 -9.218388
v -4.183417 9.949177 -9.177776
v -4.121552 9.958404 -9.218388
v -4.132165 10.039289 -9.157304
v -4.132165 10.039289 -9.157304
v -4.183417 10.033616 -9.132341
v -4.183417 9.949177 -9.177776
v -5.306040 9.904827 -12.266314
v -5.254788 9.933349 -12.391853
v -5.254788 9.891967 -12.269236
v -5.349484 9.941470 -12.257989
v -5.321749 9.978734 -12.422006
v -5.306040 9.904827 -12.266314
v -5.254788 9.933349 -12.391853
v -5.306040 9.904827 -12.266314
v -5.321749 9.978734 -12.422006
v -5.321749 9.978734 -12.422006
v -5.254788 9.994168 -12.489944
v -5.254788 9.933349 -12.391853
v -5.378519 9.996298 -12.245532
v -5.361939 10.030726 -12.397069
v -5.349484 9.941470 -12.257989
v -5.321749 9.978734 -12.422006
v -5.349484 9.941470 -12.257989
v -5.361939 10.030726 -12.397069
v -5.361939 10.030726 -12.397069
v -5.316654 10.055927 -12.507993
v -5.321749 9.978734 -12.422006
v -5.254788 9.994168 -12.489944
v -5.321749 9.978734 -12.422006
v -5.316654 10.055927 -12.507993
v -5.316654 10.055927 -12.507993
v -5.254788 10.065154 -12.548604
v -5.254788 9.994168 -12.489944
v -5.388709 10.060979 -12.230837
v -5.378519 10.089501 -12.356377
v -5.378519 9.996298 -12.245532
v -5.361939 10.030726 -12.397069
v -5.378519 9.996298 -12.245532
v -5.378519 10.089501 -12.356377
v -5.378519 10.089501 -12.356377
v -5.349484 10.113678 -12.462792
v -5.361939 10.030726 -12.397069
v -5.316654 10.055927 -12.507993
v -5.361939 10.030726 -12.397069
v -5.349484 10.113678 -12.462792
v -5.349484 10.113678 -12.462792
v -5.306040 10.129834 -12.533909
v -5.316654 10.055927 -12.507993
v -5.254788 10.065154 -12.548604
v -5.316654 10.055927 -12.507993
v -5.306040 10.129834 -12.533909
v -5.306040 10.129834 -12.533909
v -5.254788 10.135507 -12.558872
v -5.254788 10.065154 -12.548604
v -4.132165 11.569238 -11.888169
v -4.183417 11.597761 -12.013708
v -4.183417 11.582099 -11.885247
v -4.088721 11.532597 -11.896493
v -4.116457 11.569861 -12.060511
v -4.132165 11.569238 -11.888169
v -4.183417 11.597761 -12.013708
v -4.132165 11.569238 -11.888169
v -4.116457 11.569861 -12.060511
v -4.116457 11.569861 -12.060511
v -4.183417 11.585297 -12.128448
v -4.183417 11.597761 -12.013708
v -4.059687 11.477769 -11.908951
v -4.076266 11.512197 -12.060487
v -4.088721 11.532597 -11.896493
v -4.116457 11.569861 -12.060511
v -4.088721 11.532597 -11.896493
v -4.076266 11.512197 -12.060487
v -4.076266 11.512197 -12.060487
v -4.121552 11.537397 -12.171412
v -4.116457 11.569861 -12.060511
v -4.183417 11.585297 -12.128448
v -4.116457 11.569861 -12.060511
v -4.121552 11.537397 -12.171412
v -4.121552 11.537397 -12.171412
v -4.183417 11.546624 -12.212022
v -4.183417 11.585297 -12.128448
v -4.049496 11.413087 -11.923646
v -4.059687 11.441609 -12.049185
v -4.059687 11.477769 -11.908951
v -4.076266 11.512197 -12.060487
v -4.059687 11.477769 -11.908951
v -4.059687 11.441609 -12.049185
v -4.059687 11.441609 -12.049185
v -4.088721 11.465786 -12.155601
v -4.076266 11.512197 -12.060487
v -4.121552 11.537397 -12.171412
v -4.076266 11.512197 -12.060487
v -4.088721 11.465786 -12.155601
v -4.088721 11.465786 -12.155601
v -4.132165 11.481943 -12.226716
v -4.121552 11.537397 -12.171412
v -4.183417 11.546624 -12.212022
v -4.121552 11.537397 -12.171412
v -4.132165 11.481943 -12.226716
v -4.132165 11.481943 -12.226716
v -4.183417 11.487616 -12.251681
v -4.183417 11.546624 -12.212022
v -4.132165 9.904827 -12.266314
v -4.183417 9.891967 -12.269236
v -4.183417 9.933349 -12.391853
v -4.088721 9.941470 -12.257989
v -4.132165 9.904827 -12.266314
v -4.116457 9.978734 -12.422006
v -4.183417 9.933349 -12.391853
v -4.116457 9.978734 -12.422006
v -4.132165 9.904827 -12.266314
v -4.116457 9.978734 -12.422006
v -4.183417 9.933349 -12.391853
v -4.183417 9.994168 -12.489944
v -4.059687 9.996298 -12.245532
v -4.088721 9.941470 -12.257989
v -4.076266 10.030726 -12.397069
v -4.116457 9.978734 -12.422006
v -4.076266 10.030726 -12.397069
v -4.088721 9.941470 -12.257989
v -4.076266 10.030726 -12.397069
v -4.116457 9.978734 -12.422006
v -4.121552 10.055927 -12.507993
v -4.183417 9.994168 -12.489944
v -4.121552 10.055927 -12.507993
v -4.116457 9.978734 -12.422006
v -4.121552 10.055927 -12.507993
v -4.183417 9.994168 -12.489944
v -4.183417 10.065154 -12.548604
v -4.049496 10.060979 -12.230837
v -4.059687 9.996298 -12.245532
v -4.059687 10.089501 -12.356377
v -4.076266 10.030726 -12.397069
v -4.059687 10.089501 -12.356377
v -4.059687 9.996298 -12.245532
v -4.059687 10.089501 -12.356377
v -4.076266 10.030726 -12.397069
v -4.088721 10.113678 -12.462792
v -4.121552 10.055927 -12.507993
v -4.088721 10.113678 -12.462792
v -4.076266 10.030726 -12.397069
v -4.088721 10.113678 -12.462792
v -4.121552 10.055927 -12.507993
v -4.132165 10.129834 -12.533909
v -4.183417 10.065154 -12.548604
v -4.132165 10.129834 -12.533909
v -4.121552 10.055927 -12.507993
v -4.132165 10.129834 -12.533909
v -4.183417 10.065154 -12.548604
v -4.183417 10.135507 -12.558872
vn -0.0000 -0.0000 1.0000
vn -0.3750 0.8594 0.3475
vn -0.3925 0.8670 0.3070
vn -0.0000 -0.0000 -1.0000
vn -0.6205 0.4928 -0.6100
vn -0.7921 0.5817 -0.1849
vn -0.6204 0.4928 -0.6102
vn -0.7920 0.5818 -0.1848
vn -0.7920 0.5819 -0.1849
vn -0.9564 0.2917 -0.0142
vn -0.0797 0.8159 0.5726
vn -0.9564 0.2916 -0.0142
vn -0.9565 0.2915 -0.0142
vn -0.9924 0.1226 0.0059
vn -0.9565 0.2915 -0.0141
vn -0.9924 0.1227 0.0059
vn -0.9565 0.2914 -0.0142
vn -0.9947 0.1026 -0.0031
vn -0.9924 0.1225 0.0058
vn -0.0181 0.9551 0.2956
vn -0.0559 0.9973 0.0481
vn -0.3313 0.9087 0.2541
vn -0.4554 0.8078 0.3743
vn -0.3565 0.9188 0.1697
vn -0.4555 0.8078 0.3743
vn -0.3313 0.9087 0.2540
vn -0.4555 0.8077 0.3743
vn -0.4612 0.8190 0.3414
vn -0.0003 0.9659 0.2589
vn -0.3565 0.9188 0.1696
vn -0.4839 0.8695 0.0997
vn -0.3089 0.9500 -0.0456
vn -0.4838 0.8695 0.0996
vn -0.4838 0.8695 0.0997
vn -0.3322 0.9323 -0.1428
vn -0.4794 0.8382 0.2600
vn -0.0003 0.9659 0.2590
vn -0.0000 0.9602 0.2795
vn -0.4712 0.8531 0.2240
vn -0.0000 0.9526 0.3044
vn -0.0000 0.9602 0.2794
vn -0.0000 0.9526 0.3043
vn -0.4712 0.8531 0.2239
vn -0.4004 0.8810 0.2522
vn -0.0000 0.9441 0.3297
vn -0.3926 0.8670 0.3070
vn -0.0000 0.9342 0.3568
vn -0.0001 0.9441 0.3297
vn -0.0001 0.9342 0.3568
vn -0.3751 0.8594 0.3475
vn -0.0000 0.9201 0.3917
vn -0.7921 0.5818 -0.1848
vn 0.0797 -0.8159 -0.5726
vn -0.9829 0.1840 -0.0075
vn -0.9829 0.1839 -0.0075
vn -0.9709 0.2282 0.0722
vn -0.9829 0.1839 -0.0076
vn -0.9709 0.2283 0.0723
vn -0.9265 0.3482 0.1427
vn -0.9709 0.2283 0.0722
vn -0.9265 0.3482 0.1428
vn -0.8128 0.5436 0.2095
vn -0.8127 0.5437 0.2095
vn -0.7804 0.6006 0.1737
vn -0.8127 0.5437 0.2096
vn -0.7804 0.6007 0.1737
vn -0.7804 0.6006 0.1738
vn -0.7218 0.6546 0.2250
vn -0.7218 0.6545 0.2249
vn -0.7804 0.6007 0.1736
vn -0.5018 0.8182 0.2808
vn -0.7217 0.6546 0.2249
vn -0.5019 0.8181 0.2808
vn -0.7218 0.6545 0.2250
vn -0.0000 0.4964 -0.8681
vn -0.2847 0.4892 -0.8244
vn -0.0000 0.6605 -0.7509
vn -0.3871 0.6484 -0.6555
vn -0.2848 0.4892 -0.8244
vn -0.4670 0.5967 -0.6526
vn -0.3872 0.6484 -0.6555
vn -0.6204 0.4928 -0.6101
vn -0.6127 0.6214 -0.4884
vn -0.6127 0.6214 -0.4883
vn -0.5925 0.8016 -0.0798
vn -0.7920 0.5818 -0.1849
vn -0.7744 0.6305 0.0519
vn -0.5925 0.8016 -0.0797
vn -0.7745 0.6304 0.0518
vn -0.7921 0.5818 -0.1849
vn -0.9483 0.3172 0.0130
vn -0.9216 0.3879 -0.0124
vn -0.8538 0.5187 0.0439
vn -0.9483 0.3171 0.0130
vn -0.9216 0.3878 -0.0124
vn -0.9346 0.3514 0.0561
vn -0.7891 0.5955 0.1506
vn -0.6020 0.7980 0.0275
vn -0.8538 0.5188 0.0439
vn -0.4839 0.8694 0.0997
vn -0.6355 0.7140 0.2938
vn -0.8291 0.5501 0.0995
vn -0.9345 0.3514 0.0561
vn -0.9216 0.3879 -0.0125
vn -0.8291 0.5502 0.0995
vn -0.7891 0.5955 0.1505
vn -0.8110 0.5538 0.1888
vn -0.9346 0.3513 0.0562
vn -0.9345 0.3514 0.0562
vn -0.8109 0.5539 0.1888
vn -0.6236 0.7284 0.2838
vn -0.8291 0.5502 0.0996
vn -0.6355 0.7140 0.2939
vn -0.6360 0.7522 0.1725
vn -0.6360 0.7521 0.1725
vn -0.7218 0.6546 0.2249
vn -0.7805 0.6006 0.1737
vn -0.4435 0.8792 0.1742
vn -0.5019 0.8181 0.2807
vn -0.7217 0.6546 0.2250
vn -0.4435 0.8792 0.1743
vn -0.5018 0.8181 0.2807
vn -0.4795 0.8382 0.2600
vn -0.4613 0.8190 0.3414
vn -0.4794 0.8382 0.2601
vn -0.4711 0.8532 0.2239
vn -0.4713 0.8531 0.2240
vn -0.4436 0.8791 0.1742
vn -0.4004 0.8809 0.2523
vn -0.9717 0.2117 0.1051
vn -0.9717 0.2117 0.1052
vn -0.8128 0.5436 0.2096
vn -0.9717 0.2116 0.1051
vn -0.9751 0.2064 0.0809
vn -0.9751 0.2064 0.0808
vn -0.9717 0.2116 0.1052
vn -0.9672 0.2369 0.0914
vn -0.9279 0.3354 0.1628
vn -0.9511 0.2395 0.1953
vn -0.9279 0.3355 0.1628
vn -0.8128 0.5385 0.2221
vn -0.9208 0.3146 0.2305
vn -0.9510 0.2395 0.1954
vn -0.9208 0.3146 0.2306
vn -0.9189 0.2158 0.3303
vn -0.8196 0.5488 0.1646
vn -0.9185 0.2968 0.2611
vn -0.9189 0.2158 0.3302
vn -0.9185 0.2968 0.2612
vn -0.8928 0.2211 0.3924
vn -0.7356 0.6227 0.2668
vn -0.8297 0.2206 0.5127
vn -0.6573 0.6839 0.3167
vn -0.5253 0.8205 0.2253
vn -0.7558 0.2110 0.6199
vn -0.8928 0.2212 0.3924
vn -0.7557 0.2111 0.6199
vn -0.8374 0.4229 0.3462
vn -0.7557 0.2110 0.6200
vn -0.8297 0.2206 0.5128
vn -0.6796 0.1907 0.7084
vn -0.6702 0.6428 0.3711
vn -0.8375 0.4229 0.3462
vn -0.7557 0.2111 0.6200
vn -0.5717 0.1551 0.8057
vn -0.5484 0.5089 0.6636
vn -0.6701 0.6428 0.3711
vn -0.5484 0.5089 0.6635
vn -0.3723 0.9029 0.2151
vn -0.2755 0.4881 0.8282
vn -0.5716 0.1551 0.8057
vn -0.2387 0.8603 0.4504
vn -0.3722 0.9029 0.2151
vn -0.5483 0.5089 0.6636
vn -0.2681 0.9517 0.1500
vn -0.3722 0.9029 0.2150
vn -0.0000 0.9624 0.2717
vn -0.2387 0.8604 0.4503
vn -0.0000 0.7504 0.6610
vn -0.2388 0.8603 0.4504
vn -0.2754 0.4881 0.8282
vn -0.0000 0.7504 0.6609
vn -0.0000 0.6661 0.7459
vn -0.0000 0.9542 0.2992
vn -0.0000 0.9196 0.3928
vn -0.3689 0.8928 0.2585
vn -0.3581 0.8459 0.3953
vn -0.0000 0.9201 0.3918
vn -0.0000 0.9196 0.3929
vn -0.3580 0.8459 0.3953
vn -0.2531 0.9020 0.3499
vn -0.3688 0.8928 0.2585
vn -0.3711 0.8928 0.2553
vn -0.3711 0.8928 0.2552
vn -0.3751 0.8594 0.3474
vn -0.4298 0.8493 0.3064
vn -0.3926 0.8669 0.3070
vn -0.5018 0.8181 0.2808
vn -0.5252 0.8206 0.2253
vn -0.5252 0.8206 0.2252
vn -0.4298 0.8494 0.3064
vn -0.8129 0.5384 0.2221
vn -0.9279 0.3353 0.1628
vn -0.8129 0.5384 0.2222
vn -0.8197 0.5487 0.1646
vn -0.8129 0.5384 0.2220
vn -0.8196 0.5489 0.1646
vn -0.8196 0.5488 0.1645
vn -0.7355 0.6227 0.2668
vn -0.6572 0.6839 0.3167
vn -0.7356 0.6226 0.2668
vn -0.6572 0.6839 0.3168
vn -0.5253 0.8206 0.2253
vn -0.5253 0.8205 0.2252
vn -0.3710 0.8929 0.2553
vn -0.5253 0.8206 0.2252
vn -0.3710 0.8928 0.2553
vn -0.2530 0.9020 0.3499
vn -0.2531 0.9019 0.3499
vn -0.3688 0.8928 0.2584
vn -0.0001 0.9542 0.2992
vn 0.0001 0.9542 0.2992
vn -0.9185 0.2969 0.2612
vn -0.9185 0.2969 0.2611
vn -0.8928 0.2213 0.3925
vn -0.3723 0.9029 0.2150
vn -0.6702 0.6427 0.3711
vn -0.2681 0.9516 0.1500
vn -0.2680 0.9517 0.1500
vn -0.3721 0.9029 0.2150
vn -0.2680 0.9517 0.1499
vn -0.0000 0.9200 0.3918
vn -0.9878 0.1517 0.0362
vn -0.0000 0.4963 -0.8681
vn -0.4669 0.5967 -0.6526
vn -0.2847 0.4893 -0.8244
vn -0.8485 0.4994 0.1751
vn -0.8129 0.5385 0.2221
vn -0.8485 0.4995 0.1751
vn -0.7718 0.5859 0.2471
vn -0.7718 0.5858 0.2471
vn -0.8374 0.4230 0.3462
vn -0.7422 0.6398 0.1998
vn -0.7422 0.6397 0.1997
vn -0.7421 0.6398 0.1998
vn -0.5686 0.7971 0.2030
vn -0.7422 0.6397 0.1998
vn -0.7421 0.6398 0.1997
vn -0.5686 0.7972 0.2029
vn -0.8484 0.4995 0.1750
vn -0.4490 0.8678 0.2129
vn -0.7718 0.5859 0.2472
vn -0.4491 0.8677 0.2130
vn -0.5686 0.7972 0.2030
vn -0.4491 0.8678 0.2129
vn -0.3761 0.8948 0.2406
vn -0.2747 0.9411 0.1973
vn -0.2748 0.9411 0.1973
vn -0.2530 0.9020 0.3498
vn -0.3688 0.8929 0.2584
vn -0.2681 0.9517 0.1499
vn -0.2747 0.9411 0.1972
vn -0.3689 0.8928 0.2584
vn -0.0001 0.9624 0.2717
vn -0.4555 0.8077 0.3744
vn -0.4613 0.8189 0.3414
vn -0.4839 0.8695 0.0996
vn -0.4839 0.8694 0.0996
vn -0.2280 0.9495 -0.2154
vn -0.2281 0.9495 -0.2154
vn -0.3323 0.9323 -0.1428
vn -0.6020 0.7981 0.0275
vn -0.2485 0.9287 -0.2752
vn -0.2281 0.9495 -0.2155
vn -0.1568 0.9769 -0.1454
vn -0.6020 0.7980 0.0274
vn -0.1567 0.9769 -0.1454
vn 0.1270 0.9466 -0.2964
vn 0.1271 0.9466 -0.2964
vn -0.1568 0.9769 -0.1453
vn -0.1567 0.9769 -0.1453
vn -0.5256 0.8507 0.0110
vn -0.5255 0.8507 0.0110
vn -0.7745 0.6305 0.0518
vn 0.3152 0.9490 -0.0052
vn -0.5256 0.8507 0.0111
vn -0.0564 0.9751 0.2146
vn 0.3152 0.9490 -0.0051
vn -0.0564 0.9751 0.2147
vn 0.3153 0.9490 -0.0051
vn 0.2873 0.8501 0.4413
vn -0.2131 0.9303 0.2986
vn -0.5926 0.8016 -0.0797
vn 0.2874 0.8501 0.4414
vn -0.6127 0.6213 -0.4884
vn -0.0064 0.8459 0.5333
vn -0.0064 0.8460 0.5332
vn -0.0637 0.9211 0.3840
vn -0.2772 0.9606 0.0199
vn -0.2130 0.9303 0.2986
vn -0.0637 0.9212 0.3839
vn -0.1910 0.9750 -0.1133
vn -0.1910 0.9750 -0.1132
vn -0.0827 0.9834 0.1613
vn -0.1910 0.9751 -0.1132
vn -0.0828 0.9834 0.1612
vn -0.0000 0.9910 -0.1340
vn -0.0000 0.9965 0.0840
vn -0.2134 0.9565 -0.1989
vn -0.2484 0.9287 -0.2753
vn -0.2133 0.9565 -0.1989
vn 0.2677 0.7777 -0.5687
vn -0.3089 0.9500 -0.0455
vn 0.5551 0.5124 -0.6552
vn 0.2677 0.7778 -0.5687
vn 0.2678 0.7778 -0.5686
vn 0.6623 -0.4004 -0.6332
vn -0.2779 0.9587 -0.0613
vn 0.3430 0.5617 -0.7529
vn 0.5552 0.5124 -0.6552
vn 0.6623 -0.4005 -0.6332
vn -0.2778 0.9587 -0.0614
vn 0.3366 0.0105 -0.9416
vn -0.2794 0.9569 0.0796
vn 0.0210 0.7181 -0.6956
vn 0.3429 0.5617 -0.7529
vn 0.0210 0.7182 -0.6956
vn 0.3367 0.0105 -0.9416
vn -0.2794 0.9569 0.0795
vn -0.2779 0.9587 -0.0614
vn 0.1522 0.0219 -0.9881
vn 0.0001 -0.0583 -0.9983
vn -0.0244 0.9965 0.0801
vn -0.0244 0.9965 0.0800
vn -0.2132 0.9736 -0.0812
vn 0.0210 0.7181 -0.6957
vn -0.2793 0.9569 0.0795
vn -0.0000 0.8478 -0.5304
vn 0.1433 -0.1904 -0.9712
vn 0.0001 0.8477 -0.5304
vn -0.0000 -0.0584 -0.9983
vn -0.0000 0.1688 -0.9856
vn -0.0000 0.2956 -0.9553
vn 1.0000 -0.0000 -0.0000
vn -0.0000 0.2958 -0.9553
vn -0.0000 0.3702 -0.9289
vn -0.0001 0.4964 -0.8681
vn -0.0001 0.4134 -0.9106
vn -0.2769 0.5200 -0.8080
vn -0.2769 0.5200 -0.8081
vn -0.0001 0.4133 -0.9106
vn -0.0001 0.3702 -0.9290
vn -0.2768 0.5200 -0.8080
vn -0.0000 0.2957 -0.9553
vn -0.3400 0.3564 -0.8703
vn -0.2768 0.5200 -0.8081
vn -0.0000 0.3702 -0.9290
vn -0.0001 0.2957 -0.9553
vn -0.0000 0.1689 -0.9856
vn -0.4011 0.1767 -0.8988
vn -0.4591 0.1489 -0.8758
vn -0.4011 0.1766 -0.8988
vn -0.6594 0.5063 -0.5558
vn -0.3400 0.3564 -0.8702
vn -0.6594 0.5062 -0.5558
vn -0.6594 0.5063 -0.5557
vn -0.7476 0.3202 -0.5819
vn -0.3401 0.3564 -0.8703
vn -0.4012 0.1767 -0.8988
vn -0.7475 0.3202 -0.5820
vn -0.7513 0.1481 -0.6431
vn -0.4012 0.1766 -0.8988
vn -0.4591 0.1490 -0.8758
vn -0.7514 0.1481 -0.6431
vn -0.8279 0.1646 -0.5361
vn -0.9423 0.2179 -0.2543
vn -0.6594 0.5062 -0.5557
vn -0.9423 0.2179 -0.2542
vn -0.9565 0.2915 -0.0143
vn -0.7514 0.1481 -0.6430
vn -0.8280 0.1645 -0.5361
vn -0.9524 0.1594 -0.2597
vn -0.9524 0.1595 -0.2597
vn -0.9650 0.1471 -0.2172
vn -0.9650 0.1471 -0.2171
vn -0.9896 0.1353 -0.0487
vn -0.9525 0.1594 -0.2596
vn -0.9525 0.2077 -0.2225
vn -0.9525 0.2077 -0.2226
vn -0.9423 0.2178 -0.2542
vn -0.9526 0.2077 -0.2225
vn -0.9932 0.1002 -0.0590
vn -0.9525 0.1595 -0.2596
vn -0.9526 0.2076 -0.2225
vn -0.9869 0.1524 -0.0523
vn -0.9869 0.1523 -0.0523
vn -0.8297 0.2207 0.5127
vn -0.8057 0.3628 0.4682
vn -0.6796 0.1908 0.7084
vn -0.9878 0.1517 0.0361
vn -0.9947 0.1026 -0.0030
vn -0.9669 0.2550 -0.0106
vn -0.9467 0.2582 0.1925
vn -0.9347 0.2326 0.2689
vn -0.9467 0.2581 0.1926
vn -0.4151 -0.9097 -0.0080
vn -0.9347 0.2325 0.2689
vn -0.4590 0.1489 -0.8758
vn -0.0001 0.2974 -0.9548
vn -0.0000 0.2974 -0.9548
vn -0.5214 0.3394 -0.7829
vn -0.5215 0.3394 -0.7829
vn -0.8019 0.2409 -0.5467
vn -0.8279 0.1646 -0.5362
vn -0.8020 0.2409 -0.5466
vn -0.9384 0.2185 -0.2677
vn -0.8280 0.1646 -0.5361
vn -0.9384 0.2185 -0.2678
vn -0.9650 0.1472 -0.2171
vn -0.9881 0.1438 -0.0549
vn -0.9896 0.1352 -0.0487
vn -0.9650 0.1470 -0.2171
vn -0.9905 0.1377 -0.0063
vn -0.9904 0.1378 -0.0063
vn -0.9904 0.1379 -0.0063
vn -0.9751 0.2065 0.0809
vn -0.9878 0.1518 0.0362
vn -0.9669 0.2549 -0.0106
vn -0.9751 0.2065 0.0808
vn -0.9873 0.1571 -0.0213
vn -0.9903 -0.1346 -0.0335
vn -0.9874 0.1571 -0.0213
vn -0.9467 0.2582 0.1926
vn -0.9874 0.1570 -0.0213
vn -0.9669 0.2549 -0.0105
vn -0.9467 0.2581 0.1925
vn -0.9751 0.2063 0.0809
vn -0.9672 0.2370 0.0914
vn -0.9672 0.2370 0.0913
vn -0.9280 0.3625 0.0861
vn -0.9240 0.3475 0.1595
vn -0.9673 0.2372 0.0897
vn -0.9510 0.2395 0.1953
vn -0.9240 0.3475 0.1596
vn -0.9138 0.2749 0.2991
vn -0.9510 0.2396 0.1954
vn -0.9189 0.2157 0.3303
vn -0.9510 0.2396 0.1953
vn -0.8983 0.2481 0.3626
vn -0.9189 0.2158 0.3304
vn -0.8491 0.3816 0.3652
vn -0.8491 0.3817 0.3652
vn -0.8627 0.3111 0.3987
vn -1.0000 -0.0000 -0.0000
vn 0.0001 -0.0584 -0.9983
vn 0.1521 0.0219 -0.9881
vn 0.0209 0.7181 -0.6956
vn 0.3751 0.8594 0.3475
vn 0.3925 0.8670 0.3070
vn 0.3926 0.8670 0.3070
vn 0.3750 0.8594 0.3475
vn 0.6288 0.4814 -0.6106
vn 0.7983 0.5702 -0.1942
vn 0.7983 0.5702 -0.1941
vn 0.6287 0.4815 -0.6106
vn 0.9557 0.2937 -0.0178
vn 0.7983 0.5701 -0.1942
vn 0.9557 0.2937 -0.0179
vn 0.9785 0.2063 0.0004
vn 0.9785 0.2064 0.0004
vn 0.9558 0.2936 -0.0179
vn 0.9828 0.1840 -0.0132
vn -0.0558 0.9973 0.0481
vn -0.0180 0.9551 0.2956
vn 0.2968 0.9411 0.1619
vn -0.0180 0.9552 0.2955
vn 0.4704 0.7711 0.4290
vn 0.4704 0.7712 0.4289
vn 0.3585 0.9289 0.0933
vn 0.2969 0.9411 0.1619
vn 0.4704 0.7712 0.4290
vn 0.4611 0.8190 0.3415
vn -0.0181 0.9552 0.2955
vn 0.4612 0.8190 0.3414
vn 0.4839 0.8694 0.0997
vn 0.3089 0.9500 -0.0456
vn 0.3584 0.9289 0.0932
vn 0.4838 0.8695 0.0996
vn 0.3322 0.9323 -0.1428
vn 0.4794 0.8380 0.2607
vn 0.4712 0.8531 0.2239
vn 0.4004 0.8810 0.2522
vn -0.0000 0.9525 0.3044
vn 0.0001 0.9441 0.3298
vn 0.0001 0.9342 0.3568
vn 0.9633 0.2678 -0.0170
vn 0.9591 0.2734 0.0739
vn 0.9633 0.2677 -0.0170
vn 0.9634 0.2677 -0.0170
vn 0.9591 0.2733 0.0739
vn 0.9204 0.3672 0.1341
vn 0.9591 0.2732 0.0740
vn 0.9204 0.3672 0.1342
vn 0.8057 0.5529 0.2124
vn 0.8057 0.5530 0.2123
vn 0.7804 0.6006 0.1737
vn 0.7804 0.6007 0.1737
vn 0.8056 0.5530 0.2124
vn 0.7804 0.6006 0.1738
vn 0.7218 0.6546 0.2250
vn 0.7804 0.6007 0.1736
vn 0.7218 0.6545 0.2249
vn 0.5018 0.8182 0.2808
vn 0.5019 0.8181 0.2808
vn 0.7218 0.6545 0.2250
vn 0.2847 0.4892 -0.8244
vn -0.0000 0.6604 -0.7509
vn 0.3872 0.6484 -0.6555
vn 0.4670 0.5967 -0.6526
vn 0.2848 0.4892 -0.8244
vn 0.6288 0.4815 -0.6106
vn 0.6128 0.6213 -0.4883
vn 0.3871 0.6484 -0.6555
vn 0.6127 0.6214 -0.4883
vn 0.6117 0.7853 -0.0953
vn 0.7982 0.5702 -0.1942
vn 0.6116 0.7854 -0.0954
vn 0.7854 0.6179 0.0361
vn 0.7982 0.5702 -0.1941
vn 0.7855 0.6179 0.0361
vn 0.9483 0.3172 0.0130
vn 0.7855 0.6178 0.0360
vn 0.9216 0.3879 -0.0124
vn 0.8538 0.5187 0.0439
vn 0.9483 0.3171 0.0130
vn 0.9216 0.3878 -0.0124
vn 0.9346 0.3514 0.0562
vn 0.7892 0.5955 0.1506
vn 0.8538 0.5188 0.0439
vn 0.6020 0.7980 0.0275
vn 0.7891 0.5955 0.1506
vn 0.6355 0.7140 0.2938
vn 0.8291 0.5502 0.0995
vn 0.9345 0.3514 0.0561
vn 0.9216 0.3879 -0.0125
vn 0.7891 0.5955 0.1505
vn 0.8109 0.5538 0.1888
vn 0.9591 0.2733 0.0740
vn 0.9345 0.3514 0.0562
vn 0.8109 0.5539 0.1888
vn 0.6238 0.7283 0.2837
vn 0.6237 0.7283 0.2837
vn 0.6237 0.7283 0.2838
vn 0.6355 0.7140 0.2939
vn 0.4794 0.8379 0.2607
vn 0.6237 0.7284 0.2838
vn 0.6360 0.7522 0.1725
vn 0.6360 0.7521 0.1725
vn 0.4712 0.8531 0.2240
vn 0.8057 0.5530 0.2124
vn 0.7218 0.6546 0.2249
vn 0.7805 0.6006 0.1737
vn 0.4435 0.8792 0.1742
vn 0.5019 0.8181 0.2807
vn 0.7217 0.6546 0.2249
vn 0.4435 0.8792 0.1743
vn 0.5018 0.8181 0.2807
vn 0.4612 0.8190 0.3415
vn 0.4795 0.8379 0.2607
vn 0.4794 0.8380 0.2608
vn 0.4436 0.8791 0.1742
vn 0.4005 0.8809 0.2522
vn 0.4004 0.8809 0.2523
vn 0.9695 0.2216 0.1042
vn 0.9696 0.2216 0.1042
vn 0.8057 0.5529 0.2123
vn 0.9777 0.1945 0.0796
vn 0.9695 0.2217 0.1042
vn 0.9777 0.1945 0.0795
vn 0.9683 0.2317 0.0927
vn 0.9254 0.3389 0.1697
vn 0.9683 0.2318 0.0927
vn 0.9254 0.3390 0.1697
vn 0.9511 0.2395 0.1953
vn 0.8127 0.5389 0.2217
vn 0.9208 0.3146 0.2305
vn 0.9510 0.2395 0.1954
vn 0.8128 0.5385 0.2221
vn 0.9189 0.2158 0.3303
vn 0.8249 0.5468 0.1430
vn 0.9208 0.3146 0.2306
vn 0.9269 0.2676 0.2631
vn 0.9189 0.2158 0.3302
vn 0.8250 0.5468 0.1430
vn 0.8949 0.1980 0.4000
vn 0.7314 0.6423 0.2292
vn 0.8297 0.2206 0.5127
vn 0.7217 0.6546 0.2250
vn 0.6471 0.7003 0.3014
vn 0.7313 0.6423 0.2292
vn 0.5134 0.8284 0.2240
vn 0.7557 0.2110 0.6199
vn 0.7558 0.2110 0.6199
vn 0.8949 0.1981 0.4000
vn 0.8418 0.3983 0.3644
vn 0.8297 0.2206 0.5128
vn 0.7557 0.2110 0.6200
vn 0.6796 0.1907 0.7084
vn 0.6627 0.6402 0.3885
vn 0.7557 0.2111 0.6199
vn 0.5717 0.1551 0.8057
vn 0.6626 0.6402 0.3886
vn 0.5484 0.5089 0.6636
vn 0.5483 0.5089 0.6636
vn 0.6626 0.6403 0.3886
vn 0.3723 0.9029 0.2151
vn 0.5484 0.5089 0.6635
vn 0.2755 0.4881 0.8282
vn 0.5716 0.1551 0.8057
vn 0.2387 0.8603 0.4504
vn 0.2681 0.9517 0.1500
vn 0.3722 0.9029 0.2150
vn 0.2387 0.8604 0.4503
vn 0.2754 0.4881 0.8282
vn 0.3688 0.8928 0.2585
vn 0.3581 0.8459 0.3953
vn 0.3580 0.8459 0.3953
vn 0.3689 0.8928 0.2585
vn 0.2531 0.9020 0.3499
vn 0.3696 0.8936 0.2546
vn 0.3751 0.8594 0.3474
vn 0.3697 0.8936 0.2546
vn 0.4298 0.8493 0.3064
vn 0.3926 0.8669 0.3070
vn 0.5018 0.8181 0.2808
vn 0.5133 0.8284 0.2240
vn 0.4298 0.8494 0.3064
vn 0.8129 0.5384 0.2221
vn 0.9254 0.3389 0.1696
vn 0.9253 0.3390 0.1697
vn 0.8129 0.5384 0.2222
vn 0.8129 0.5384 0.2220
vn 0.8249 0.5469 0.1429
vn 0.8249 0.5469 0.1431
vn 0.7314 0.6423 0.2291
vn 0.6471 0.7003 0.3015
vn 0.5135 0.8284 0.2240
vn 0.6470 0.7004 0.3015
vn 0.3688 0.8928 0.2584
vn 0.2530 0.9020 0.3499
vn 0.9208 0.3147 0.2306
vn 0.9269 0.2677 0.2631
vn 0.8948 0.1980 0.4000
vn 0.8418 0.3982 0.3644
vn 0.8418 0.3983 0.3645
vn 0.6627 0.6402 0.3886
vn 0.3723 0.9029 0.2150
vn 0.2681 0.9516 0.1500
vn 0.3721 0.9029 0.2150
vn 0.2680 0.9517 0.1500
vn 0.2681 0.9517 0.1499
vn 0.2680 0.9517 0.1499
vn 0.9828 0.1839 -0.0132
vn 0.9911 0.1220 0.0539
vn 0.9829 0.1839 -0.0132
vn 0.9204 0.3671 0.1342
vn 0.9911 0.1221 0.0538
vn 0.4669 0.5967 -0.6526
vn 0.2847 0.4893 -0.8244
vn 0.6289 0.4814 -0.6106
vn 0.8566 0.4905 0.1604
vn 0.8566 0.4905 0.1603
vn 0.8129 0.5385 0.2221
vn 0.7532 0.6100 0.2460
vn 0.8566 0.4904 0.1604
vn 0.7532 0.6100 0.2461
vn 0.7426 0.6439 0.1841
vn 0.7426 0.6440 0.1840
vn 0.7425 0.6440 0.1841
vn 0.7426 0.6440 0.1841
vn 0.5262 0.8290 0.1894
vn 0.7425 0.6440 0.1840
vn 0.5262 0.8290 0.1893
vn 0.3948 0.8935 0.2139
vn 0.7532 0.6101 0.2461
vn 0.3949 0.8935 0.2139
vn 0.7532 0.6101 0.2460
vn 0.3762 0.8949 0.2400
vn 0.2748 0.9410 0.1976
vn 0.2747 0.9410 0.1976
vn 0.2530 0.9020 0.3498
vn 0.3688 0.8929 0.2584
vn 0.3689 0.8928 0.2584
vn 0.0001 0.9624 0.2717
vn 0.4672 0.8155 0.3415
vn 0.4704 0.7711 0.4291
vn 0.4795 0.8379 0.2608
vn 0.4672 0.8156 0.3414
vn 0.6356 0.7139 0.2939
vn 0.4839 0.8695 0.0997
vn 0.4839 0.8695 0.0996
vn 0.6354 0.7140 0.2939
vn 0.2280 0.9495 -0.2154
vn 0.4839 0.8694 0.0996
vn 0.2281 0.9495 -0.2154
vn 0.3323 0.9323 -0.1428
vn 0.6020 0.7981 0.0275
vn 0.2281 0.9495 -0.2155
vn 0.2485 0.9287 -0.2752
vn 0.1568 0.9769 -0.1454
vn -0.1270 0.9466 -0.2964
vn 0.1568 0.9769 -0.1453
vn -0.1271 0.9466 -0.2964
vn 0.1567 0.9769 -0.1454
vn 0.5256 0.8507 0.0110
vn 0.5255 0.8507 0.0110
vn 0.7855 0.6179 0.0360
vn 0.5256 0.8507 0.0111
vn -0.3152 0.9490 -0.0052
vn 0.0564 0.9751 0.2147
vn 0.7854 0.6179 0.0360
vn -0.3152 0.9490 -0.0051
vn 0.6116 0.7854 -0.0953
vn 0.0564 0.9750 0.2147
vn -0.2873 0.8501 0.4413
vn -0.3153 0.9490 -0.0051
vn 0.2131 0.9303 0.2986
vn 0.0565 0.9751 0.2147
vn 0.2131 0.9303 0.2985
vn -0.2874 0.8501 0.4414
vn 0.6127 0.6213 -0.4883
vn 0.0064 0.8459 0.5333
vn 0.0064 0.8460 0.5332
vn 0.0637 0.9211 0.3840
vn 0.2772 0.9606 0.0198
vn 0.2131 0.9303 0.2987
vn 0.2772 0.9606 0.0199
vn 0.0637 0.9212 0.3839
vn 0.1910 0.9750 -0.1133
vn 0.6128 0.6214 -0.4883
vn 0.3871 0.6485 -0.6555
vn 0.1910 0.9750 -0.1132
vn 0.0828 0.9834 0.1613
vn 0.1909 0.9751 -0.1132
vn 0.0828 0.9834 0.1612
vn 0.0001 0.6604 -0.7509
vn 0.1910 0.9751 -0.1132
vn -0.0000 0.9910 -0.1339
vn 0.2134 0.9565 -0.1989
vn 0.2133 0.9565 -0.1989
vn 0.2484 0.9287 -0.2753
vn -0.2678 0.7778 -0.5687
vn 0.3089 0.9500 -0.0455
vn 0.3323 0.9323 -0.1427
vn -0.5552 0.5124 -0.6552
vn -0.2677 0.7778 -0.5687
vn -0.5551 0.5125 -0.6552
vn -0.2677 0.7777 -0.5687
vn -0.6624 -0.4005 -0.6332
vn 0.2779 0.9587 -0.0613
vn 0.3083 0.9502 -0.0454
vn 0.2778 0.9587 -0.0613
vn -0.3429 0.5617 -0.7529
vn -0.3430 0.5617 -0.7529
vn -0.5551 0.5124 -0.6552
vn -0.6623 -0.4005 -0.6332
vn 0.2778 0.9587 -0.0614
vn -0.3366 0.0105 -0.9416
vn 0.2521 0.9659 -0.0592
vn 0.2968 0.9411 0.1618
vn -0.3430 0.5618 -0.7529
vn -0.0210 0.7181 -0.6956
vn -0.0209 0.7181 -0.6957
vn -0.0210 0.7181 -0.6957
vn -0.1521 0.0218 -0.9881
vn -0.3365 0.0105 -0.9416
vn 0.2520 0.9659 -0.0592
vn -0.0243 0.9965 0.0800
vn 0.2132 0.9736 -0.0812
vn -0.0000 0.8477 -0.5304
vn -0.1433 -0.1906 -0.9712
vn -0.0000 0.3701 -0.9290
vn -0.0000 0.4134 -0.9106
vn 0.0001 0.4964 -0.8681
vn 0.2769 0.5200 -0.8081
vn 0.0001 0.4133 -0.9106
vn 0.0001 0.3702 -0.9290
vn 0.2768 0.5200 -0.8080
vn 0.2769 0.5200 -0.8080
vn 0.0001 0.2957 -0.9553
vn 0.3400 0.3564 -0.8703
vn 0.2768 0.5200 -0.8081
vn 0.4011 0.1767 -0.8988
vn 0.4011 0.1766 -0.8988
vn 0.4591 0.1489 -0.8758
vn 0.6602 0.5128 -0.5487
vn 0.3400 0.3564 -0.8702
vn 0.6602 0.5129 -0.5487
vn 0.6603 0.5129 -0.5486
vn 0.3401 0.3564 -0.8703
vn 0.7475 0.3202 -0.5819
vn 0.4012 0.1767 -0.8988
vn 0.4012 0.1766 -0.8988
vn 0.7513 0.1481 -0.6431
vn 0.7476 0.3201 -0.5819
vn 0.7514 0.1481 -0.6431
vn 0.8280 0.1645 -0.5361
vn 0.9385 0.2443 -0.2438
vn 0.6603 0.5128 -0.5487
vn 0.9386 0.2443 -0.2438
vn 0.7514 0.1481 -0.6430
vn 0.9524 0.1594 -0.2597
vn 0.7476 0.3202 -0.5819
vn 0.9524 0.1595 -0.2597
vn 0.9650 0.1471 -0.2172
vn 0.9908 0.1135 -0.0742
vn 0.9650 0.1471 -0.2171
vn 0.9525 0.1594 -0.2596
vn 0.9525 0.2077 -0.2226
vn 0.9526 0.2076 -0.2225
vn 0.9557 0.2936 -0.0179
vn 0.9885 0.1322 -0.0729
vn 0.9525 0.1595 -0.2596
vn 0.9869 0.1524 -0.0523
vn 0.9526 0.2077 -0.2225
vn 0.9869 0.1523 -0.0523
vn 0.8057 0.3628 0.4682
vn 0.8297 0.2207 0.5127
vn 0.6796 0.1908 0.7084
vn 0.9828 0.1840 -0.0131
vn 0.9911 0.1220 0.0538
vn 0.9467 0.2582 0.1925
vn 0.9763 0.2159 -0.0127
vn 0.9347 0.2326 0.2689
vn 0.4151 -0.9097 -0.0080
vn 0.9467 0.2582 0.1926
vn 0.9346 0.2327 0.2689
vn 0.4590 0.1489 -0.8758
vn 0.4591 0.1490 -0.8758
vn 0.0001 0.2974 -0.9548
vn 0.5214 0.3394 -0.7829
vn 0.8279 0.1646 -0.5362
vn 0.5215 0.3394 -0.7829
vn 0.8019 0.2409 -0.5467
vn 0.9384 0.2185 -0.2677
vn 0.8020 0.2409 -0.5466
vn 0.8280 0.1646 -0.5361
vn 0.9384 0.2185 -0.2678
vn 0.9881 0.1438 -0.0549
vn 0.9650 0.1470 -0.2171
vn 0.9908 0.1134 -0.0742
vn 0.9908 0.1136 -0.0742
vn 0.9763 0.2158 -0.0127
vn 0.9829 0.1839 -0.0133
vn 0.9911 0.1221 0.0539
vn 0.9777 0.1946 0.0795
vn 0.9993 0.0346 -0.0102
vn 0.9873 0.1571 -0.0213
vn 0.9903 -0.1346 -0.0336
vn 0.9874 0.1571 -0.0213
vn 0.9874 0.1570 -0.0213
vn 0.9903 -0.1346 -0.0335
vn 0.9467 0.2581 0.1925
vn 0.9763 0.2159 -0.0126
vn 0.9993 0.0347 -0.0101
vn 0.9347 0.2325 0.2689
vn 0.9280 0.3625 0.0861
vn 0.9240 0.3475 0.1595
vn 0.9510 0.2395 0.1953
vn 0.9684 0.2317 0.0927
vn 0.9510 0.2396 0.1953
vn 0.9138 0.2749 0.2991
vn 0.9240 0.3474 0.1596
vn 0.9189 0.2157 0.3303
vn 0.9138 0.2749 0.2990
vn 0.8983 0.2481 0.3626
vn 0.8491 0.3816 0.3652
vn 0.9188 0.2159 0.3304
vn 0.8491 0.3817 0.3652
vn 0.8627 0.3111 0.3986
vn 0.8627 0.3111 0.3987
vn -0.1522 0.0217 -0.9881
vn -0.1521 0.0217 -0.9881
vn -0.1433 -0.1906 -0.9711
vn 0.1521 0.0220 -0.9881
vn -0.0000 -0.0583 -0.9983
vn -0.1522 0.0218 -0.9881
vn -0.6236 0.7285 0.2838
vn -0.4795 0.8381 0.2601
vn -0.4613 0.8189 0.3415
vn -0.2748 0.9410 0.1973
vn -0.3762 0.8948 0.2405
vn -0.0210 0.7180 -0.6957
vn 0.2132 0.9736 -0.0811
vn 0.0976 0.9442 0.3146
vn 0.0975 0.9874 0.1243
vn -0.0975 0.9874 0.1243
vn -0.0975 0.9442 0.3146
vn 0.0975 0.9442 0.3146
vn -0.0976 0.9874 0.1243
vn 0.0976 -0.3146 0.9442
vn 0.0975 -0.1243 0.9874
vn -0.0975 -0.1243 0.9874
vn -0.0975 -0.3146 0.9442
vn 0.0975 -0.3146 0.9442
vn -0.0976 -0.1243 0.9874
vn 0.0976 -0.9442 -0.3145
vn 0.0975 -0.9874 -0.1243
vn -0.0975 -0.9874 -0.1243
vn -0.0975 -0.9442 -0.3146
vn 0.0975 -0.9442 -0.3146
vn -0.0976 -0.9874 -0.1243
vn 0.0976 0.3146 -0.9442
vn 0.0975 0.1243 -0.9874
vn -0.0975 0.1243 -0.9874
vn -0.0975 0.3146 -0.9442
vn 0.0975 0.3146 -0.9442
vn -0.0976 0.1243 -0.9874
vn 0.1495 0.8133 0.5624
vn -0.1495 0.8133 0.5624
vn 0.1495 0.8133 0.5623
vn 0.1513 0.5158 0.8433
vn -0.1513 0.5158 0.8432
vn 0.1513 0.5158 0.8432
vn 0.1349 0.1412 0.9807
vn -0.1513 0.5158 0.8433
vn -0.1350 0.1412 0.9807
vn 0.1350 0.1412 0.9807
vn -0.1349 0.1412 0.9807
vn -0.0976 -0.1242 0.9874
vn 0.0976 -0.1243 0.9874
vn 0.1495 -0.9764 0.1557
vn -0.1495 -0.9764 0.1557
vn 0.1495 -0.9764 0.1558
vn 0.1513 -0.8295 0.5376
vn -0.1513 -0.8295 0.5376
vn -0.1495 -0.9764 0.1558
vn 0.1350 -0.5511 0.8234
vn -0.1350 -0.5511 0.8234
vn -0.1349 -0.5511 0.8235
vn 0.1349 -0.5511 0.8235
vn -0.0976 -0.3146 0.9442
vn 0.1495 0.9764 -0.1557
vn -0.1495 0.9764 -0.1557
vn 0.1495 0.9764 -0.1558
vn 0.1513 0.8295 -0.5376
vn -0.1513 0.8295 -0.5376
vn -0.1495 0.9764 -0.1558
vn 0.1350 0.5511 -0.8234
vn -0.1350 0.5511 -0.8234
vn -0.1349 0.5511 -0.8235
vn 0.1349 0.5511 -0.8235
vn -0.0976 0.3146 -0.9442
vn 0.1495 -0.8133 -0.5624
vn -0.1495 -0.8133 -0.5624
vn 0.1495 -0.8133 -0.5623
vn 0.1513 -0.5158 -0.8433
vn 0.1495 -0.8132 -0.5624
vn -0.1513 -0.5158 -0.8432
vn 0.1513 -0.5158 -0.8432
vn 0.1349 -0.1412 -0.9807
vn -0.1350 -0.1412 -0.9807
vn 0.1350 -0.1412 -0.9807
vn -0.1513 -0.5158 -0.8433
vn 0.0975 0.1242 -0.9874
vn -0.1349 -0.1412 -0.9807
vn -0.0975 0.1242 -0.9874
vn 0.0976 0.1242 -0.9874
vn 0.0976 0.9874 0.1243
vn -0.0976 0.9442 0.3146
vn 0.0975 -0.9442 -0.3145
vn 0.0976 -0.9874 -0.1243
vn -0.0976 -0.9442 -0.3145
vn 0.0976 0.3145 -0.9442
vn 0.9904 -0.1167 0.0735
vn 0.9904 -0.0735 -0.1167
vn 0.9904 0.1167 -0.0735
vn 0.9904 0.0735 0.1167
vn -0.9904 0.0735 0.1167
vn -0.9904 0.1167 -0.0735
vn -0.9904 -0.0735 -0.1167
vn -0.9904 -0.1167 0.0735
vn -0.1495 0.8133 0.5623
vn 0.1495 0.8132 0.5624
vn -0.1495 0.8132 0.5624
vn -0.1349 -0.5511 0.8234
vn 0.1514 0.8295 -0.5376
vn -0.1514 0.8295 -0.5376
vn 0.0976 -0.9442 -0.3146
vn -0.0976 -0.9442 -0.3146
vn -0.1495 -0.8133 -0.5623
vn -0.1514 -0.5158 -0.8432
vn 0.1349 -0.1412 -0.9808
vn -0.0976 0.1242 -0.9874
vn 0.3682 0.9280 0.0575
vn 0.3682 0.8617 0.3491
vn 0.7080 0.7062 0.0053
vn 0.3683 0.8617 0.3491
vn 0.7080 0.6391 0.3004
vn 0.7081 0.7061 0.0053
vn 0.9251 0.3760 -0.0529
vn 0.7080 0.7062 0.0052
vn 0.7081 0.6391 0.3004
vn 0.9251 0.3163 0.2102
vn 0.9251 0.3761 -0.0529
vn 0.9904 0.1168 -0.0735
vn 0.9251 0.3162 0.2102
vn 0.3682 -0.9280 -0.0574
vn 0.3682 -0.8617 -0.3491
vn 0.3682 -0.9280 -0.0575
vn 0.7080 -0.7061 -0.0052
vn 0.3682 -0.8617 -0.3492
vn 0.7080 -0.6391 -0.3004
vn 0.7080 -0.7062 -0.0052
vn 0.3683 -0.8617 -0.3491
vn 0.9251 -0.3760 0.0529
vn 0.9251 -0.3163 -0.2102
vn 0.9251 -0.3761 0.0529
vn 0.7081 -0.6391 -0.3004
vn 0.9904 -0.1168 0.0735
vn 0.9251 -0.3162 -0.2102
vn -0.3682 0.8617 0.3492
vn -0.3682 0.9280 0.0575
vn -0.7080 0.6391 0.3004
vn -0.7080 0.7062 0.0053
vn -0.9251 0.3163 0.2102
vn -0.7081 0.6391 0.3004
vn -0.9251 0.3760 -0.0529
vn -0.7080 0.7061 0.0053
vn -0.9904 0.0735 0.1168
vn -0.9251 0.3162 0.2102
vn -0.9904 0.1168 -0.0735
vn -0.9904 0.0736 0.1167
vn -0.3682 -0.8617 -0.3491
vn -0.3682 -0.9280 -0.0574
vn -0.7080 -0.6391 -0.3004
vn -0.3683 -0.8617 -0.3491
vn -0.3683 -0.9279 -0.0574
vn -0.7081 -0.7061 -0.0052
vn -0.7081 -0.6391 -0.3004
vn -0.3682 -0.9280 -0.0575
vn -0.9251 -0.3163 -0.2102
vn -0.9251 -0.3760 0.0529
vn -0.9904 -0.0736 -0.1167
vn -0.9251 -0.3162 -0.2102
vn -0.9251 -0.3760 0.0530
vn -0.9904 -0.1168 0.0735
vn 0.3561 -0.0868 0.9304
vn 0.3561 -0.3237 0.8766
vn 0.0976 -0.3145 0.9442
vn 0.7022 -0.0411 0.7107
vn 0.7023 -0.2700 0.6587
vn 0.7023 -0.0411 0.7107
vn 0.9265 0.0395 0.3742
vn 0.7022 -0.0411 0.7108
vn 0.7022 -0.2701 0.6588
vn 0.9265 -0.1973 0.3203
vn 0.9265 0.0395 0.3741
vn 0.7022 -0.2700 0.6588
vn 0.9904 0.0735 0.1168
vn 0.9265 0.0396 0.3741
vn 0.3561 0.0868 -0.9304
vn 0.0976 0.1243 -0.9874
vn 0.3561 0.3237 -0.8766
vn 0.7022 0.0411 -0.7108
vn 0.7022 0.2700 -0.6587
vn 0.7022 0.0411 -0.7107
vn 0.9265 -0.0395 -0.3742
vn 0.7022 0.2700 -0.6588
vn 0.9265 0.1973 -0.3203
vn 0.9265 -0.0395 -0.3741
vn 0.9265 -0.0396 -0.3741
vn 0.9904 -0.0735 -0.1168
vn -0.3561 -0.3237 0.8766
vn -0.3561 -0.0868 0.9304
vn -0.7022 -0.2700 0.6587
vn -0.7023 -0.0411 0.7107
vn -0.7023 -0.2700 0.6587
vn -0.9265 -0.1973 0.3203
vn -0.7022 -0.2701 0.6588
vn -0.7022 -0.0411 0.7108
vn -0.9265 0.0395 0.3742
vn -0.9265 0.0395 0.3741
vn -0.3561 0.3237 -0.8766
vn -0.3561 0.0869 -0.9304
vn -0.7023 0.2700 -0.6587
vn -0.3560 0.0868 -0.9304
vn -0.7022 0.0411 -0.7108
vn -0.7022 0.2700 -0.6587
vn -0.3561 0.0868 -0.9304
vn -0.9265 0.1973 -0.3203
vn -0.7022 0.2701 -0.6588
vn -0.9265 -0.0395 -0.3741
vn -0.9265 -0.0396 -0.3741
vn -0.9904 -0.0735 -0.1168
vn 0.1496 0.8133 0.5623
vn 0.4722 0.6212 0.6254
vn 0.1496 0.8132 0.5624
vn 0.4723 0.6212 0.6254
vn 0.7942 0.2955 0.5310
vn 0.4523 0.2198 0.8644
vn 0.4524 0.2198 0.8643
vn 0.1514 0.5158 0.8432
vn 0.9265 0.0396 0.3742
vn 0.4523 0.2197 0.8644
vn 0.3561 -0.0869 0.9304
vn 0.4524 0.2197 0.8643
vn 0.0976 -0.1242 0.9874
vn -0.3682 0.8617 0.3491
vn -0.1496 0.8133 0.5623
vn -0.4722 0.6212 0.6254
vn -0.4723 0.6212 0.6254
vn -0.1496 0.8132 0.5624
vn -0.3683 0.8617 0.3491
vn -0.1514 0.5158 0.8432
vn -0.7942 0.2955 0.5310
vn -0.4523 0.2198 0.8644
vn -0.4524 0.2198 0.8643
vn -0.1514 0.5157 0.8433
vn -0.4523 0.2198 0.8643
vn -0.9265 0.0396 0.3741
vn -0.4523 0.2197 0.8644
vn -0.3561 -0.0869 0.9304
vn 0.1496 -0.9764 0.1557
vn 0.3682 -0.9279 -0.0575
vn 0.7081 -0.7061 -0.0052
vn 0.4722 -0.8304 0.2956
vn 0.4722 -0.8304 0.2955
vn 0.3683 -0.9279 -0.0574
vn 0.1496 -0.9764 0.1558
vn 0.7942 -0.4959 0.3512
vn 0.4722 -0.8305 0.2956
vn 0.7081 -0.7061 -0.0053
vn 0.4523 -0.5717 0.6845
vn 0.1514 -0.8295 0.5376
vn 0.4723 -0.8304 0.2956
vn 0.1349 -0.5511 0.8234
vn 0.7942 -0.4960 0.3512
vn 0.7022 -0.2701 0.6587
vn 0.3561 -0.3236 0.8766
vn 0.4523 -0.5716 0.6846
vn 0.3561 -0.3238 0.8766
vn 0.1496 0.9764 -0.1557
vn 0.3683 0.9279 0.0575
vn 0.4722 0.8304 -0.2956
vn 0.4722 0.8305 -0.2956
vn 0.1496 0.9764 -0.1558
vn 0.4722 0.8305 -0.2955
vn 0.7081 0.7061 0.0052
vn 0.7942 0.4959 -0.3511
vn 0.7942 0.4959 -0.3512
vn 0.4523 0.5717 -0.6845
vn 0.1350 0.5511 -0.8235
vn 0.9265 0.1974 -0.3203
vn 0.7022 0.2701 -0.6588
vn 0.4523 0.5716 -0.6846
vn 0.7022 0.2701 -0.6587
vn 0.1349 0.5511 -0.8234
vn 0.3561 0.3238 -0.8766
vn -0.1496 -0.9764 0.1557
vn -0.4722 -0.8304 0.2956
vn -0.7081 -0.7061 -0.0053
vn -0.1496 -0.9764 0.1558
vn -0.4723 -0.8304 0.2955
vn -0.1514 -0.8295 0.5376
vn -0.7942 -0.4959 0.3512
vn -0.7080 -0.7062 -0.0053
vn -0.4523 -0.5717 0.6845
vn -0.7942 -0.4959 0.3511
vn -0.4723 -0.8304 0.2956
vn -0.4524 -0.5717 0.6845
vn -0.9265 -0.1974 0.3203
vn -0.7022 -0.2700 0.6588
vn -0.4523 -0.5716 0.6846
vn -0.7022 -0.2701 0.6587
vn 0.1496 -0.8133 -0.5623
vn 0.4723 -0.6212 -0.6254
vn 0.4722 -0.6212 -0.6254
vn 0.1514 -0.5158 -0.8432
vn 0.1496 -0.8132 -0.5624
vn 0.7942 -0.2955 -0.5310
vn 0.4523 -0.2198 -0.8644
vn 0.9265 -0.0396 -0.3742
vn 0.4523 -0.2197 -0.8644
vn 0.7023 0.0411 -0.7107
vn 0.4523 -0.2198 -0.8643
vn 0.3562 0.0868 -0.9304
vn -0.1496 0.9764 -0.1558
vn -0.4723 0.8304 -0.2956
vn -0.3682 0.9280 0.0574
vn -0.1496 0.9764 -0.1557
vn -0.4722 0.8305 -0.2956
vn -0.4722 0.8305 -0.2955
vn -0.7942 0.4960 -0.3511
vn -0.9251 0.3761 -0.0529
vn -0.7081 0.7061 0.0053
vn -0.7080 0.7061 0.0052
vn -0.4722 0.8304 -0.2956
vn -0.7942 0.4960 -0.3512
vn -0.4523 0.5717 -0.6845
vn -0.7942 0.4959 -0.3512
vn -0.4524 0.5717 -0.6845
vn -0.9265 0.1974 -0.3203
vn -0.7022 0.2700 -0.6588
vn -0.4523 0.5716 -0.6846
vn -0.7023 0.2701 -0.6587
vn -0.3562 0.3237 -0.8766
vn -0.3561 0.3238 -0.8766
vn -0.1350 0.5511 -0.8235
vn -0.1496 -0.8133 -0.5624
vn -0.4722 -0.6212 -0.6254
vn -0.1496 -0.8132 -0.5624
vn -0.7942 -0.2955 -0.5309
vn -0.7942 -0.2955 -0.5310
vn -0.4723 -0.6212 -0.6254
vn -0.4523 -0.2197 -0.8644
vn -0.4523 -0.2198 -0.8644
vn -0.9265 -0.0396 -0.3742
vn -0.4523 -0.2198 -0.8643
vn -0.0975 -0.9442 -0.3145
vn -0.3683 0.9279 0.0575
vn -0.7080 0.7062 0.0052
vn -0.7080 -0.7061 -0.0052
vn -0.3682 -0.8617 -0.3492
vn -0.7080 -0.7062 -0.0052
vn -0.9251 -0.3761 0.0529
vn 0.3682 0.8617 0.3492
vn 0.7080 0.7061 0.0053
vn 0.9904 -0.0736 -0.1167
vn -0.3561 -0.3238 0.8766
vn -0.7022 -0.0412 0.7108
vn -0.7022 0.0412 -0.7108
vn 0.3562 -0.3237 0.8766
vn 0.7022 -0.2700 0.6587
vn 0.3561 0.0869 -0.9304
vn 0.7023 0.2700 -0.6587
vn -0.4523 0.2197 0.8643
vn -0.3562 -0.0868 0.9304
vn 0.4523 0.2198 0.8643
vn 0.4523 0.2197 0.8643
vn -0.4722 -0.8304 0.2955
vn -0.1350 -0.5511 0.8235
vn -0.3683 0.9279 0.0574
vn -0.7081 0.7061 0.0052
vn -0.7942 0.4959 -0.3511
vn -0.4523 0.5717 -0.6846
vn -0.7022 0.2701 -0.6587
vn 0.7942 -0.4959 0.3511
vn 0.9265 -0.1974 0.3203
vn 0.1350 -0.5511 0.8235
vn -0.1496 -0.8133 -0.5623
vn -0.4523 -0.2197 -0.8643
vn -0.7022 0.0410 -0.7108
vn -0.7023 0.0411 -0.7107
vn -0.3562 0.0868 -0.9304
vn 0.3682 0.9279 0.0575
vn 0.7942 0.4960 -0.3512
vn 0.4723 0.8304 -0.2956
vn 0.7023 0.2701 -0.6587
vn 0.4524 0.5717 -0.6845
vn 0.3562 0.3237 -0.8766
vn 0.1496 -0.8133 -0.5624
vn 0.7942 -0.2955 -0.5309
vt 0.170016 0.896284
vt 0.167529 0.877195
vt 0.381949 0.593210
vt 0.400153 0.566613
vt 0.445945 0.544549
vt 0.399619 0.564202
vt 0.480125 0.522362
vt 0.497780 0.511345
vt 0.203800 0.671794
vt 0.203433 0.698314
vt 0.238849 0.698421
vt 0.262226 0.676524
vt 0.260945 0.699153
vt 0.263035 0.662165
vt 0.204700 0.657023
vt 0.289433 0.680476
vt 0.291081 0.702525
vt 0.311742 0.684504
vt 0.262379 0.642405
vt 0.207385 0.639979
vt 0.261723 0.623789
vt 0.210056 0.624155
vt 0.256458 0.586725
vt 0.208392 0.581872
vt 0.208347 0.580255
vt 0.206592 0.559121
vt 0.029801 0.734661
vt 0.026169 0.756344
vt 0.047868 0.779995
vt 0.069932 0.802823
vt 0.109773 0.822980
vt 0.140581 0.832105
vt 0.164034 0.832609
vt 0.100740 0.620401
vt 0.094697 0.629618
vt 0.130419 0.626810
vt 0.123369 0.634745
vt 0.092576 0.635309
vt 0.119036 0.642924
vt 0.097658 0.662150
vt 0.089723 0.679408
vt 0.095338 0.696696
vt 0.067185 0.721706
vt 0.111894 0.710079
vt 0.056657 0.750118
vt 0.119936 0.737789
vt 0.159487 0.723659
vt 0.200351 0.735363
vt 0.096361 0.742275
vt 0.077226 0.774121
vt 0.131975 0.761563
vt 0.136461 0.798825
vt 0.206210 0.812787
vt 0.042298 0.796262
vt 0.036301 0.788312
vt 0.007507 0.836469
vt 0.032715 0.849912
vt 0.008286 0.874495
vt 0.060502 0.858732
vt 0.032746 0.875593
vt 0.031510 0.923430
vt 0.082506 0.867414
vt 0.055039 0.919478
vt 0.067826 0.937026
vt 0.093156 0.873289
vt 0.068650 0.969009
vt 0.103624 0.880995
vt 0.110842 0.889036
vt 0.087160 0.964065
vt 0.091127 0.952255
vt 0.083940 0.976928
vt 0.109133 0.958541
vt 0.108141 0.985382
vt 0.132769 0.975143
vt 0.137346 0.964920
vt 0.162631 0.989944
vt 0.170169 0.980865
vt 0.173022 0.969238
vt 0.216587 0.969238
vt 0.219806 0.985763
vt 0.220356 0.995605
vt 0.219028 0.930251
vt 0.217014 0.912886
vt 0.174975 0.927337
vt 0.172305 0.909422
vt 0.146731 0.917464
vt 0.129335 0.905959
vt 0.126192 0.892454
vt 0.104601 0.413977
vt 0.332860 0.590005
vt 0.327871 0.556451
vt 0.309590 0.585519
vt 0.308507 0.562692
vt 0.293294 0.526680
vt 0.168285 0.769468
vt 0.282017 0.532738
vt 0.176226 0.285252
vt 0.180209 0.289570
vt 0.226551 0.279042
vt 0.227344 0.283772
vt 0.256184 0.276295
vt 0.256565 0.280018
vt 0.284688 0.274952
vt 0.288380 0.281987
vt 0.327733 0.277150
vt 0.322698 0.285176
vt 0.369696 0.291463
vt 0.379355 0.286259
vt 0.392493 0.296864
vt 0.378500 0.300267
vt 0.397925 0.313024
vt 0.383337 0.313100
vt 0.041199 0.277348
vt 0.077668 0.277150
vt 0.044984 0.278706
vt 0.070756 0.291310
vt 0.027909 0.289555
vt 0.039857 0.291356
vt 0.063645 0.296056
vt 0.021607 0.299931
vt 0.034699 0.299199
vt 0.052649 0.310629
vt 0.063645 0.317632
vt 0.017472 0.318029
vt 0.032476 0.311261
vt 0.031235 0.317998
vt 0.032560 0.310805
vt 0.508247 0.626322
vt 0.502098 0.626322
vt 0.501432 0.626954
vt 0.480873 0.626322
vt 0.456748 0.626322
vt 0.457191 0.609384
vt 0.479545 0.607843
vt 0.502419 0.605814
vt 0.509834 0.603311
vt 0.457069 0.592309
vt 0.478706 0.591486
vt 0.505852 0.590967
vt 0.517937 0.587182
vt 0.450904 0.566873
vt 0.501915 0.567178
vt 0.516976 0.567132
vt 0.513527 0.540291
vt 0.476005 0.566827
vt 0.499580 0.540124
vt 0.477974 0.539818
vt 0.680690 0.956451
vt 0.962509 0.716274
vt 0.964630 0.712337
vt 0.965759 0.732647
vt 0.396040 1.411939
vt 0.619562 0.631174
vt 0.597009 0.652735
vt 0.580606 0.668101
vt 0.572168 0.689448
vt 0.568841 0.716793
vt 0.640787 0.747738
vt 0.563943 0.733700
vt 0.559762 0.734356
vt 0.587808 0.836271
vt 0.599359 0.872847
vt 0.624857 0.917021
vt 0.644923 0.933577
vt 0.663966 0.934569
vt 0.662318 0.945449
vt 0.197404 0.315989
vt 0.197482 0.315679
vt 0.197212 0.315989
vt 0.502189 0.626973
vt 0.480850 0.626963
vt 0.172155 0.761413
vt 0.032478 0.311251
vt 0.603960 1.411939
vt 0.620752 0.747295
vt 0.000000 1.000000
s 0
usemtl Body
f 793/159/322 794/159/323 795/160/324
f 796/159/323 797/160/322 798/160/324
f 799/161/325 800/161/326 801/162/327
f 802/161/328 803/162/325 804/162/329
f 805/162/325 806/162/330 807/163/331
s 1
f 808/164/332 809/162/330 810/163/333
s 0
f 811/163/334 812/164/322 813/163/325
f 814/165/335 815/163/325 816/163/336
f 817/165/322 818/165/337 819/163/338
f 820/166/339 821/165/322 822/165/335
f 823/166/325 824/166/339 825/165/340
s 1
f 826/167/341 827/168/342 828/169/343
f 829/170/344 830/167/341 831/169/343
f 832/171/345 833/170/346 834/169/347
f 835/167/341 836/170/348 837/172/349
f 838/173/350 839/167/341 840/172/349
f 841/170/348 842/171/351 843/174/352
f 844/171/351 845/175/353 846/174/354
f 847/174/355 848/175/353 849/176/356
f 850/172/349 851/177/357 852/173/358
f 853/177/357 854/178/359 855/173/350
f 856/177/357 857/179/360 858/178/359
f 859/179/360 860/180/361 861/178/362
f 862/180/363 863/179/364 864/181/365
f 865/182/366 866/180/361 867/181/365
f 868/182/366 869/181/365 870/160/367
f 871/183/368 872/182/369 873/160/367
f 874/183/370 875/160/367 876/159/371
f 877/184/372 878/183/368 879/159/371
f 880/162/373 881/164/374 882/163/334
s 0
f 883/164/322 884/163/325 885/163/334
f 886/163/325 887/163/338 888/185/375
f 889/163/338 890/185/325 891/185/375
f 892/185/376 893/186/377 894/185/325
f 895/186/322 896/186/377 897/185/378
f 898/186/322 899/186/379 900/187/380
f 901/186/381 902/187/322 903/187/380
f 904/187/322 905/187/382 906/188/383
f 907/187/382 908/188/322 909/188/384
f 910/188/322 911/188/384 912/187/382
f 913/189/385 914/188/322 915/188/386
f 916/189/322 917/189/387 918/188/386
f 919/189/322 920/189/388 921/190/389
f 922/190/390 923/189/391 924/190/322
f 925/191/392 926/190/322 927/190/393
f 928/191/322 929/191/394 930/190/395
f 931/160/324 932/191/322 933/191/394
s 1
f 934/192/396 935/193/397 936/194/398
f 937/193/397 938/195/399 939/194/398
f 940/193/400 941/196/401 942/195/402
f 943/196/401 944/161/403 945/195/402
f 946/161/403 947/197/404 948/195/402
f 949/197/405 950/161/403 951/198/406
f 952/161/403 953/162/407 954/198/406
f 955/199/408 956/198/409 957/162/329
f 958/163/334 959/199/410 960/162/411
f 961/163/333 962/200/412 963/199/410
f 964/163/333 965/201/413 966/200/412
f 967/185/375 968/201/413 969/163/334
f 970/201/413 971/202/414 972/200/415
f 973/201/416 974/185/375 975/203/417
f 976/185/375 977/186/379 978/203/417
f 979/202/414 980/201/413 981/204/418
f 982/205/419 983/202/420 984/204/418
f 985/174/421 986/205/419 987/204/418
f 988/206/422 989/174/421 990/204/418
f 991/207/423 992/201/413 993/203/424
f 994/201/425 995/207/426 996/204/427
f 997/208/428 998/203/429 999/186/379
f 1000/207/426 1001/203/430 1002/208/431
f 1003/187/382 1004/208/431 1005/186/379
f 1006/188/384 1007/208/431 1008/187/382
f 1009/209/432 1010/204/418 1011/207/433
f 1012/204/418 1013/209/432 1014/206/422
f 1015/209/432 1016/207/426 1017/208/431
f 1018/209/432 1019/170/348 1020/206/434
f 1021/209/432 1022/172/349 1023/170/348
f 1024/177/357 1025/172/349 1026/209/432
f 1027/188/384 1028/210/435 1029/208/431
f 1030/210/436 1031/209/432 1032/208/431
f 1033/209/432 1034/210/435 1035/179/360
f 1036/188/386 1037/189/385 1038/210/435
f 1039/190/437 1040/210/435 1041/189/438
f 1042/211/439 1043/179/364 1044/210/435
f 1045/191/440 1046/210/435 1047/190/441
f 1048/211/439 1049/210/435 1050/191/440
f 1051/181/365 1052/211/442 1053/191/443
f 1054/160/367 1055/181/365 1056/191/440
s 0
f 1057/177/444 1058/172/322 1059/172/445
f 1060/177/446 1061/179/447 1062/177/322
f 1063/179/322 1064/179/360 1065/177/357
f 1066/179/322 1067/179/448 1068/211/449
s 1
f 1069/181/365 1070/179/364 1071/211/442
s 0
f 1072/181/365 1073/211/439 1074/181/322
f 1075/181/322 1076/181/365 1077/160/367
f 1078/181/450 1079/160/322 1080/160/367
f 1081/188/383 1082/212/451 1083/188/322
f 1084/212/322 1085/212/452 1086/188/453
f 1087/212/454 1088/213/455 1089/212/322
f 1090/213/322 1091/213/456 1092/212/454
f 1093/213/456 1094/212/454 1095/213/322
s 1
f 1096/212/457 1097/213/455 1098/214/458
f 1099/215/459 1100/212/457 1101/214/458
f 1102/188/383 1103/212/452 1104/215/459
f 1105/215/459 1106/214/458 1107/216/460
f 1108/188/386 1109/215/461 1110/217/462
f 1111/218/463 1112/215/459 1113/216/464
f 1114/217/462 1115/189/385 1116/188/386
f 1117/218/465 1118/216/464 1119/219/466
f 1120/189/385 1121/217/462 1122/220/467
f 1123/221/468 1124/218/465 1125/219/469
f 1126/189/438 1127/220/467 1128/190/437
f 1129/221/470 1130/219/466 1131/222/471
f 1132/220/467 1133/223/472 1134/190/437
f 1135/219/466 1136/224/473 1137/222/471
f 1138/225/474 1139/190/441 1140/223/472
f 1141/190/441 1142/225/474 1143/191/394
f 1144/226/475 1145/191/440 1146/225/474
f 1147/222/471 1148/224/473 1149/227/476
f 1150/222/477 1151/227/478 1152/228/479
f 1153/227/480 1154/224/481 1155/229/482
f 1156/227/478 1157/230/483 1158/228/484
f 1159/227/485 1160/229/482 1161/231/486
f 1162/232/487 1163/230/483 1164/227/485
f 1165/232/487 1166/227/480 1167/231/486
f 1168/230/488 1169/232/489 1170/233/490
f 1171/234/491 1172/232/487 1173/231/492
f 1174/232/489 1175/235/493 1176/233/494
f 1177/232/495 1178/234/491 1179/235/493
f 1180/235/493 1181/236/496 1182/233/497
f 1183/237/498 1184/236/496 1185/235/499
f 1186/238/500 1187/235/501 1188/234/502
f 1189/238/503 1190/237/498 1191/235/493
f 1192/239/504 1193/238/500 1194/234/502
f 1195/240/505 1196/241/506 1197/242/507
f 1198/243/508 1199/241/506 1200/184/509
f 1201/241/510 1202/243/511 1203/242/507
f 1204/243/511 1205/244/512 1206/242/513
f 1207/159/371 1208/243/511 1209/184/509
f 1210/159/371 1211/244/512 1212/243/511
f 1213/244/512 1214/159/371 1215/245/514
f 1216/245/515 1217/159/516 1218/246/517
f 1219/246/517 1220/159/371 1221/160/518
f 1222/191/519 1223/246/517 1224/160/367
f 1225/246/517 1226/191/394 1227/226/520
f 1228/226/521 1229/245/515 1230/246/522
s 0
f 1231/215/459 1232/217/523 1233/215/322
f 1234/217/322 1235/217/462 1236/215/524
f 1237/217/525 1238/220/526 1239/217/322
f 1240/220/322 1241/220/467 1242/217/527
f 1243/220/322 1244/220/528 1245/223/472
f 1246/220/529 1247/223/322 1248/223/530
f 1249/223/472 1250/225/531 1251/223/322
f 1252/225/322 1253/225/474 1254/223/532
f 1255/225/322 1256/225/474 1257/226/475
f 1258/225/533 1259/226/322 1260/226/534
f 1261/226/322 1262/226/535 1263/245/536
f 1264/226/537 1265/245/322 1266/245/514
f 1267/245/538 1268/244/512 1269/245/322
f 1270/244/322 1271/244/539 1272/245/514
f 1273/244/540 1274/242/541 1275/244/322
f 1276/242/322 1277/242/507 1278/244/539
f 1279/242/322 1280/242/507 1281/240/542
f 1282/242/513 1283/240/322 1284/240/543
f 1285/218/463 1286/215/322 1287/215/461
f 1288/218/322 1289/218/465 1290/215/524
f 1291/221/544 1292/218/322 1293/218/465
f 1294/221/322 1295/221/544 1296/218/465
f 1297/222/477 1298/221/322 1299/221/545
f 1300/222/322 1301/222/477 1302/221/545
f 1303/228/484 1304/222/322 1305/222/477
f 1306/228/322 1307/228/479 1308/222/546
f 1309/230/483 1310/228/322 1311/228/484
f 1312/230/322 1313/230/483 1314/228/479
f 1315/233/547 1316/230/322 1317/230/483
f 1318/233/322 1319/233/490 1320/230/548
f 1321/233/322 1322/233/497 1323/236/549
f 1324/236/550 1325/233/551 1326/236/322
f 1327/236/322 1328/236/552 1329/237/498
f 1330/237/498 1331/236/552 1332/237/322
f 1333/184/322 1334/184/509 1335/159/323
f 1336/184/553 1337/159/322 1338/159/323
f 1339/164/322 1340/163/325 1341/163/334
f 1342/163/336 1343/165/335 1344/163/325
s 1
f 1345/165/335 1346/185/375 1347/163/334
f 1348/166/339 1349/185/375 1350/165/335
f 1351/185/375 1352/166/339 1353/186/379
f 1354/166/339 1355/247/554 1356/186/379
f 1357/187/382 1358/186/379 1359/247/554
f 1360/212/452 1361/187/382 1362/247/554
f 1363/188/383 1364/187/382 1365/212/452
f 1366/212/457 1367/247/554 1368/213/455
s 0
f 1369/192/325 1370/192/396 1371/193/397
f 1372/192/555 1373/193/325 1374/193/397
f 1375/193/397 1376/196/556 1377/193/325
f 1378/196/325 1379/196/401 1380/193/557
f 1381/196/325 1382/196/401 1383/161/403
f 1384/196/556 1385/161/325 1386/161/403
s 1
f 1387/215/461 1388/218/465 1389/217/462
f 1390/218/463 1391/248/558 1392/217/523
f 1393/218/463 1394/221/545 1395/248/558
f 1396/217/559 1397/248/560 1398/220/467
f 1399/221/545 1400/249/561 1401/248/560
f 1402/221/545 1403/222/477 1404/249/562
f 1405/222/477 1406/228/563 1407/249/562
f 1408/249/561 1409/228/479 1410/230/483
f 1411/248/560 1412/250/564 1413/220/467
f 1414/223/472 1415/220/467 1416/250/565
f 1417/225/474 1418/223/472 1419/250/566
f 1420/226/534 1421/225/474 1422/250/566
f 1423/251/567 1424/250/568 1425/248/560
f 1426/226/537 1427/250/569 1428/251/570
f 1429/249/561 1430/251/570 1431/248/571
f 1432/230/488 1433/252/572 1434/249/573
f 1435/252/574 1436/251/575 1437/249/573
f 1438/230/488 1439/233/547 1440/252/576
f 1441/253/577 1442/226/520 1443/251/570
f 1444/252/572 1445/254/578 1446/251/570
f 1447/254/579 1448/252/572 1449/233/497
f 1450/253/577 1451/254/579 1452/245/514
f 1453/245/538 1454/254/578 1455/244/580
f 1456/242/581 1457/244/580 1458/254/578
f 1459/236/582 1460/254/583 1461/233/497
f 1462/242/581 1463/254/583 1464/236/582
f 1465/242/584 1466/236/582 1467/240/505
f 1468/236/549 1469/237/585 1470/240/505
s 0
f 1471/170/586 1472/172/322 1473/172/349
f 1474/170/322 1475/170/586 1476/172/587
f 1477/170/322 1478/170/586 1479/172/587
f 1480/170/344 1481/206/434 1482/170/322
f 1483/206/434 1484/170/322 1485/170/344
f 1486/206/322 1487/206/434 1488/170/348
s 1
f 1489/174/421 1490/206/434 1491/170/348
s 0
f 1492/206/434 1493/174/588 1494/206/322
f 1495/174/355 1496/206/434 1497/174/322
f 1498/174/322 1499/174/355 1500/206/434
f 1501/176/356 1502/174/322 1503/174/354
f 1504/174/589 1505/255/590 1506/174/322
s 1
f 1507/255/591 1508/174/588 1509/176/592
f 1510/255/591 1511/205/593 1512/174/354
f 1513/256/594 1514/255/595 1515/176/356
f 1516/255/591 1517/257/596 1518/205/597
f 1519/257/598 1520/202/420 1521/205/419
f 1522/256/594 1523/258/599 1524/255/595
f 1525/258/600 1526/257/601 1527/255/595
f 1528/202/420 1529/257/602 1530/259/603
f 1531/200/415 1532/202/414 1533/259/604
f 1534/200/415 1535/259/604 1536/199/605
f 1537/260/606 1538/259/607 1539/257/598
f 1540/258/600 1541/260/606 1542/257/598
f 1543/259/604 1544/261/608 1545/199/605
f 1546/259/604 1547/260/609 1548/261/610
f 1549/198/409 1550/199/605 1551/261/610
f 1552/260/611 1553/262/612 1554/261/610
f 1555/263/613 1556/198/614 1557/261/610
f 1558/263/613 1559/261/610 1560/262/615
f 1561/197/616 1562/198/409 1563/263/613
f 1564/264/617 1565/263/613 1566/262/612
f 1567/263/613 1568/264/618 1569/265/619
f 1570/266/620 1571/197/405 1572/263/621
f 1573/266/620 1574/263/613 1575/265/622
f 1576/197/405 1577/266/620 1578/267/623
f 1579/195/402 1580/197/405 1581/267/624
f 1582/266/620 1583/265/622 1584/268/625
f 1585/267/626 1586/266/620 1587/268/627
f 1588/195/402 1589/267/624 1590/269/628
f 1591/194/398 1592/195/402 1593/269/628
f 1594/267/626 1595/268/627 1596/270/629
f 1597/269/628 1598/267/626 1599/270/629
f 1600/256/594 1601/176/356 1602/271/630
f 1603/256/631 1604/271/632 1605/272/633
f 1606/176/592 1607/175/634 1608/271/630
f 1609/271/632 1610/273/635 1611/272/636
f 1612/272/637 1613/273/635 1614/274/638
f 1615/275/639 1616/271/630 1617/175/634
f 1618/171/351 1619/275/639 1620/175/634
f 1621/276/640 1622/273/641 1623/271/632
f 1624/273/635 1625/276/640 1626/274/642
f 1627/275/643 1628/276/640 1629/271/632
f 1630/274/642 1631/276/640 1632/277/644
f 1633/275/639 1634/171/351 1635/278/645
f 1636/171/345 1637/169/343 1638/278/645
f 1639/279/646 1640/276/647 1641/275/643
f 1642/276/640 1643/279/648 1644/277/649
f 1645/278/650 1646/279/646 1647/275/651
f 1648/280/652 1649/281/653 1650/277/644
f 1651/282/654 1652/278/645 1653/169/343
f 1654/168/342 1655/282/655 1656/169/347
f 1657/283/656 1658/279/657 1659/278/658
f 1660/282/655 1661/284/659 1662/278/658
f 1663/285/660 1664/284/661 1665/281/662
s 0
f 1666/286/325 1667/286/663 1668/287/664
s 1
f 1669/288/665 1670/287/666 1671/289/667
f 1672/192/668 1673/290/669 1674/291/670
f 1675/291/671 1676/290/672 1677/289/673
f 1678/192/396 1679/291/674 1680/193/397
f 1681/291/670 1682/196/401 1683/193/557
f 1684/289/673 1685/287/675 1686/292/676
f 1687/292/676 1688/291/677 1689/289/678
f 1690/287/679 1691/286/680 1692/293/681
f 1693/287/675 1694/293/681 1695/292/676
f 1696/286/680 1697/294/682 1698/293/683
f 1699/291/670 1700/295/684 1701/196/401
f 1702/291/670 1703/292/685 1704/295/686
f 1705/161/403 1706/196/401 1707/295/684
f 1708/162/407 1709/161/403 1710/295/687
f 1711/296/688 1712/292/689 1713/293/690
f 1714/292/689 1715/296/691 1716/295/686
f 1717/297/692 1718/293/693 1719/294/694
f 1720/297/695 1721/296/688 1722/293/690
f 1723/298/696 1724/297/695 1725/294/682
f 1726/299/697 1727/162/411 1728/295/698
f 1729/162/373 1730/299/699 1731/163/700
f 1732/297/701 1733/298/702 1734/300/703
f 1735/296/688 1736/297/701 1737/300/704
f 1738/298/702 1739/301/705 1740/300/703
f 1741/301/706 1742/302/707 1743/300/708
f 1744/295/687 1745/296/688 1746/303/709
f 1747/299/697 1748/295/686 1749/303/710
f 1750/303/710 1751/296/688 1752/300/703
f 1753/299/711 1754/303/712 1755/163/334
f 1756/302/707 1757/304/713 1758/300/714
f 1759/300/708 1760/304/713 1761/303/715
f 1762/304/713 1763/302/707 1764/166/339
f 1765/166/339 1766/165/335 1767/304/713
f 1768/303/712 1769/305/716 1770/163/700
f 1771/304/713 1772/305/716 1773/303/712
f 1774/165/335 1775/305/717 1776/304/713
s 0
f 1777/163/334 1778/305/716 1779/163/325
s 1
f 1780/163/334 1781/305/716 1782/165/337
f 1783/224/718 1784/306/719 1785/229/720
s 0
f 1786/247/721 1787/166/325 1788/166/722
s 1
f 1789/307/723 1790/308/724 1791/309/725
f 1792/308/726 1793/310/727 1794/309/728
s 0
f 1795/286/325 1796/286/680 1797/294/729
f 1798/286/680 1799/294/325 1800/294/694
s 1
f 1801/286/680 1802/311/730 1803/294/694
s 0
f 1804/298/702 1805/294/325 1806/294/694
s 1
f 1807/311/731 1808/312/732 1809/294/694
f 1810/298/696 1811/294/694 1812/312/733
s 0
f 1813/298/325 1814/298/702 1815/294/682
s 1
f 1816/313/734 1817/298/735 1818/312/733
f 1819/313/736 1820/314/737 1821/298/702
s 0
f 1822/298/325 1823/298/738 1824/301/706
s 1
f 1825/314/739 1826/301/705 1827/298/738
s 0
f 1828/301/740 1829/298/735 1830/301/325
s 1
f 1831/314/737 1832/315/741 1833/301/706
s 0
f 1834/301/325 1835/301/705 1836/302/707
s 1
f 1837/315/741 1838/302/707 1839/301/706
s 0
f 1840/302/742 1841/301/743 1842/302/325
f 1843/302/325 1844/302/707 1845/316/744
s 1
f 1846/166/339 1847/302/707 1848/316/745
f 1849/247/554 1850/166/339 1851/316/745
f 1852/302/707 1853/315/741 1854/307/723
s 0
f 1855/247/322 1856/247/554 1857/316/746
f 1858/213/747 1859/247/322 1860/247/748
f 1861/316/325 1862/316/745 1863/302/742
f 1864/316/325 1865/316/745 1866/247/554
s 1
f 1867/302/707 1868/307/749 1869/316/744
s 0
f 1870/213/322 1871/213/750 1872/247/554
s 1
f 1873/307/723 1874/315/741 1875/317/751
f 1876/315/741 1877/318/752 1878/317/753
f 1879/308/754 1880/317/755 1881/318/752
f 1882/307/723 1883/317/751 1884/308/724
s 0
f 1885/307/756 1886/308/757 1887/307/325
f 1888/307/325 1889/307/749 1890/316/746
s 1
f 1891/316/745 1892/307/749 1893/247/554
s 0
f 1894/316/746 1895/247/322 1896/247/554
f 1897/247/322 1898/247/748 1899/213/747
s 1
f 1900/307/749 1901/309/728 1902/247/554
s 0
f 1903/247/554 1904/213/322 1905/213/750
s 1
f 1906/213/455 1907/247/554 1908/309/725
f 1909/308/724 1910/213/747 1911/309/725
s 0
f 1912/213/322 1913/213/758 1914/214/458
s 1
f 1915/214/759 1916/213/455 1917/308/757
s 0
f 1918/213/455 1919/214/322 1920/214/760
s 1
f 1921/319/761 1922/214/759 1923/308/724
f 1924/319/761 1925/320/762 1926/214/763
s 0
f 1927/214/759 1928/216/764 1929/214/322
s 1
f 1930/320/762 1931/216/764 1932/214/759
s 0
f 1933/216/322 1934/216/764 1935/214/759
s 1
f 1936/320/765 1937/321/766 1938/216/767
s 0
f 1939/216/464 1940/219/768 1941/216/322
s 1
f 1942/321/766 1943/219/469 1944/216/464
s 0
f 1945/219/322 1946/219/466 1947/216/769
s 1
f 1948/219/466 1949/321/766 1950/322/770
s 0
f 1951/219/771 1952/323/772 1953/219/322
s 1
f 1954/323/772 1955/219/466 1956/322/770
f 1957/219/466 1958/323/773 1959/224/718
f 1960/324/774 1961/323/772 1962/322/770
f 1963/224/718 1964/323/772 1965/306/719
f 1966/324/774 1967/306/719 1968/323/772
f 1969/325/775 1970/326/775 1971/327/775
f 1972/281/776 1973/280/777 1974/285/660
f 1975/280/652 1976/279/778 1977/285/660
f 1978/328/665 1979/287/675 1980/288/665
f 1981/287/675 1982/328/665 1983/286/680
f 1984/289/678 1985/329/665 1986/288/665
s 0
f 1987/159/322 1988/159/779 1989/160/780
f 1990/160/781 1991/159/782 1992/160/322
f 1993/161/325 1994/161/783 1995/162/784
f 1996/162/785 1997/161/786 1998/162/325
f 1999/162/325 2000/162/785 2001/163/787
f 2002/162/325 2003/162/785 2004/163/787
f 2005/162/788 2006/163/325 2007/163/787
f 2008/163/789 2009/165/790 2010/163/325
f 2011/165/322 2012/165/791 2013/163/792
f 2014/165/791 2015/166/793 2016/165/322
f 2017/166/325 2018/166/793 2019/165/791
s 1
f 2020/168/794 2021/167/795 2022/169/796
f 2023/167/797 2024/170/798 2025/169/796
f 2026/170/799 2027/171/800 2028/169/801
f 2029/170/802 2030/167/341 2031/172/803
f 2032/167/804 2033/173/358 2034/172/805
f 2035/171/800 2036/170/802 2037/174/806
f 2038/175/807 2039/171/808 2040/174/809
f 2041/175/807 2042/174/809 2043/176/810
f 2044/177/811 2045/172/805 2046/173/358
f 2047/178/359 2048/177/811 2049/173/358
f 2050/179/812 2051/177/811 2052/178/362
f 2053/180/363 2054/179/812 2055/178/359
f 2056/179/812 2057/180/363 2058/181/813
f 2059/180/814 2060/182/366 2061/181/813
f 2062/181/813 2063/182/366 2064/160/781
f 2065/182/815 2066/183/368 2067/160/781
f 2068/160/781 2069/183/816 2070/159/779
f 2071/183/368 2072/184/372 2073/159/779
s 0
f 2074/162/325 2075/162/785 2076/163/787
f 2077/163/787 2078/162/788 2079/163/325
f 2080/163/325 2081/163/787 2082/185/817
f 2083/185/817 2084/163/792 2085/185/325
f 2086/186/818 2087/185/325 2088/185/819
f 2089/186/322 2090/186/818 2091/185/820
f 2092/186/322 2093/186/821 2094/187/822
f 2095/187/822 2096/186/823 2097/187/322
f 2098/187/322 2099/187/824 2100/188/825
f 2101/188/826 2102/187/822 2103/188/322
f 2104/188/322 2105/188/826 2106/187/822
f 2107/188/826 2108/189/827 2109/188/322
f 2110/189/322 2111/189/828 2112/188/829
f 2113/189/322 2114/189/830 2115/190/831
f 2116/189/832 2117/190/322 2118/190/833
f 2119/190/833 2120/191/834 2121/190/322
f 2122/191/322 2123/191/835 2124/190/836
f 2125/191/835 2126/160/780 2127/191/322
s 1
f 2128/193/837 2129/192/396 2130/194/838
f 2131/195/839 2132/193/837 2133/194/398
f 2134/196/840 2135/193/841 2136/195/839
f 2137/161/842 2138/196/840 2139/195/839
f 2140/197/843 2141/161/842 2142/195/844
f 2143/161/783 2144/197/845 2145/198/846
f 2146/162/847 2147/161/783 2148/198/848
f 2149/198/846 2150/199/849 2151/162/850
f 2152/199/851 2153/163/789 2154/162/785
f 2155/200/852 2156/163/789 2157/199/853
f 2158/201/854 2159/163/789 2160/200/852
f 2161/201/854 2162/185/817 2163/163/789
f 2164/202/855 2165/201/854 2166/200/856
f 2167/185/817 2168/201/857 2169/203/858
f 2170/186/821 2171/185/817 2172/203/858
f 2173/201/854 2174/202/855 2175/204/859
f 2176/202/860 2177/205/861 2178/204/862
f 2179/205/861 2180/174/806 2181/204/862
f 2182/174/806 2183/206/863 2184/204/862
f 2185/201/854 2186/207/864 2187/203/865
f 2188/207/864 2189/201/866 2190/204/867
f 2191/203/858 2192/208/868 2193/186/869
f 2194/203/870 2195/207/864 2196/208/871
f 2197/208/871 2198/187/822 2199/186/869
f 2200/208/871 2201/188/826 2202/187/824
f 2203/204/862 2204/209/872 2205/207/864
f 2206/209/872 2207/204/862 2208/206/863
f 2209/207/864 2210/209/873 2211/208/871
f 2212/170/802 2213/209/874 2214/206/875
f 2215/172/805 2216/177/876 2217/209/874
f 2218/179/812 2219/209/877 2220/177/811
f 2221/210/878 2222/188/826 2223/208/871
f 2224/209/874 2225/210/879 2226/208/871
f 2227/210/878 2228/209/873 2229/179/880
f 2230/189/827 2231/188/881 2232/210/878
f 2233/210/879 2234/190/882 2235/189/883
f 2236/179/812 2237/211/884 2238/210/878
f 2239/210/878 2240/191/885 2241/190/886
f 2242/210/878 2243/211/884 2244/191/885
f 2245/211/887 2246/181/813 2247/191/888
f 2248/181/813 2249/160/781 2250/191/885
s 0
f 2251/172/889 2252/177/322 2253/177/890
f 2254/177/891 2255/179/812 2256/177/322
f 2257/179/322 2258/179/880 2259/177/890
f 2260/179/322 2261/179/880 2262/211/892
s 1
f 2263/179/812 2264/181/813 2265/211/884
s 0
f 2266/211/884 2267/181/322 2268/181/813
f 2269/181/322 2270/181/893 2271/160/781
f 2272/160/781 2273/181/894 2274/160/322
f 2275/212/895 2276/188/322 2277/188/825
f 2278/212/322 2279/212/896 2280/188/897
f 2281/213/898 2282/212/322 2283/212/899
f 2284/213/322 2285/213/900 2286/212/896
f 2287/212/896 2288/213/322 2289/213/900
s 1
f 2290/213/898 2291/212/895 2292/214/901
f 2293/212/895 2294/215/902 2295/214/903
f 2296/212/899 2297/188/897 2298/215/904
f 2299/214/901 2300/215/902 2301/216/905
f 2302/215/904 2303/188/826 2304/217/906
f 2305/215/902 2306/218/907 2307/216/908
f 2308/189/827 2309/217/909 2310/188/826
f 2311/216/908 2312/218/907 2313/219/910
f 2314/217/909 2315/189/827 2316/220/911
f 2317/218/912 2318/221/913 2319/219/914
f 2320/220/915 2321/189/883 2322/190/882
f 2323/219/910 2324/221/913 2325/222/916
f 2326/223/917 2327/220/911 2328/190/882
f 2329/224/918 2330/219/910 2331/222/916
f 2332/190/919 2333/225/920 2334/223/921
f 2335/225/920 2336/190/919 2337/191/835
f 2338/191/885 2339/226/922 2340/225/920
f 2341/224/918 2342/222/916 2343/227/923
f 2344/227/924 2345/222/925 2346/228/926
f 2347/224/927 2348/227/928 2349/229/929
f 2350/230/930 2351/227/931 2352/228/926
f 2353/229/929 2354/227/928 2355/231/932
f 2356/230/933 2357/232/934 2358/227/931
f 2359/227/928 2360/232/934 2361/231/932
f 2362/232/935 2363/230/936 2364/233/937
f 2365/232/938 2366/234/939 2367/231/940
f 2368/235/941 2369/232/935 2370/233/937
f 2371/234/939 2372/232/935 2373/235/941
f 2374/236/942 2375/235/941 2376/233/943
f 2377/236/942 2378/237/498 2379/235/944
f 2380/235/941 2381/238/500 2382/234/945
f 2383/237/498 2384/238/503 2385/235/941
f 2386/238/500 2387/239/504 2388/234/945
f 2389/241/510 2390/240/505 2391/242/946
f 2392/241/506 2393/243/947 2394/184/372
f 2395/243/948 2396/241/510 2397/242/949
f 2398/244/950 2399/243/948 2400/242/946
f 2401/243/948 2402/159/782 2403/184/509
f 2404/244/950 2405/159/779 2406/243/948
f 2407/159/779 2408/244/950 2409/245/951
f 2410/159/952 2411/245/953 2412/246/954
f 2413/159/779 2414/246/954 2415/160/955
f 2416/246/954 2417/191/956 2418/160/781
f 2419/191/835 2420/246/954 2421/226/922
f 2422/245/953 2423/226/957 2424/246/958
s 0
f 2425/217/959 2426/215/322 2427/215/960
f 2428/217/322 2429/217/959 2430/215/961
f 2431/220/915 2432/217/322 2433/217/962
f 2434/220/322 2435/220/915 2436/217/963
f 2437/220/322 2438/220/964 2439/223/917
f 2440/223/917 2441/220/965 2442/223/322
f 2443/225/920 2444/223/322 2445/223/966
f 2446/225/322 2447/225/967 2448/223/917
f 2449/225/322 2450/225/920 2451/226/968
f 2452/226/922 2453/225/969 2454/226/322
f 2455/226/322 2456/226/922 2457/245/953
f 2458/245/953 2459/226/922 2460/245/322
f 2461/244/950 2462/245/322 2463/245/951
f 2464/244/322 2465/244/950 2466/245/951
f 2467/242/970 2468/244/322 2469/244/971
f 2470/242/322 2471/242/949 2472/244/971
f 2473/242/322 2474/242/946 2475/240/543
f 2476/240/505 2477/242/946 2478/240/322
f 2479/215/904 2480/218/907 2481/215/322
f 2482/218/322 2483/218/912 2484/215/961
f 2485/218/972 2486/221/973 2487/218/322
f 2488/221/322 2489/221/973 2490/218/912
f 2491/221/973 2492/222/974 2493/221/322
f 2494/222/322 2495/222/916 2496/221/973
f 2497/222/916 2498/228/975 2499/222/322
f 2500/228/322 2501/228/926 2502/222/925
f 2503/228/926 2504/230/933 2505/228/322
f 2506/230/322 2507/230/933 2508/228/976
f 2509/230/977 2510/233/978 2511/230/322
f 2512/233/322 2513/233/937 2514/230/936
f 2515/233/322 2516/233/978 2517/236/979
f 2518/233/980 2519/236/322 2520/236/981
f 2521/236/322 2522/236/982 2523/237/498
f 2524/236/983 2525/237/322 2526/237/498
f 2527/184/322 2528/184/509 2529/159/782
f 2530/159/779 2531/184/553 2532/159/322
f 2533/163/787 2534/162/788 2535/163/325
f 2536/165/790 2537/163/325 2538/163/789
s 1
f 2539/185/817 2540/165/790 2541/163/789
f 2542/185/817 2543/166/984 2544/165/790
f 2545/166/793 2546/185/817 2547/186/821
f 2548/247/985 2549/166/986 2550/186/869
f 2551/186/869 2552/187/987 2553/247/985
f 2554/187/824 2555/212/899 2556/247/988
f 2557/187/987 2558/188/897 2559/212/899
f 2560/247/985 2561/212/895 2562/213/898
s 0
f 2563/192/325 2564/192/396 2565/193/837
f 2566/193/837 2567/192/555 2568/193/325
f 2569/196/989 2570/193/325 2571/193/837
f 2572/196/325 2573/196/840 2574/193/990
f 2575/196/325 2576/196/840 2577/161/783
f 2578/161/991 2579/196/989 2580/161/325
s 1
f 2581/218/907 2582/215/904 2583/217/909
f 2584/248/992 2585/218/907 2586/217/959
f 2587/221/973 2588/218/907 2589/248/993
f 2590/248/992 2591/217/994 2592/220/915
f 2593/249/995 2594/221/973 2595/248/996
f 2596/222/916 2597/221/973 2598/249/997
f 2599/228/926 2600/222/916 2601/249/997
f 2602/228/926 2603/249/997 2604/230/936
f 2605/250/998 2606/248/992 2607/220/915
f 2608/220/911 2609/223/966 2610/250/999
f 2611/223/917 2612/225/920 2613/250/1000
f 2614/225/920 2615/226/922 2616/250/1000
f 2617/250/1001 2618/251/1002 2619/248/992
f 2620/250/1003 2621/226/922 2622/251/1004
f 2623/251/1004 2624/249/995 2625/248/992
f 2626/252/1005 2627/230/936 2628/249/1006
f 2629/251/1002 2630/252/1007 2631/249/1008
f 2632/233/978 2633/230/936 2634/252/1007
f 2635/330/1009 2636/254/1010 2637/251/1002
f 2638/254/1010 2639/252/1005 2640/251/1002
f 2641/252/1005 2642/254/1010 2643/233/943
f 2644/330/1009 2645/226/922 2646/245/953
f 2647/254/1011 2648/245/951 2649/244/1012
f 2650/244/1012 2651/242/1013 2652/254/1011
f 2653/254/1011 2654/236/982 2655/233/943
f 2656/254/1011 2657/242/970 2658/236/981
f 2659/236/979 2660/242/1014 2661/240/505
f 2662/237/1015 2663/236/981 2664/240/505
s 0
f 2665/172/1016 2666/170/1017 2667/172/322
f 2668/170/322 2669/170/798 2670/177/1018
f 2671/170/322 2672/170/1017 2673/172/1019
f 2674/206/875 2675/170/322 2676/170/802
f 2677/170/802 2678/206/875 2679/170/322
f 2680/206/322 2681/206/1020 2682/170/798
s 1
f 2683/206/875 2684/174/1021 2685/170/798
s 0
f 2686/174/1022 2687/206/322 2688/206/1023
f 2689/206/875 2690/174/322 2691/174/1021
f 2692/174/322 2693/174/1021 2694/206/875
f 2695/174/809 2696/176/810 2697/174/322
f 2698/255/1024 2699/174/322 2700/174/1025
s 1
f 2701/174/809 2702/255/1026 2703/176/1027
f 2704/205/1028 2705/255/1026 2706/174/809
f 2707/255/1029 2708/256/1030 2709/176/810
f 2710/257/1031 2711/255/1026 2712/205/1028
f 2713/202/860 2714/257/1031 2715/205/861
f 2716/258/1032 2717/256/1030 2718/255/1029
f 2719/257/1033 2720/258/1034 2721/255/1029
f 2722/257/1035 2723/202/860 2724/259/1036
f 2725/202/855 2726/200/856 2727/259/1037
f 2728/259/1037 2729/200/856 2730/199/1038
f 2731/259/1039 2732/260/1040 2733/257/1035
f 2734/260/1040 2735/258/1034 2736/257/1035
f 2737/261/1041 2738/259/1037 2739/199/1042
f 2740/260/1043 2741/259/1037 2742/261/1041
f 2743/199/849 2744/198/1044 2745/261/1045
f 2746/262/1046 2747/260/1047 2748/261/1045
f 2749/198/1044 2750/263/1048 2751/261/1041
f 2752/261/1049 2753/263/1050 2754/262/1051
f 2755/198/1044 2756/197/1052 2757/263/1048
f 2758/263/1048 2759/264/1053 2760/262/1046
f 2761/264/1054 2762/263/1048 2763/265/1055
f 2764/197/845 2765/266/1056 2766/263/1057
f 2767/263/1048 2768/266/1058 2769/265/1059
f 2770/266/1056 2771/197/845 2772/267/1060
f 2773/197/1061 2774/195/1062 2775/267/1063
f 2776/265/1059 2777/266/1058 2778/268/1064
f 2779/266/1058 2780/267/1065 2781/268/1066
f 2782/267/1063 2783/195/844 2784/269/628
f 2785/195/839 2786/194/1067 2787/269/628
f 2788/268/1066 2789/267/1068 2790/270/629
f 2791/267/1068 2792/269/1069 2793/270/629
f 2794/176/810 2795/256/1030 2796/271/1070
f 2797/271/1071 2798/256/1072 2799/272/1073
f 2800/175/1074 2801/176/1075 2802/271/1070
f 2803/273/1076 2804/271/1071 2805/272/1077
f 2806/273/1078 2807/272/1079 2808/274/1080
f 2809/271/1070 2810/275/1081 2811/175/1082
f 2812/275/1083 2813/171/808 2814/175/1074
f 2815/273/1076 2816/276/1084 2817/271/1071
f 2818/276/1085 2819/273/1086 2820/274/1087
f 2821/276/1084 2822/275/1088 2823/271/1071
f 2824/276/1085 2825/274/1087 2826/277/1089
f 2827/171/808 2828/275/1081 2829/278/1090
f 2830/169/1091 2831/171/808 2832/278/1090
f 2833/276/1092 2834/279/1093 2835/275/1088
f 2836/279/1094 2837/276/1085 2838/277/1089
f 2839/279/1095 2840/278/1090 2841/275/1088
f 2842/280/1096 2843/279/1094 2844/277/1097
f 2845/278/1098 2846/282/1099 2847/169/796
f 2848/282/1099 2849/168/794 2850/169/796
f 2851/331/1100 2852/284/659 2853/278/1098
f 2854/284/1101 2855/282/1099 2856/278/1098
f 2857/284/1101 2858/285/1102 2859/281/662
s 0
f 2860/286/325 2861/286/663 2862/287/664
s 1
f 2863/287/664 2864/288/775 2865/289/1103
f 2866/290/1104 2867/192/1105 2868/291/1106
f 2869/290/1107 2870/291/1106 2871/289/1108
f 2872/291/1109 2873/192/396 2874/193/837
f 2875/196/840 2876/291/1110 2877/193/837
f 2878/287/1111 2879/289/1108 2880/292/1112
f 2881/291/1113 2882/292/1112 2883/289/678
f 2884/286/680 2885/287/675 2886/293/1114
f 2887/293/1115 2888/287/675 2889/292/1112
f 2890/294/1116 2891/286/680 2892/293/1115
f 2893/295/1117 2894/291/1110 2895/196/840
f 2896/292/1118 2897/291/1110 2898/295/1119
f 2899/196/840 2900/161/842 2901/295/1119
f 2902/161/783 2903/162/847 2904/295/1120
f 2905/292/1121 2906/296/1122 2907/293/1123
f 2908/296/1122 2909/292/1121 2910/295/1117
f 2911/293/1124 2912/297/1125 2913/294/1116
f 2914/296/1126 2915/297/1127 2916/293/1123
f 2917/297/1127 2918/298/1128 2919/294/1116
f 2920/162/847 2921/299/1129 2922/295/1130
f 2923/299/1131 2924/162/784 2925/163/789
f 2926/298/1128 2927/297/1132 2928/300/1133
f 2929/297/1132 2930/296/1134 2931/300/1135
f 2932/301/1136 2933/298/1128 2934/300/1133
f 2935/302/1137 2936/301/1138 2937/300/1139
f 2938/296/1134 2939/295/1130 2940/303/1140
f 2941/295/1130 2942/299/1129 2943/303/1140
f 2944/296/1134 2945/303/1140 2946/300/1135
f 2947/303/1141 2948/299/1131 2949/163/1142
f 2950/304/1143 2951/302/1137 2952/300/1144
f 2953/304/1143 2954/300/1139 2955/303/1141
f 2956/302/1137 2957/304/1143 2958/166/986
f 2959/165/790 2960/166/986 2961/304/1143
f 2962/305/1145 2963/303/1146 2964/163/789
f 2965/305/1145 2966/304/1143 2967/303/1141
f 2968/305/1147 2969/165/790 2970/304/1143
s 0
f 2971/305/1145 2972/163/325 2973/163/789
s 1
f 2974/305/1145 2975/163/789 2976/165/790
f 2977/306/1148 2978/224/1149 2979/229/1150
s 0
f 2980/166/1151 2981/247/1152 2982/166/325
s 1
f 2983/308/1153 2984/307/1154 2985/309/1155
f 2986/332/1156 2987/308/1157 2988/309/1158
s 0
f 2989/286/325 2990/286/680 2991/294/1159
f 2992/294/1160 2993/286/680 2994/294/325
s 1
f 2995/311/1161 2996/286/680 2997/294/1160
s 0
f 2998/294/1160 2999/298/1128 3000/294/325
s 1
f 3001/312/1162 3002/311/731 3003/294/1160
f 3004/294/1160 3005/298/1163 3006/312/1164
s 0
f 3007/298/325 3008/298/1128 3009/294/1116
s 1
f 3010/298/1163 3011/313/1165 3012/312/1164
f 3013/314/1166 3014/313/1167 3015/298/1128
s 0
f 3016/298/325 3017/298/1168 3018/301/1138
s 1
f 3019/301/1136 3020/314/1169 3021/298/1128
s 0
f 3022/298/1163 3023/301/325 3024/301/1138
s 1
f 3025/315/1170 3026/314/1166 3027/301/1138
s 0
f 3028/301/325 3029/301/1136 3030/302/1137
s 1
f 3031/302/1137 3032/315/1170 3033/301/1138
s 0
f 3034/301/1171 3035/302/325 3036/302/1172
f 3037/302/325 3038/302/1137 3039/166/986
f 3040/302/1173 3041/166/325 3042/166/793
f 3043/166/1151 3044/247/1152 3045/166/325
s 1
f 3046/315/1170 3047/302/1137 3048/307/1174
s 0
f 3049/247/322 3050/247/1152 3051/166/1175
f 3052/247/1176 3053/213/1177 3054/247/322
s 1
f 3055/166/986 3056/333/1178 3057/302/1137
f 3058/333/1178 3059/166/986 3060/247/985
f 3061/307/1174 3062/302/1137 3063/333/1178
s 0
f 3064/213/322 3065/213/1177 3066/247/985
s 1
f 3067/315/1170 3068/307/1154 3069/317/1179
f 3070/318/1180 3071/315/1170 3072/317/1181
f 3073/317/1182 3074/308/1157 3075/318/1183
f 3076/317/1179 3077/307/1154 3078/308/1153
s 0
f 3079/308/1184 3080/307/325 3081/307/1174
f 3082/307/325 3083/307/1185 3084/333/1178
s 1
f 3085/307/1174 3086/333/1178 3087/247/985
s 0
f 3088/247/988 3089/333/1186 3090/247/322
f 3091/247/322 3092/247/1176 3093/213/1177
s 1
f 3094/309/1187 3095/307/1174 3096/247/1152
s 0
f 3097/213/1177 3098/247/985 3099/213/322
s 1
f 3100/247/1152 3101/213/898 3102/309/1155
f 3103/213/898 3104/308/1153 3105/309/1155
s 0
f 3106/213/322 3107/213/898 3108/214/903
s 1
f 3109/213/898 3110/214/903 3111/308/1184
s 0
f 3112/214/903 3113/213/900 3114/214/322
s 1
f 3115/214/903 3116/319/1188 3117/308/1153
f 3118/320/1189 3119/319/1188 3120/214/903
s 0
f 3121/216/1190 3122/214/322 3123/214/1191
s 1
f 3124/216/1192 3125/320/1189 3126/214/903
s 0
f 3127/216/322 3128/216/1190 3129/214/903
s 1
f 3130/321/1193 3131/320/1194 3132/216/908
s 0
f 3133/219/1195 3134/216/322 3135/216/908
s 1
f 3136/219/914 3137/321/1196 3138/216/908
s 0
f 3139/219/322 3140/219/910 3141/216/1192
s 1
f 3142/321/1193 3143/219/910 3144/322/1197
s 0
f 3145/323/1198 3146/219/322 3147/219/1199
s 1
f 3148/219/910 3149/323/1198 3150/322/1197
f 3151/323/1200 3152/219/914 3153/224/1149
f 3154/323/1198 3155/324/1201 3156/322/1197
f 3157/323/1198 3158/224/1149 3159/306/1148
f 3160/306/1148 3161/324/1202 3162/323/1198
f 3163/326/665 3164/325/665 3165/327/665
f 3166/280/1203 3167/281/662 3168/285/1102
f 3169/279/1095 3170/280/1204 3171/285/1205
f 3172/287/675 3173/328/775 3174/288/775
f 3175/328/775 3176/287/675 3177/286/680
f 3178/329/775 3179/289/678 3180/288/775
f 3181/277/644 3182/279/646 3183/280/1206
f 3184/277/1089 3185/281/1207 3186/280/1208
f 3187/209/1209 3188/179/360 3189/177/357
s 0
f 3190/177/1210 3191/172/1211 3192/177/322
s 1
f 3193/209/874 3194/170/798 3195/172/889
s 0
f 3196/172/889 3197/177/811 3198/172/322
s 1
f 3199/251/575 3200/254/1212 3201/253/577
f 3202/245/515 3203/226/520 3204/253/1213
f 3205/251/1004 3206/226/957 3207/330/1009
f 3208/245/951 3209/254/1010 3210/330/1009
f 3211/278/1098 3212/279/1214 3213/331/1215
f 3214/278/658 3215/284/659 3216/283/656
f 3217/334/1216 3218/334/1217 3219/334/1218
f 3220/334/1219 3221/334/1220 3222/334/1221
f 3223/334/1222 3224/334/1223 3225/334/1224
f 3226/334/1225 3227/334/1226 3228/334/1227
f 3229/334/1228 3230/334/1229 3231/334/1230
f 3232/334/1231 3233/334/1232 3234/334/1233
f 3235/334/1234 3236/334/1235 3237/334/1236
f 3238/334/1237 3239/334/1238 3240/334/1239
f 3241/334/1240 3242/334/1220 3243/334/1219
f 3244/334/1241 3245/334/1242 3246/334/1219
f 3247/334/1243 3248/334/1240 3249/334/1241
f 3250/334/1244 3251/334/1245 3252/334/1241
f 3253/334/1246 3254/334/1245 3255/334/1247
f 3256/334/1248 3257/334/1249 3258/334/1247
f 3259/334/1223 3260/334/1246 3261/334/1250
f 3262/334/1251 3263/334/1252 3264/334/1250
f 3265/334/1229 3266/334/1253 3267/334/1254
f 3268/334/1230 3269/334/1229 3270/334/1254
f 3271/334/1255 3272/334/1256 3273/334/1257
f 3274/334/1258 3275/334/1255 3276/334/1257
f 3277/334/1256 3278/334/1259 3279/334/1260
f 3280/334/1257 3281/334/1256 3282/334/1261
f 3283/334/1262 3284/334/1226 3285/334/1263
f 3286/334/1261 3287/334/1262 3288/334/1225
f 3289/334/1217 3290/334/1264 3291/334/1265
f 3292/334/1218 3293/334/1217 3294/334/1265
f 3295/334/1266 3296/334/1267 3297/334/1268
f 3298/334/1269 3299/334/1266 3300/334/1268
f 3301/334/1267 3302/334/1270 3303/334/1271
f 3304/334/1268 3305/334/1267 3306/334/1272
f 3307/334/1273 3308/334/1238 3309/334/1274
f 3310/334/1272 3311/334/1273 3312/334/1237
f 3313/334/1275 3314/334/1232 3315/334/1231
f 3316/334/1276 3317/334/1277 3318/334/1231
f 3319/334/1278 3320/334/1279 3321/334/1276
f 3322/334/1280 3323/334/1281 3324/334/1276
f 3325/334/1282 3326/334/1281 3327/334/1280
f 3328/334/1283 3329/334/1284 3330/334/1285
f 3331/334/1286 3332/334/1282 3333/334/1287
f 3334/334/1288 3335/334/1289 3336/334/1287
f 3337/334/1216 3338/334/1290 3339/334/1221
f 3340/334/1291 3341/334/1216 3342/334/1218
f 3343/334/1222 3344/334/1223 3345/334/1224
f 3346/334/1225 3347/334/1222 3348/334/1227
f 3349/334/1292 3350/334/1293 3351/334/1233
f 3352/334/1294 3353/334/1228 3354/334/1233
f 3355/334/1295 3356/334/1235 3357/334/1236
f 3358/334/1237 3359/334/1238 3360/334/1239
f 3361/334/1296 3362/334/1297 3363/334/1298
f 3364/334/1299 3365/334/1296 3366/334/1298
f 3367/334/1300 3368/334/1301 3369/334/1302
f 3370/334/1303 3371/334/1300 3372/334/1302
f 3373/334/1240 3374/334/1216 3375/334/1291
f 3376/334/1304 3377/334/1242 3378/334/1291
f 3379/334/1245 3380/334/1305 3381/334/1306
f 3382/334/1244 3383/334/1245 3384/334/1306
f 3385/334/1246 3386/334/1243 3387/334/1247
f 3388/334/1248 3389/334/1246 3390/334/1247
f 3391/334/1252 3392/334/1246 3393/334/1250
f 3394/334/1227 3395/334/1252 3396/334/1250
f 3397/334/1229 3398/334/1253 3399/334/1254
f 3400/334/1230 3401/334/1229 3402/334/1254
f 3403/334/1255 3404/334/1256 3405/334/1257
f 3406/334/1258 3407/334/1255 3408/334/1257
f 3409/334/1256 3410/334/1259 3411/334/1261
f 3412/334/1257 3413/334/1256 3414/334/1307
f 3415/334/1262 3416/334/1222 3417/334/1263
f 3418/334/1261 3419/334/1262 3420/334/1263
f 3421/334/1290 3422/334/1264 3423/334/1265
f 3424/334/1221 3425/334/1290 3426/334/1265
f 3427/334/1266 3428/334/1308 3429/334/1309
f 3430/334/1269 3431/334/1266 3432/334/1268
f 3433/334/1267 3434/334/1273 3435/334/1271
f 3436/334/1268 3437/334/1267 3438/334/1272
f 3439/334/1273 3440/334/1234 3441/334/1274
f 3442/334/1272 3443/334/1273 3444/334/1237
f 3445/334/1277 3446/334/1310 3447/334/1311
f 3448/334/1312 3449/334/1277 3450/334/1311
f 3451/334/1278 3452/334/1275 3453/334/1276
f 3454/334/1313 3455/334/1281 3456/334/1276
f 3457/334/1314 3458/334/1281 3459/334/1280
f 3460/334/1287 3461/334/1284 3462/334/1280
f 3463/334/1286 3464/334/1282 3465/334/1287
f 3466/334/1315 3467/334/1289 3468/334/1287
f 3469/334/1316 3470/334/1290 3471/334/1216
f 3472/334/1317 3473/334/1316 3474/334/1216
f 3475/334/1318 3476/334/1316 3477/334/1319
f 3478/334/1320 3479/334/1321 3480/334/1319
f 3481/334/1322 3482/334/1323 3483/334/1324
f 3484/334/1325 3485/334/1326 3486/334/1324
f 3487/334/1327 3488/334/1322 3489/334/1328
f 3490/334/1299 3491/334/1327 3492/334/1328
f 3493/334/1329 3494/334/1293 3495/334/1228
f 3496/334/1330 3497/334/1331 3498/334/1228
f 3499/334/1332 3500/334/1329 3501/334/1333
f 3502/334/1334 3503/334/1335 3504/334/1336
f 3505/334/1337 3506/334/1335 3507/334/1334
f 3508/334/1338 3509/334/1339 3510/334/1340
f 3511/334/1341 3512/334/1337 3513/334/1342
f 3514/334/1297 3515/334/1341 3516/334/1342
f 3517/334/1343 3518/334/1291 3519/334/1221
f 3520/334/1344 3521/334/1343 3522/334/1221
f 3523/334/1345 3524/334/1343 3525/334/1344
f 3526/334/1346 3527/334/1345 3528/334/1344
f 3529/334/1347 3530/334/1348 3531/334/1346
f 3532/334/1349 3533/334/1347 3534/334/1350
f 3535/334/1351 3536/334/1352 3537/334/1349
f 3538/334/1353 3539/334/1354 3540/334/1349
f 3541/334/1355 3542/334/1294 3543/334/1233
f 3544/334/1356 3545/334/1355 3546/334/1233
f 3547/334/1357 3548/334/1358 3549/334/1359
f 3550/334/1360 3551/334/1361 3552/334/1362
f 3553/334/1363 3554/334/1357 3555/334/1360
f 3556/334/1364 3557/334/1363 3558/334/1360
f 3559/334/1365 3560/334/1366 3561/334/1367
f 3562/334/1368 3563/334/1302 3564/334/1364
f 3565/334/1369 3566/334/1252 3567/334/1222
f 3568/334/1370 3569/334/1369 3570/334/1371
f 3571/334/1372 3572/334/1369 3573/334/1370
f 3574/334/1373 3575/334/1374 3576/334/1370
f 3577/334/1375 3578/334/1376 3579/334/1377
f 3580/334/1378 3581/334/1379 3582/334/1380
f 3583/334/1381 3584/334/1382 3585/334/1378
f 3586/334/1296 3587/334/1299 3588/334/1378
f 3589/334/1383 3590/334/1384 3591/334/1234
f 3592/334/1385 3593/334/1383 3594/334/1295
f 3595/334/1386 3596/334/1383 3597/334/1385
f 3598/334/1387 3599/334/1388 3600/334/1385
f 3601/334/1389 3602/334/1386 3603/334/1390
f 3604/334/1391 3605/334/1392 3606/334/1390
f 3607/334/1297 3608/334/1393 3609/334/1391
f 3610/334/1298 3611/334/1394 3612/334/1391
f 3613/334/1395 3614/334/1263 3615/334/1227
f 3616/334/1396 3617/334/1395 3618/334/1227
f 3619/334/1397 3620/334/1395 3621/334/1396
f 3622/334/1398 3623/334/1399 3624/334/1396
f 3625/334/1400 3626/334/1401 3627/334/1402
f 3628/334/1403 3629/334/1400 3630/334/1402
f 3631/334/1303 3632/334/1400 3633/334/1404
f 3634/334/1351 3635/334/1303 3636/334/1404
f 3637/334/1405 3638/334/1274 3639/334/1239
f 3640/334/1406 3641/334/1405 3642/334/1239
f 3643/334/1407 3644/334/1405 3645/334/1408
f 3646/334/1409 3647/334/1410 3648/334/1411
f 3649/334/1412 3650/334/1413 3651/334/1409
f 3652/334/1414 3653/334/1412 3654/334/1409
f 3655/334/1301 3656/334/1412 3657/334/1415
f 3658/334/1416 3659/334/1301 3660/334/1415
f 3661/334/1417 3662/334/1317 3663/334/1216
f 3664/334/1418 3665/334/1324 3666/334/1317
f 3667/334/1319 3668/334/1419 3669/334/1420
f 3670/334/1245 3671/334/1418 3672/334/1419
f 3673/334/1421 3674/334/1325 3675/334/1320
f 3676/334/1324 3677/334/1418 3678/334/1421
f 3679/334/1422 3680/334/1421 3681/334/1418
f 3682/334/1418 3683/334/1245 3684/334/1423
f 3685/334/1246 3686/334/1422 3687/334/1424
f 3688/334/1382 3689/334/1381 3690/334/1328
f 3691/334/1328 3692/334/1421 3693/334/1382
f 3694/334/1376 3695/334/1425 3696/334/1421
f 3697/334/1421 3698/334/1426 3699/334/1376
f 3700/334/1427 3701/334/1374 3702/334/1422
f 3703/334/1428 3704/334/1249 3705/334/1369
f 3706/334/1429 3707/334/1369 3708/334/1249
f 3709/334/1291 3710/334/1430 3711/334/1431
f 3712/334/1430 3713/334/1348 3714/334/1432
f 3715/334/1433 3716/334/1434 3717/334/1435
f 3718/334/1434 3719/334/1432 3720/334/1436
f 3721/334/1345 3722/334/1352 3723/334/1437
f 3724/334/1437 3725/334/1432 3726/334/1345
f 3727/334/1432 3728/334/1437 3729/334/1438
f 3730/334/1439 3731/334/1440 3732/334/1433
f 3733/334/1440 3734/334/1441 3735/334/1250
f 3736/334/1352 3737/334/1351 3738/334/1442
f 3739/334/1442 3740/334/1437 3741/334/1352
f 3742/334/1437 3743/334/1403 3744/334/1402
f 3745/334/1402 3746/334/1438 3747/334/1437
f 3748/334/1443 3749/334/1402 3750/334/1444
f 3751/334/1396 3752/334/1248 3753/334/1443
f 3754/334/1248 3755/334/1396 3756/334/1227
f 3757/334/1293 3758/334/1331 3759/334/1445
f 3760/334/1446 3761/334/1447 3762/334/1448
f 3763/334/1449 3764/334/1445 3765/334/1450
f 3766/334/1451 3767/334/1448 3768/334/1256
f 3769/334/1332 3770/334/1337 3771/334/1452
f 3772/334/1452 3773/334/1453 3774/334/1454
f 3775/334/1448 3776/334/1452 3777/334/1455
f 3778/334/1455 3779/334/1456 3780/334/1457
f 3781/334/1456 3782/334/1455 3783/334/1458
f 3784/334/1337 3785/334/1341 3786/334/1378
f 3787/334/1378 3788/334/1459 3789/334/1337
f 3790/334/1452 3791/334/1378 3792/334/1380
f 3793/334/1377 3794/334/1455 3795/334/1452
f 3796/334/1455 3797/334/1460 3798/334/1461
f 3799/334/1370 3800/334/1262 3801/334/1462
f 3802/334/1262 3803/334/1463 3804/334/1222
f 3805/334/1290 3806/334/1316 3807/334/1464
f 3808/334/1465 3809/334/1318 3810/334/1466
f 3811/334/1467 3812/334/1464 3813/334/1316
f 3814/334/1468 3815/334/1469 3816/334/1267
f 3817/334/1470 3818/334/1326 3819/334/1471
f 3820/334/1472 3821/334/1466 3822/334/1321
f 3823/334/1466 3824/334/1472 3825/334/1473
f 3826/334/1473 3827/334/1308 3828/334/1466
f 3829/334/1308 3830/334/1473 3831/334/1474
f 3832/334/1322 3833/334/1327 3834/334/1391
f 3835/334/1391 3836/334/1472 3837/334/1322
f 3838/334/1472 3839/334/1475 3840/334/1390
f 3841/334/1476 3842/334/1477 3843/334/1472
f 3844/334/1473 3845/334/1478 3846/334/1385
f 3847/334/1385 3848/334/1479 3849/334/1473
f 3850/334/1474 3851/334/1480 3852/334/1234
f 3853/334/1481 3854/334/1362 3855/334/1233
f 3856/334/1482 3857/334/1483 3858/334/1362
f 3859/334/1359 3860/334/1484 3861/334/1485
f 3862/334/1486 3863/334/1482 3864/334/1484
f 3865/334/1487 3866/334/1364 3867/334/1488
f 3868/334/1483 3869/334/1482 3870/334/1487
f 3871/334/1489 3872/334/1490 3873/334/1482
f 3874/334/1491 3875/334/1486 3876/334/1492
f 3877/334/1261 3878/334/1489 3879/334/1486
f 3880/334/1400 3881/334/1368 3882/334/1364
f 3883/334/1364 3884/334/1487 3885/334/1493
f 3886/334/1494 3887/334/1400 3888/334/1487
f 3889/334/1487 3890/334/1495 3891/334/1496
f 3892/334/1395 3893/334/1399 3894/334/1489
f 3895/334/1495 3896/334/1261 3897/334/1395
f 3898/334/1263 3899/334/1395 3900/334/1260
f 3901/334/1497 3902/334/1330 3903/334/1310
f 3904/334/1498 3905/334/1334 3906/334/1336
f 3907/334/1336 3908/334/1497 3909/334/1499
f 3910/334/1500 3911/334/1499 3912/334/1501
f 3913/334/1502 3914/334/1338 3915/334/1340
f 3916/334/1340 3917/334/1499 3918/334/1502
f 3919/334/1503 3920/334/1502 3921/334/1498
f 3922/334/1499 3923/334/1500 3924/334/1503
f 3925/334/1282 3926/334/1503 3927/334/1500
f 3928/334/1393 3929/334/1394 3930/334/1342
f 3931/334/1342 3932/334/1502 3933/334/1504
f 3934/334/1386 3935/334/1504 3936/334/1502
f 3937/334/1502 3938/334/1505 3939/334/1386
f 3940/334/1383 3941/334/1506 3942/334/1505
f 3943/334/1507 3944/334/1284 3945/334/1508
f 3946/334/1384 3947/334/1383 3948/334/1284
f 3949/334/1509 3950/334/1344 3951/334/1221
f 3952/334/1510 3953/334/1346 3954/334/1511
f 3955/334/1344 3956/334/1512 3957/334/1513
f 3958/334/1309 3959/334/1514 3960/334/1509
f 3961/334/1515 3962/334/1516 3963/334/1517
f 3964/334/1518 3965/334/1519 3966/334/1520
f 3967/334/1521 3968/334/1522 3969/334/1510
f 3970/334/1519 3971/334/1309 3972/334/1521
f 3973/334/1272 3974/334/1523 3975/334/1309
f 3976/334/1524 3977/334/1353 3978/334/1349
f 3979/334/1349 3980/334/1522 3981/334/1412
f 3982/334/1525 3983/334/1412 3984/334/1522
f 3985/334/1522 3986/334/1526 3987/334/1525
f 3988/334/1405 3989/334/1527 3990/334/1521
f 3991/334/1523 3992/334/1271 3993/334/1528
f 3994/334/1274 3995/334/1529 3996/334/1530
f 3997/334/1311 3998/334/1355 3999/334/1531
f 4000/334/1358 4001/334/1357 4002/334/1532
f 4003/334/1532 4004/334/1533 4005/334/1358
f 4006/334/1533 4007/334/1532 4008/334/1280
f 4009/334/1361 4010/334/1363 4011/334/1534
f 4012/334/1535 4013/334/1532 4014/334/1361
f 4015/334/1536 4016/334/1535 4017/334/1537
f 4018/334/1538 4019/334/1313 4020/334/1532
f 4021/334/1313 4022/334/1538 4023/334/1287
f 4024/334/1366 4025/334/1416 4026/334/1414
f 4027/334/1414 4028/334/1535 4029/334/1366
f 4030/334/1535 4031/334/1539 4032/334/1409
f 4033/334/1409 4034/334/1537 4035/334/1535
f 4036/334/1537 4037/334/1409 4038/334/1411
f 4039/334/1411 4040/334/1287 4041/334/1540
f 4042/334/1283 4043/334/1411 4044/334/1239
f 4045/334/1218 4046/334/1291 4047/334/1290
f 4048/334/1291 4049/334/1220 4050/334/1290
f 4051/334/1224 4052/334/1225 4053/334/1223
f 4054/334/1225 4055/334/1222 4056/334/1223
f 4057/334/1233 4058/334/1541 4059/334/1293
f 4060/334/1541 4061/334/1292 4062/334/1293
f 4063/334/1239 4064/334/1237 4065/334/1235
f 4066/334/1237 4067/334/1295 4068/334/1235
f 4069/334/1302 4070/334/1303 4071/334/1301
f 4072/334/1303 4073/334/1300 4074/334/1301
f 4075/334/1298 4076/334/1299 4077/334/1297
f 4078/334/1299 4079/334/1296 4080/334/1297
f 4081/334/1291 4082/334/1241 4083/334/1216
f 4084/334/1304 4085/334/1242 4086/334/1216
f 4087/334/1306 4088/334/1436 4089/334/1305
f 4090/334/1436 4091/334/1245 4092/334/1305
f 4093/334/1247 4094/334/1248 4095/334/1243
f 4096/334/1250 4097/334/1246 4098/334/1243
f 4099/334/1250 4100/334/1224 4101/334/1246
f 4102/334/1227 4103/334/1223 4104/334/1246
f 4105/334/1254 4106/334/1233 4107/334/1253
f 4108/334/1230 4109/334/1229 4110/334/1253
f 4111/334/1257 4112/334/1258 4113/334/1456
f 4114/334/1258 4115/334/1255 4116/334/1456
f 4117/334/1261 4118/334/1257 4119/334/1458
f 4120/334/1257 4121/334/1256 4122/334/1458
f 4123/334/1225 4124/334/1261 4125/334/1222
f 4126/334/1261 4127/334/1262 4128/334/1226
f 4129/334/1265 4130/334/1221 4131/334/1264
f 4132/334/1221 4133/334/1290 4134/334/1264
f 4135/334/1268 4136/334/1269 4137/334/1308
f 4138/334/1265 4139/334/1266 4140/334/1267
f 4141/334/1272 4142/334/1268 4143/334/1270
f 4144/334/1268 4145/334/1267 4146/334/1273
f 4147/334/1274 4148/334/1272 4149/334/1234
f 4150/334/1272 4151/334/1273 4152/334/1234
f 4153/334/1311 4154/334/1312 4155/334/1310
f 4156/334/1312 4157/334/1277 4158/334/1310
f 4159/334/1276 4160/334/1280 4161/334/1275
f 4162/334/1280 4163/334/1281 4164/334/1275
f 4165/334/1280 4166/334/1287 4167/334/1281
f 4168/334/1283 4169/334/1282 4170/334/1281
f 4171/334/1287 4172/334/1315 4173/334/1282
f 4174/334/1315 4175/334/1286 4176/334/1282
f 4177/334/1221 4178/334/1344 4179/334/1291
f 4180/334/1344 4181/334/1343 4182/334/1291
f 4183/334/1542 4184/334/1346 4185/334/1435
f 4186/334/1517 4187/334/1345 4188/334/1430
f 4189/334/1543 4190/334/1349 4191/334/1348
f 4192/334/1516 4193/334/1347 4194/334/1348
f 4195/334/1349 4196/334/1353 4197/334/1352
f 4198/334/1353 4199/334/1300 4200/334/1352
f 4201/334/1233 4202/334/1356 4203/334/1294
f 4204/334/1362 4205/334/1358 4206/334/1294
f 4207/334/1362 4208/334/1544 4209/334/1545
f 4210/334/1546 4211/334/1357 4212/334/1355
f 4213/334/1546 4214/334/1364 4215/334/1357
f 4216/334/1547 4217/334/1363 4218/334/1357
f 4219/334/1364 4220/334/1368 4221/334/1366
f 4222/334/1368 4223/334/1302 4224/334/1366
f 4225/334/1216 4226/334/1548 4227/334/1290
f 4228/334/1317 4229/334/1316 4230/334/1290
f 4231/334/1548 4232/334/1320 4233/334/1316
f 4234/334/1320 4235/334/1549 4236/334/1316
f 4237/334/1324 4238/334/1325 4239/334/1318
f 4240/334/1325 4241/334/1322 4242/334/1549
f 4243/334/1328 4244/334/1381 4245/334/1322
f 4246/334/1381 4247/334/1327 4248/334/1322
f 4249/334/1228 4250/334/1330 4251/334/1293
f 4252/334/1330 4253/334/1329 4254/334/1293
f 4255/334/1336 4256/334/1334 4257/334/1450
f 4258/334/1340 4259/334/1447 4260/334/1331
f 4261/334/1340 4262/334/1338 4263/334/1447
f 4264/334/1338 4265/334/1337 4266/334/1447
f 4267/334/1342 4268/334/1550 4269/334/1337
f 4270/334/1297 4271/334/1341 4272/334/1337
f 4273/334/1227 4274/334/1396 4275/334/1263
f 4276/334/1396 4277/334/1395 4278/334/1263
f 4279/334/1396 4280/334/1402 4281/334/1551
f 4282/334/1398 4283/334/1399 4284/334/1395
f 4285/334/1552 4286/334/1403 4287/334/1494
f 4288/334/1404 4289/334/1400 4290/334/1494
f 4291/334/1404 4292/334/1351 4293/334/1400
f 4294/334/1300 4295/334/1303 4296/334/1400
f 4297/334/1239 4298/334/1411 4299/334/1274
f 4300/334/1406 4301/334/1405 4302/334/1274
f 4303/334/1411 4304/334/1409 4305/334/1405
f 4306/334/1409 4307/334/1410 4308/334/1529
f 4309/334/1553 4310/334/1414 4311/334/1413
f 4312/334/1414 4313/334/1412 4314/334/1413
f 4315/334/1414 4316/334/1302 4317/334/1412
f 4318/334/1416 4319/334/1301 4320/334/1412
f 4321/334/1222 4322/334/1554 4323/334/1252
f 4324/334/1370 4325/334/1369 4326/334/1252
f 4327/334/1370 4328/334/1555 4329/334/1427
f 4330/334/1373 4331/334/1374 4332/334/1369
f 4333/334/1377 4334/334/1378 4335/334/1376
f 4336/334/1378 4337/334/1379 4338/334/1376
f 4339/334/1378 4340/334/1296 4341/334/1382
f 4342/334/1296 4343/334/1381 4344/334/1382
f 4345/334/1234 4346/334/1385 4347/334/1384
f 4348/334/1385 4349/334/1556 4350/334/1384
f 4351/334/1385 4352/334/1557 4353/334/1383
f 4354/334/1387 4355/334/1386 4356/334/1383
f 4357/334/1476 4358/334/1391 4359/334/1386
f 4360/334/1391 4361/334/1392 4362/334/1386
f 4363/334/1391 4364/334/1298 4365/334/1393
f 4366/334/1298 4367/334/1394 4368/334/1392
f 4369/334/1430 4370/334/1431 4371/334/1291
f 4372/334/1348 4373/334/1432 4374/334/1430
f 4375/334/1241 4376/334/1430 4377/334/1433
f 4378/334/1432 4379/334/1436 4380/334/1434
f 4381/334/1347 4382/334/1437 4383/334/1345
f 4384/334/1432 4385/334/1345 4386/334/1437
f 4387/334/1437 4388/334/1438 4389/334/1432
f 4390/334/1440 4391/334/1433 4392/334/1439
f 4393/334/1441 4394/334/1250 4395/334/1436
f 4396/334/1351 4397/334/1442 4398/334/1352
f 4399/334/1437 4400/334/1352 4401/334/1442
f 4402/334/1403 4403/334/1402 4404/334/1437
f 4405/334/1438 4406/334/1437 4407/334/1402
f 4408/334/1398 4409/334/1444 4410/334/1441
f 4411/334/1248 4412/334/1558 4413/334/1559
f 4414/334/1396 4415/334/1227 4416/334/1248
f 4417/334/1317 4418/334/1216 4419/334/1417
f 4420/334/1324 4421/334/1317 4422/334/1418
f 4423/334/1417 4424/334/1420 4425/334/1319
f 4426/334/1418 4427/334/1419 4428/334/1424
f 4429/334/1325 4430/334/1320 4431/334/1421
f 4432/334/1418 4433/334/1421 4434/334/1324
f 4435/334/1421 4436/334/1418 4437/334/1422
f 4438/334/1424 4439/334/1423 4440/334/1420
f 4441/334/1422 4442/334/1424 4443/334/1246
f 4444/334/1381 4445/334/1328 4446/334/1382
f 4447/334/1421 4448/334/1382 4449/334/1328
f 4450/334/1425 4451/334/1421 4452/334/1376
f 4453/334/1426 4454/334/1376 4455/334/1421
f 4456/334/1374 4457/334/1560 4458/334/1427
f 4459/334/1249 4460/334/1369 4461/334/1561
f 4462/334/1369 4463/334/1249 4464/334/1429
f 4465/334/1362 4466/334/1233 4467/334/1481
f 4468/334/1483 4469/334/1362 4470/334/1482
f 4471/334/1484 4472/334/1562 4473/334/1359
f 4474/334/1482 4475/334/1484 4476/334/1257
f 4477/334/1364 4478/334/1488 4479/334/1487
f 4480/334/1482 4481/334/1487 4482/334/1483
f 4483/334/1490 4484/334/1482 4485/334/1489
f 4486/334/1486 4487/334/1492 4488/334/1491
f 4489/334/1489 4490/334/1486 4491/334/1563
f 4492/334/1368 4493/334/1364 4494/334/1400
f 4495/334/1487 4496/334/1493 4497/334/1364
f 4498/334/1400 4499/334/1487 4500/334/1494
f 4501/334/1495 4502/334/1494 4503/334/1487
f 4504/334/1496 4505/334/1489 4506/334/1395
f 4507/334/1307 4508/334/1395 4509/334/1489
f 4510/334/1395 4511/334/1260 4512/334/1263
f 4513/334/1344 4514/334/1221 4515/334/1265
f 4516/334/1346 4517/334/1564 4518/334/1510
f 4519/334/1512 4520/334/1513 4521/334/1344
f 4522/334/1514 4523/334/1509 4524/334/1309
f 4525/334/1516 4526/334/1565 4527/334/1566
f 4528/334/1519 4529/334/1522 4530/334/1517
f 4531/334/1522 4532/334/1519 4533/334/1521
f 4534/334/1309 4535/334/1567 4536/334/1519
f 4537/334/1521 4538/334/1309 4539/334/1530
f 4540/334/1353 4541/334/1349 4542/334/1412
f 4543/334/1522 4544/334/1412 4545/334/1349
f 4546/334/1412 4547/334/1522 4548/334/1568
f 4549/334/1526 4550/334/1413 4551/334/1522
f 4552/334/1407 4553/334/1521 4554/334/1405
f 4555/334/1271 4556/334/1528 4557/334/1523
f 4558/334/1529 4559/334/1530 4560/334/1274
f 4561/334/1331 4562/334/1445 4563/334/1293
f 4564/334/1335 4565/334/1448 4566/334/1329
f 4567/334/1445 4568/334/1450 4569/334/1449
f 4570/334/1448 4571/334/1456 4572/334/1451
f 4573/334/1337 4574/334/1452 4575/334/1335
f 4576/334/1453 4577/334/1454 4578/334/1452
f 4579/334/1569 4580/334/1455 4581/334/1448
f 4582/334/1456 4583/334/1457 4584/334/1455
f 4585/334/1455 4586/334/1458 4587/334/1456
f 4588/334/1341 4589/334/1570 4590/334/1337
f 4591/334/1459 4592/334/1337 4593/334/1378
f 4594/334/1378 4595/334/1380 4596/334/1452
f 4597/334/1455 4598/334/1452 4599/334/1377
f 4600/334/1373 4601/334/1370 4602/334/1462
f 4603/334/1571 4604/334/1462 4605/334/1370
f 4606/334/1463 4607/334/1222 4608/334/1571
f 4609/334/1355 4610/334/1572 4611/334/1311
f 4612/334/1357 4613/334/1536 4614/334/1358
f 4615/334/1572 4616/334/1358 4617/334/1532
f 4618/334/1532 4619/334/1280 4620/334/1533
f 4621/334/1363 4622/334/1534 4623/334/1357
f 4624/334/1532 4625/334/1361 4626/334/1535
f 4627/334/1535 4628/334/1573 4629/334/1536
f 4630/334/1313 4631/334/1532 4632/334/1538
f 4633/334/1540 4634/334/1283 4635/334/1313
f 4636/334/1416 4637/334/1415 4638/334/1366
f 4639/334/1535 4640/334/1366 4641/334/1414
f 4642/334/1415 4643/334/1574 4644/334/1535
f 4645/334/1537 4646/334/1535 4647/334/1409
f 4648/334/1575 4649/334/1411 4650/334/1540
f 4651/334/1283 4652/334/1540 4653/334/1576
f 4654/334/1411 4655/334/1239 4656/334/1283
f 4657/334/1316 4658/334/1468 4659/334/1290
f 4660/334/1318 4661/334/1466 4662/334/1577
f 4663/334/1464 4664/334/1316 4665/334/1467
f 4666/334/1469 4667/334/1267 4668/334/1468
f 4669/334/1326 4670/334/1471 4671/334/1470
f 4672/334/1466 4673/334/1321 4674/334/1578
f 4675/334/1472 4676/334/1473 4677/334/1579
f 4678/334/1308 4679/334/1466 4680/334/1473
f 4681/334/1473 4682/334/1474 4683/334/1308
f 4684/334/1327 4685/334/1475 4686/334/1322
f 4687/334/1472 4688/334/1322 4689/334/1391
f 4690/334/1475 4691/334/1390 4692/334/1472
f 4693/334/1477 4694/334/1472 4695/334/1476
f 4696/334/1580 4697/334/1385 4698/334/1473
f 4699/334/1270 4700/334/1581 4701/334/1582
f 4702/334/1480 4703/334/1234 4704/334/1474
f 4705/334/1330 4706/334/1310 4707/334/1583
f 4708/334/1334 4709/334/1336 4710/334/1499
f 4711/334/1497 4712/334/1499 4713/334/1336
f 4714/334/1499 4715/334/1501 4716/334/1500
f 4717/334/1338 4718/334/1334 4719/334/1584
f 4720/334/1499 4721/334/1502 4722/334/1340
f 4723/334/1502 4724/334/1498 4725/334/1505
f 4726/334/1500 4727/334/1507 4728/334/1499
f 4729/334/1503 4730/334/1500 4731/334/1282
f 4732/334/1394 4733/334/1342 4734/334/1393
f 4735/334/1502 4736/334/1504 4737/334/1342
f 4738/334/1504 4739/334/1502 4740/334/1386
f 4741/334/1505 4742/334/1386 4743/334/1502
f 4744/334/1506 4745/334/1503 4746/334/1383
f 4747/334/1284 4748/334/1508 4749/334/1507
f 4750/334/1383 4751/334/1284 4752/334/1384
o Bottom_11
v 4.455639 10.388121 -9.563701
v 4.455639 10.912213 -11.870508
v -4.455639 10.912213 -11.870508
v -4.455639 10.388121 -9.563701
v 4.455639 10.388121 -9.563701
v -4.455639 10.912213 -11.870508
v 4.455639 10.105391 -9.324701
v 4.455639 10.150451 -9.314464
v -4.455639 10.150451 -9.314464
v -4.455639 10.105391 -9.324701
v 4.455639 10.105391 -9.324701
v -4.455639 10.150451 -9.314464
v 4.455639 10.522841 -11.958971
v 4.455639 9.998748 -9.652164
v -4.455639 9.998748 -9.652164
v -4.455639 10.522841 -11.958971
v 4.455639 10.522841 -11.958971
v -4.455639 9.998748 -9.652164
v 4.455639 10.805569 -12.197971
v 4.455639 10.760508 -12.208209
v -4.455639 10.760508 -12.208209
v -4.455639 10.805569 -12.197971
v 4.455639 10.805569 -12.197971
v -4.455639 10.760508 -12.208209
v 4.455639 10.349948 -9.456326
v 4.455639 10.388121 -9.563701
v -4.455639 10.388121 -9.563701
v -4.455639 10.349948 -9.456326
v 4.455639 10.349948 -9.456326
v -4.455639 10.388121 -9.563701
v 4.455639 10.291371 -9.371264
v 4.455639 10.349948 -9.456326
v -4.455639 10.349948 -9.456326
v -4.455639 10.291371 -9.371264
v 4.455639 10.291371 -9.371264
v -4.455639 10.349948 -9.456326
v 4.455639 10.221323 -9.321438
v 4.455639 10.291371 -9.371264
v -4.455639 10.291371 -9.371264
v -4.455639 10.221323 -9.321438
v 4.455639 10.221323 -9.321438
v -4.455639 10.291371 -9.371264
v 4.455639 10.150451 -9.314464
v 4.455639 10.221323 -9.321438
v -4.455639 10.221323 -9.321438
v -4.455639 10.150451 -9.314464
v 4.455639 10.150451 -9.314464
v -4.455639 10.221323 -9.321438
v 4.455639 9.998748 -9.652164
v 4.455639 9.986776 -9.538836
v -4.455639 9.986776 -9.538836
v -4.455639 9.998748 -9.652164
v 4.455639 9.998748 -9.652164
v -4.455639 9.986776 -9.538836
v 4.455639 9.986776 -9.538836
v 4.455639 10.002849 -9.436816
v -4.455639 10.002849 -9.436816
v -4.455639 9.986776 -9.538836
v 4.455639 9.986776 -9.538836
v -4.455639 10.002849 -9.436816
v 4.455639 10.002849 -9.436816
v 4.455639 10.044493 -9.361613
v -4.455639 10.044493 -9.361613
v -4.455639 10.002849 -9.436816
v 4.455639 10.002849 -9.436816
v -4.455639 10.044493 -9.361613
v 4.455639 10.044493 -9.361613
v 4.455639 10.105391 -9.324701
v -4.455639 10.105391 -9.324701
v -4.455639 10.044493 -9.361613
v 4.455639 10.044493 -9.361613
v -4.455639 10.105391 -9.324701
v 4.455639 10.912213 -11.870508
v 4.455639 10.924184 -11.983835
v -4.455639 10.924184 -11.983835
v -4.455639 10.912213 -11.870508
v 4.455639 10.912213 -11.870508
v -4.455639 10.924184 -11.983835
v 4.455639 10.924184 -11.983835
v 4.455639 10.908113 -12.085857
v -4.455639 10.908113 -12.085857
v -4.455639 10.924184 -11.983835
v 4.455639 10.924184 -11.983835
v -4.455639 10.908113 -12.085857
v 4.455639 10.908113 -12.085857
v 4.455639 10.866469 -12.161059
v -4.455639 10.866469 -12.161059
v -4.455639 10.908113 -12.085857
v 4.455639 10.908113 -12.085857
v -4.455639 10.866469 -12.161059
v 4.455639 10.866469 -12.161059
v 4.455639 10.805569 -12.197971
v -4.455639 10.805569 -12.197971
v -4.455639 10.866469 -12.161059
v 4.455639 10.866469 -12.161059
v -4.455639 10.805569 -12.197971
v 4.455639 10.561013 -12.066346
v 4.455639 10.522841 -11.958971
v -4.455639 10.522841 -11.958971
v -4.455639 10.561013 -12.066346
v 4.455639 10.561013 -12.066346
v -4.455639 10.522841 -11.958971
v 4.455639 10.619590 -12.151408
v 4.455639 10.561013 -12.066346
v -4.455639 10.561013 -12.066346
v -4.455639 10.619590 -12.151408
v 4.455639 10.619590 -12.151408
v -4.455639 10.561013 -12.066346
v 4.455639 10.689639 -12.201234
v 4.455639 10.619590 -12.151408
v -4.455639 10.619590 -12.151408
v -4.455639 10.689639 -12.201234
v 4.455639 10.689639 -12.201234
v -4.455639 10.619590 -12.151408
v 4.455639 10.760508 -12.208209
v 4.455639 10.689639 -12.201234
v -4.455639 10.689639 -12.201234
v -4.455639 10.760508 -12.208209
v 4.455639 10.760508 -12.208209
v -4.455639 10.689639 -12.201234
v -4.569305 6.790281 -6.794601
v -4.569305 6.790281 -6.794601
v -5.267251 4.921307 -4.228634
v -4.384156 6.766357 -6.734747
v -4.569305 6.790281 -6.794601
v -5.267251 4.921307 -4.228634
v -5.267251 4.921307 -4.228634
v -4.384156 6.766357 -6.734747
v -5.267251 4.921307 -4.228634
v -5.398488 4.336977 -2.818272
v -5.267251 4.921307 -4.228634
v -5.267251 4.921307 -4.228634
v -5.398488 4.336977 -2.818272
v -5.398488 4.336977 -2.818272
v -5.267251 4.921307 -4.228634
v -5.424537 3.767569 -1.826774
v -5.398488 4.336977 -2.818272
v -5.398488 4.336977 -2.818272
v -5.424537 3.767569 -1.826774
v -5.424537 3.767569 -1.826774
v -5.398488 4.336977 -2.818272
v -4.569305 6.790281 -6.794601
v -4.384156 6.766357 -6.734747
v -5.267251 4.921307 -4.228634
v -4.384156 6.766357 -6.734747
v -5.267251 4.921307 -4.228634
v -5.267251 4.921307 -4.228634
v -5.267251 4.921307 -4.228634
v -5.267251 4.921307 -4.228634
v -5.394649 4.317914 -1.489374
v -5.267251 4.921307 -4.228634
v -5.394649 4.317914 -1.489374
v -5.394649 4.317914 -1.489374
v -4.705062 6.516408 -5.272167
v -4.148384 7.052917 -6.581080
v -4.569305 6.790281 -6.794601
v -5.267251 4.921307 -4.228634
v -4.705062 6.516408 -5.272167
v -4.569305 6.790281 -6.794601
v -5.267251 4.921307 -4.228634
v -4.927089 5.607785 -3.372093
v -4.705062 6.516408 -5.272167
v -5.267251 4.921307 -4.228634
v -5.203527 4.960943 -1.936723
v -4.927089 5.607785 -3.372093
v -5.394649 4.317914 -1.489374
v -5.203527 4.960943 -1.936723
v -5.267251 4.921307 -4.228634
v -5.203527 4.960943 -1.936723
v -4.689774 6.465416 -2.492324
v -4.927089 5.607785 -3.372093
v -4.384156 6.766357 -6.734747
v -5.267251 4.921307 -4.228634
v -5.267251 4.921307 -4.228634
v -5.267251 4.921307 -4.228634
v -5.398488 4.336977 -2.818272
v -5.267251 4.921307 -4.228634
v -5.398488 4.336977 -2.818272
v -5.394649 4.317914 -1.489374
v -5.267251 4.921307 -4.228634
v -5.424537 3.767569 -1.826774
v -5.394649 4.317914 -1.489374
v -5.398488 4.336977 -2.818272
v -4.689774 6.465416 -2.492324
v -4.493253 6.647683 -2.553711
v -4.710429 6.515311 -3.782241
v -4.927089 5.607785 -3.372093
v -4.689774 6.465416 -2.492324
v -4.710429 6.515311 -3.782241
v -4.927089 5.607785 -3.372093
v -4.710429 6.515311 -3.782241
v -4.705062 6.516408 -5.272167
v -4.710429 6.515311 -3.782241
v -4.430315 6.646659 -5.156920
v -4.705062 6.516408 -5.272167
v -4.148384 7.052917 -6.581080
v -4.705062 6.516408 -5.272167
v -4.430315 6.646659 -5.156920
v -3.804615 7.221520 -6.379751
v -4.148384 7.052917 -6.581080
v -4.430315 6.646659 -5.156920
v -4.569305 6.790281 -6.794601
v -4.957554 5.514495 -6.501309
v -5.267251 4.921307 -4.228634
v -5.095220 3.903840 -6.812323
v -5.448607 3.847207 -4.376246
v -5.038575 4.650892 -6.800599
v -4.957554 5.514495 -6.501309
v -5.006111 5.096378 -6.666799
v -5.267251 4.921307 -4.228634
v -5.448607 3.847207 -4.376246
v -5.404574 4.083031 -4.329805
v -5.038575 4.650892 -6.800599
v -5.038575 4.650892 -6.800599
v -5.404574 4.083031 -4.329805
v -5.006111 5.096378 -6.666799
v -5.404574 4.083031 -4.329805
v -5.448607 3.847207 -4.376246
v -5.424537 3.767569 -1.826774
v -5.424537 3.767569 -1.826774
v -5.398488 4.336977 -2.818272
v -5.404574 4.083031 -4.329805
v -5.006111 5.096378 -6.666799
v -5.398532 4.449221 -4.242797
v -5.267251 4.921307 -4.228634
v -5.404574 4.083031 -4.329805
v -5.398532 4.449221 -4.242797
v -5.006111 5.096378 -6.666799
v -5.398488 4.336977 -2.818272
v -5.398532 4.449221 -4.242797
v -5.404574 4.083031 -4.329805
v -5.267251 4.921307 -4.228634
v -5.398532 4.449221 -4.242797
v -5.267251 4.921307 -4.228634
v -5.267251 4.921307 -4.228634
v -5.398532 4.449221 -4.242797
v -5.398488 4.336977 -2.818272
v -5.345351 2.614885 -7.091196
v -5.582165 2.564275 -4.542634
v -5.095220 3.903840 -6.812323
v -5.095220 3.903840 -6.812323
v -5.095220 3.903840 -6.812323
v -5.448607 3.847207 -4.376246
v -5.582165 2.564275 -4.542634
v -5.448607 3.847207 -4.376246
v -5.095220 3.903840 -6.812323
v -5.448607 3.847207 -4.376246
v -5.095220 3.903840 -6.812323
v -5.448607 3.847207 -4.376246
v -5.448607 3.847207 -4.376246
v -5.448607 3.847207 -4.376246
v -5.487092 3.296409 -1.971025
v -5.424537 3.767569 -1.826774
v -5.448607 3.847207 -4.376246
v -5.487092 3.296409 -1.971025
v -5.448607 3.847207 -4.376246
v -5.582165 2.564275 -4.542634
v -5.590026 2.565236 -2.301111
v -5.487092 3.296409 -1.971025
v -5.487092 3.296409 -1.971025
v -5.448607 3.847207 -4.376246
v -5.448607 3.847207 -4.376246
v -5.590026 2.565236 -2.301111
v -5.487092 3.296409 -1.971025
v -5.590026 2.565236 -2.301111
v -5.582165 2.564275 -4.542634
v -5.627854 2.475756 -2.974149
v -5.582165 2.564275 -4.542634
v -5.613407 2.346226 -2.880783
v -5.627854 2.475756 -2.974149
v -5.590026 2.565236 -2.301111
v -5.590026 2.565236 -2.301111
v -5.487092 3.296409 -1.971025
v 4.507589 6.782307 -6.774650
v 4.507589 6.782307 -6.774650
v 5.267251 4.921307 -4.228634
v 4.507589 6.782307 -6.774650
v 4.507589 6.782307 -6.774650
v 5.267251 4.921307 -4.228634
v 4.507589 6.782307 -6.774650
v 5.267251 4.921307 -4.228634
v 5.267251 4.921307 -4.228634
v 5.267251 4.921307 -4.228634
v 5.398488 4.336977 -2.818272
v 5.267251 4.921307 -4.228634
v 5.398488 4.336977 -2.818272
v 5.398488 4.336977 -2.818272
v 5.267251 4.921307 -4.228634
v 5.398488 4.336977 -2.818272
v 5.562339 3.767569 -1.826774
v 5.398488 4.336977 -2.818272
v 5.562339 3.767569 -1.826774
v 5.562339 3.767569 -1.826774
v 5.398488 4.336977 -2.818272
v 4.507589 6.782307 -6.774650
v 4.507589 6.782307 -6.774650
v 5.267251 4.921307 -4.228634
v 5.267251 4.921307 -4.228634
v 4.507589 6.782307 -6.774650
v 5.267251 4.921307 -4.228634
v 5.267251 4.921307 -4.228634
v 5.267251 4.921307 -4.228634
v 5.394649 4.317914 -1.489374
v 5.394649 4.317914 -1.489374
v 5.267251 4.921307 -4.228634
v 5.394649 4.317914 -1.489374
v 4.148384 7.052917 -6.581080
v 4.705062 6.516408 -5.272167
v 4.507589 6.782307 -6.774650
v 4.705062 6.516408 -5.272167
v 5.267251 4.921307 -4.228634
v 4.507589 6.782307 -6.774650
v 4.927089 5.607785 -3.372093
v 5.267251 4.921307 -4.228634
v 4.705062 6.516408 -5.272167
v 5.203527 4.960943 -1.936723
v 5.267251 4.921307 -4.228634
v 4.927089 5.607785 -3.372093
v 5.203527 4.960943 -1.936723
v 5.394649 4.317914 -1.489374
v 5.267251 4.921307 -4.228634
v 4.689774 6.465416 -2.492324
v 5.203527 4.960943 -1.936723
v 4.927089 5.607785 -3.372093
v 5.267251 4.921307 -4.228634
v 4.507589 6.782307 -6.774650
v 5.267251 4.921307 -4.228634
v 5.398488 4.336977 -2.818272
v 5.267251 4.921307 -4.228634
v 5.267251 4.921307 -4.228634
v 5.394649 4.317914 -1.489374
v 5.398488 4.336977 -2.818272
v 5.267251 4.921307 -4.228634
v 5.394649 4.317914 -1.489374
v 5.562339 3.767569 -1.826774
v 5.398488 4.336977 -2.818272
v 4.493253 6.647683 -2.553711
v 4.689774 6.465416 -2.492324
v 4.710429 6.515311 -3.782241
v 4.689774 6.465416 -2.492324
v 4.927089 5.607785 -3.372093
v 4.710429 6.515311 -3.782241
v 4.710429 6.515311 -3.782241
v 4.927089 5.607785 -3.372093
v 4.705062 6.516408 -5.272167
v 4.430315 6.646659 -5.156920
v 4.710429 6.515311 -3.782241
v 4.705062 6.516408 -5.272167
v 4.705062 6.516408 -5.272167
v 4.148384 7.052917 -6.581080
v 4.430315 6.646659 -5.156920
v 4.148384 7.052917 -6.581080
v 3.804615 7.221520 -6.379751
v 4.430315 6.646659 -5.156920
v 4.957554 5.514495 -6.501309
v 4.507589 6.782307 -6.774650
v 5.267251 4.921307 -4.228634
v 5.448607 3.847207 -4.376246
v 5.095220 3.903840 -6.812323
v 5.038575 4.650892 -6.800599
v 5.006111 5.096378 -6.666799
v 4.957554 5.514495 -6.501309
v 5.267251 4.921307 -4.228634
v 5.404574 4.083031 -4.329805
v 5.448607 3.847207 -4.376246
v 5.038575 4.650892 -6.800599
v 5.404574 4.083031 -4.329805
v 5.038575 4.650892 -6.800599
v 5.006111 5.096378 -6.666799
v 5.448607 3.847207 -4.376246
v 5.404574 4.083031 -4.329805
v 5.562339 3.767569 -1.826774
v 5.398488 4.336977 -2.818272
v 5.562339 3.767569 -1.826774
v 5.404574 4.083031 -4.329805
v 5.398532 4.449221 -4.242797
v 5.006111 5.096378 -6.666799
v 5.267251 4.921307 -4.228634
v 5.398532 4.449221 -4.242797
v 5.404574 4.083031 -4.329805
v 5.006111 5.096378 -6.666799
v 5.398532 4.449221 -4.242797
v 5.398488 4.336977 -2.818272
v 5.404574 4.083031 -4.329805
v 5.398532 4.449221 -4.242797
v 5.267251 4.921307 -4.228634
v 5.267251 4.921307 -4.228634
v 5.398532 4.449221 -4.242797
v 5.267251 4.921307 -4.228634
v 5.398488 4.336977 -2.818272
v 5.582165 2.564275 -4.542634
v 5.345351 2.614885 -7.091196
v 5.095220 3.903840 -6.812323
v 5.095220 3.903840 -6.812323
v 5.095220 3.903840 -6.812323
v 5.448607 3.847207 -4.376246
v 5.448607 3.847207 -4.376246
v 5.582165 2.564275 -4.542634
v 5.095220 3.903840 -6.812323
v 5.095220 3.903840 -6.812323
v 5.448607 3.847207 -4.376246
v 5.448607 3.847207 -4.376246
v 5.448607 3.847207 -4.376246
v 5.448607 3.847207 -4.376246
v 5.562339 3.767569 -1.826774
v 5.448607 3.847207 -4.376246
v 5.562339 3.767569 -1.826774
v 5.562339 3.767569 -1.826774
v 5.582165 2.564275 -4.542634
v 5.448607 3.847207 -4.376246
v 5.590026 2.565236 -2.301111
v 5.562339 3.767569 -1.826774
v 5.593213 3.296409 -1.971025
v 5.448607 3.847207 -4.376246
v 5.590026 2.565236 -2.301111
v 5.448607 3.847207 -4.376246
v 5.593213 3.296409 -1.971025
v 5.582165 2.564275 -4.542634
v 5.590026 2.565236 -2.301111
v 5.627854 2.475756 -2.974149
v 5.613407 2.346226 -2.880783
v 5.582165 2.564275 -4.542634
v 5.627854 2.475756 -2.974149
v 5.590026 2.565236 -2.301111
v 5.590026 2.565236 -2.301111
v 5.593213 3.296409 -1.971025
v -1.382303 6.057079 7.280974
v -1.382303 6.057079 7.280974
v -1.475055 6.384506 6.311297
v -1.382303 6.057079 7.280974
v -1.475055 6.384506 6.311297
v -1.475055 6.384506 6.311297
v 0.000000 8.270632 2.086812
v 0.000000 8.376305 1.798211
v -1.310177 7.983785 1.639864
v -2.095342 7.616354 1.803491
v 0.000000 8.270632 2.086812
v -1.310177 7.983785 1.639864
v -2.357465 7.776766 1.029928
v -2.095342 7.616354 1.803491
v -1.310177 7.983785 1.639864
v 0.000000 8.270632 2.086812
v -2.095342 7.616354 1.803491
v -1.883343 7.252645 2.545335
v 0.000000 8.167059 2.595980
v 0.000000 8.270632 2.086812
v -1.883343 7.252645 2.545335
v -2.095342 7.616354 1.803491
v -2.357465 7.776766 1.029928
v -3.173923 7.550706 0.409244
v -2.357465 7.776766 1.029928
v -3.021378 7.556593 0.117805
v -3.173923 7.550706 0.409244
v -1.883343 7.252645 2.545335
v -1.693255 7.062769 3.490042
v 0.000000 8.167059 2.595980
v -1.693255 7.062769 3.490042
v 0.000000 7.837731 3.738004
v 0.000000 8.167059 2.595980
v -1.693255 7.062769 3.490042
v -1.637352 6.842839 4.287804
v 0.000000 7.837731 3.738004
v -1.637352 6.842839 4.287804
v 0.000000 7.571455 4.382556
v 0.000000 7.837731 3.738004
v 0.000000 7.571455 4.382556
v -1.637352 6.842839 4.287804
v -1.519644 6.489503 5.796221
v 0.000000 7.040812 5.910416
v 0.000000 7.571455 4.382556
v -1.519644 6.489503 5.796221
v 0.000000 7.040812 5.910416
v -1.519644 6.489503 5.796221
v -1.475055 6.384506 6.311297
v 0.000000 6.816278 6.471848
v 0.000000 7.040812 5.910416
v -1.475055 6.384506 6.311297
v 0.000000 6.816278 6.471848
v -1.475055 6.384506 6.311297
v -1.382303 6.057079 7.280974
v 0.000000 6.495108 7.342766
v 0.000000 6.816278 6.471848
v -1.382303 6.057079 7.280974
v -3.070880 5.825820 5.903179
v -3.656952 5.488550 5.630744
v -3.656952 5.488550 5.630744
v -3.070880 5.825820 5.903179
v -3.070880 5.825820 5.903179
v -3.656952 5.488550 5.630744
v -1.475055 6.384506 6.311297
v -3.070880 5.825820 5.903179
v -3.070880 5.825820 5.903179
v -3.903557 6.260644 1.975864
v -2.095342 7.616354 1.803491
v -3.672789 6.807899 1.037717
v -3.903557 6.260644 1.975864
v -1.883343 7.252645 2.545335
v -2.095342 7.616354 1.803491
v -1.693255 7.062769 3.490042
v -1.883343 7.252645 2.545335
v -3.903557 6.260644 1.975864
v -3.903557 6.260644 1.975864
v -3.632029 5.734737 4.105982
v -1.637352 6.842839 4.287804
v -2.734622 6.152204 5.243982
v -1.637352 6.842839 4.287804
v -3.632029 5.734737 4.105982
v -3.070880 5.825820 5.903179
v -3.632029 5.734737 4.105982
v -3.656952 5.488550 5.630744
v -2.734622 6.152204 5.243982
v -3.632029 5.734737 4.105982
v -3.070880 5.825820 5.903179
v -1.519644 6.489503 5.796221
v -2.734622 6.152204 5.243982
v -3.070880 5.825820 5.903179
v -1.475055 6.384506 6.311297
v -1.519644 6.489503 5.796221
v -3.070880 5.825820 5.903179
v -1.693255 7.062769 3.490042
v -1.883343 7.252645 2.545335
v -1.883343 7.252645 2.545335
v -1.693255 7.062769 3.490042
v -1.637352 6.842839 4.287804
v -1.693255 7.062769 3.490042
v -1.637352 6.842839 4.287804
v -1.637352 6.842839 4.287804
v -1.693255 7.062769 3.490042
v -1.637352 6.842839 4.287804
v -1.637352 6.842839 4.287804
v -2.734622 6.152204 5.243982
v -1.519644 6.489503 5.796221
v -1.637352 6.842839 4.287804
v -2.734622 6.152204 5.243982
v -1.519644 6.489503 5.796221
v -2.734622 6.152204 5.243982
v -1.519644 6.489503 5.796221
v -1.519644 6.489503 5.796221
v -1.519644 6.489503 5.796221
v -1.475055 6.384506 6.311297
v -1.519644 6.489503 5.796221
v -1.475055 6.384506 6.311297
v -1.475055 6.384506 6.311297
v -3.546910 5.140013 6.359611
v -3.656952 5.488550 5.630744
v -3.983497 4.861374 6.076749
v -3.656952 5.488550 5.630744
v -3.546910 5.140013 6.359611
v -3.070880 5.825820 5.903179
v -3.329032 5.160128 6.936773
v -3.070880 5.825820 5.903179
v -3.546910 5.140013 6.359611
v -3.987351 3.663792 9.165882
v -3.257743 3.380242 10.468278
v -3.325589 3.869394 10.408876
v -3.987351 3.663792 9.165882
v -3.325589 3.869394 10.408876
v -3.487777 4.007622 9.904563
v -3.325589 3.869394 10.408876
v -3.257743 3.380242 10.468278
v -2.856594 3.619992 10.827266
v -3.325589 3.869394 10.408876
v -3.201392 4.311549 10.261972
v -3.487777 4.007622 9.904563
v -3.325589 3.869394 10.408876
v -2.856594 3.619992 10.827266
v -2.286697 3.864112 11.211990
v -2.175431 4.547773 11.166899
v -3.201392 4.311549 10.261972
v -3.325589 3.869394 10.408876
v -2.175431 4.547773 11.166899
v -3.325589 3.869394 10.408876
v -2.286697 3.864112 11.211990
v -3.201392 4.311549 10.261972
v -2.175431 4.547773 11.166899
v -2.226269 4.760007 10.642958
v -1.268704 4.514248 11.711727
v -2.175431 4.547773 11.166899
v -2.286697 3.864112 11.211990
v -2.175431 4.547773 11.166899
v -1.120212 4.921592 11.477165
v -2.226269 4.760007 10.642958
v -2.175431 4.547773 11.166899
v -1.268704 4.514248 11.711727
v -1.120212 4.921592 11.477165
v -1.120212 4.921592 11.477165
v -1.101074 5.023008 10.812792
v -2.226269 4.760007 10.642958
v 0.000000 5.244888 10.624077
v -1.101074 5.023008 10.812792
v -1.120212 4.921592 11.477165
v 0.000000 5.008542 11.461015
v -1.120212 4.921592 11.477165
v -1.268704 4.514248 11.711727
v 0.000000 5.008542 11.461015
v 0.000000 5.244888 10.624077
v -1.120212 4.921592 11.477165
v 0.000000 4.544851 11.875120
v 0.000000 5.008542 11.461015
v -1.268704 4.514248 11.711727
v 0.000000 5.812460 9.014625
v 0.000000 6.199394 8.120889
v -1.090032 5.126379 9.411917
v -1.214357 5.545700 8.376809
v 0.000000 6.199394 8.120889
v 0.000000 6.495108 7.342766
v 0.000000 6.199394 8.120889
v -1.214357 5.545700 8.376809
v -1.090032 5.126379 9.411917
v -1.214357 5.545700 8.376809
v -2.129021 5.167007 8.584088
v -1.090032 5.126379 9.411917
v -1.382303 6.057079 7.280974
v -1.214357 5.545700 8.376809
v 0.000000 6.495108 7.342766
v -1.382303 6.057079 7.280974
v -2.129021 5.167007 8.584088
v -1.214357 5.545700 8.376809
v -2.129021 5.167007 8.584088
v -1.382303 6.057079 7.280974
v -2.632845 5.265742 7.875764
v -2.632845 5.265742 7.875764
v -1.382303 6.057079 7.280974
v -2.606691 5.437317 7.147648
v -2.606691 5.437317 7.147648
v -1.382303 6.057079 7.280974
v -1.475055 6.384506 6.311297
v -3.070880 5.825820 5.903179
v -2.606691 5.437317 7.147648
v -1.475055 6.384506 6.311297
v -2.606691 5.437317 7.147648
v -3.070880 5.825820 5.903179
v -3.329032 5.160128 6.936773
v -3.329032 5.160128 6.936773
v -2.632845 5.265742 7.875764
v -2.606691 5.437317 7.147648
v -3.983497 4.861374 6.076749
v -3.546910 5.140013 6.359611
v -3.983497 4.861374 6.076749
v -3.546910 5.140013 6.359611
v -3.546910 5.140013 6.359611
v -3.983497 4.861374 6.076749
v -3.546910 5.140013 6.359611
v -3.546910 5.140013 6.359611
v -3.329032 5.160128 6.936773
v -3.546910 5.140013 6.359611
v -3.329032 5.160128 6.936773
v -3.329032 5.160128 6.936773
v -3.329032 5.160128 6.936773
v -3.329032 5.160128 6.936773
v -2.632845 5.265742 7.875764
v -3.329032 5.160128 6.936773
v -2.632845 5.265742 7.875764
v -2.632845 5.265742 7.875764
v -2.632845 5.265742 7.875764
v -2.129021 5.167007 8.584088
v -2.632845 5.265742 7.875764
v -2.129021 5.167007 8.584088
v -2.129021 5.167007 8.584088
v -2.632845 5.265742 7.875764
v -2.129021 5.167007 8.584088
v -1.090032 5.126379 9.411917
v -2.129021 5.167007 8.584088
v -1.090032 5.126379 9.411917
v -1.090032 5.126379 9.411917
v -2.129021 5.167007 8.584088
v -1.090032 5.126379 9.411917
v -1.090032 5.126379 9.411917
v 0.000000 5.812460 9.014625
v -1.090032 5.126379 9.411917
v 0.000000 5.812460 9.014625
v 0.000000 5.812460 9.014625
v -3.487777 4.007622 9.904563
v -3.987351 3.663792 9.165882
v -3.987351 3.663792 9.165882
v -3.487777 4.007622 9.904563
v -3.487777 4.007622 9.904563
v -3.987351 3.663792 9.165882
v -3.201392 4.311549 10.261972
v -3.487777 4.007622 9.904563
v -3.487777 4.007622 9.904563
v -3.201392 4.311549 10.261972
v -3.201392 4.311549 10.261972
v -3.487777 4.007622 9.904563
v -2.226269 4.760007 10.642958
v -3.201392 4.311549 10.261972
v -3.201392 4.311549 10.261972
v -2.226269 4.760007 10.642958
v -2.226269 4.760007 10.642958
v -3.201392 4.311549 10.261972
v -2.226269 4.760007 10.642958
v -2.226269 4.760007 10.642958
v -1.101074 5.023008 10.812792
v -1.101074 5.023008 10.812792
v -2.226269 4.760007 10.642958
v -1.101074 5.023008 10.812792
v -1.101074 5.023008 10.812792
v -1.101074 5.023008 10.812792
v 0.000000 5.244888 10.624077
v 0.000000 5.244888 10.624077
v -1.101074 5.023008 10.812792
v 0.000000 5.244888 10.624077
v 0.000000 6.495108 7.342766
v 0.000000 6.495108 7.342766
v -1.382303 6.057079 7.280974
v 0.000000 6.495108 7.342766
v -1.382303 6.057079 7.280974
v -1.382303 6.057079 7.280974
v -3.987351 3.663792 9.165882
v -3.487777 4.007622 9.904563
v -3.937900 4.397659 8.148825
v -3.937900 4.397659 8.148825
v -3.487777 4.007622 9.904563
v -3.201392 4.311549 10.261972
v -3.546910 5.140013 6.359611
v -3.983497 4.861374 6.076749
v -4.067396 4.565863 6.632867
v -3.329032 5.160128 6.936773
v -3.546910 5.140013 6.359611
v -4.067396 4.565863 6.632867
v -3.329032 5.160128 6.936773
v -4.067396 4.565863 6.632867
v -3.542109 4.888296 7.850890
v -3.201392 4.311549 10.261972
v -2.857711 4.608750 9.859112
v -3.937900 4.397659 8.148825
v -2.857711 4.608750 9.859112
v -3.542109 4.888296 7.850890
v -3.937900 4.397659 8.148825
v -3.201392 4.311549 10.261972
v -2.226269 4.760007 10.642958
v -2.857711 4.608750 9.859112
v -3.102992 5.050633 7.879784
v -3.329032 5.160128 6.936773
v -3.542109 4.888296 7.850890
v -2.857711 4.608750 9.859112
v -2.234520 4.844480 9.655256
v -3.542109 4.888296 7.850890
v -2.234520 4.844480 9.655256
v -2.857711 4.608750 9.859112
v -2.226269 4.760007 10.642958
v -3.102992 5.050633 7.879784
v -2.234520 4.844480 9.655256
v -2.632845 5.265742 7.875764
v -2.632845 5.265742 7.875764
v -2.234520 4.844480 9.655256
v -2.129021 5.167007 8.584088
v -1.090032 5.126379 9.411917
v -2.129021 5.167007 8.584088
v -2.234520 4.844480 9.655256
v -1.101074 5.023008 10.812792
v -2.234520 4.844480 9.655256
v -2.226269 4.760007 10.642958
v -1.090032 5.126379 9.411917
v -2.234520 4.844480 9.655256
v -1.101074 5.023008 10.812792
v -1.090032 5.126379 9.411917
v -1.101074 5.023008 10.812792
v 0.000000 5.812460 9.014625
v -1.101074 5.023008 10.812792
v 0.000000 5.244888 10.624077
v 0.000000 5.812460 9.014625
v -2.095342 7.616354 1.803491
v -1.883343 7.252645 2.545335
v -1.883343 7.252645 2.545335
v -2.095342 7.616354 1.803491
v -2.095342 7.616354 1.803491
v -1.883343 7.252645 2.545335
v -2.095342 7.616354 1.803491
v -2.095342 7.616354 1.803491
v -1.883343 7.252645 2.545335
v -2.095342 7.616354 1.803491
v -3.672789 6.807899 1.037717
v -2.095342 7.616354 1.803491
v -3.672789 6.807899 1.037717
v -2.095342 7.616354 1.803491
v -2.095342 7.616354 1.803491
v -3.672789 6.807899 1.037717
v -3.672789 6.807899 1.037717
v -2.095342 7.616354 1.803491
v -3.173923 7.550706 0.409244
v -3.672789 6.807899 1.037717
v -2.095342 7.616354 1.803491
v -3.672789 6.807899 1.037717
v -3.173923 7.550706 0.409244
v -3.672789 6.807899 1.037717
v -3.173923 7.550706 0.409244
v -3.672789 6.807899 1.037717
v -3.173923 7.550706 0.409244
v -3.173923 7.550706 0.409244
v -3.173923 7.550706 0.409244
v -3.672789 6.807899 1.037717
v -2.357465 7.776766 1.029928
v -2.213461 7.826377 0.909062
v -3.021378 7.556593 0.117805
v -2.009092 7.513778 0.648004
v -2.027290 7.786843 0.410888
v -1.578882 7.663423 0.716606
v -2.213461 7.826377 0.909062
v -2.357465 7.776766 1.029928
v -1.397834 8.098799 1.343447
v -2.357465 7.776766 1.029928
v -1.310177 7.983785 1.639864
v -1.397834 8.098799 1.343447
v -1.413166 8.059725 0.889999
v -2.027290 7.786843 0.410888
v -2.213461 7.826377 0.909062
v -2.027290 7.786843 0.410888
v -1.413166 8.059725 0.889999
v -1.578882 7.663423 0.716606
v -1.397834 8.098799 1.343447
v -1.413166 8.059725 0.889999
v -2.213461 7.826377 0.909062
v -0.505245 8.143493 1.031930
v 0.000000 8.013515 1.115216
v -1.578882 7.663423 0.716606
v 0.000000 8.417679 1.503775
v -1.397834 8.098799 1.343447
v -1.310177 7.983785 1.639864
v 0.000000 8.376305 1.798211
v 0.000000 8.417679 1.503775
v -1.310177 7.983785 1.639864
v -0.505867 8.265796 1.003290
v -1.413166 8.059725 0.889999
v -1.397834 8.098799 1.343447
v 0.000000 8.417679 1.503775
v 0.000000 8.383327 1.069962
v -1.397834 8.098799 1.343447
v -0.505867 8.265796 1.003290
v 0.000000 8.383327 1.069962
v 0.000000 8.013515 1.115216
v -3.257743 3.380242 10.468278
v -3.268799 3.258345 10.538084
v -2.856594 3.619992 10.827266
v -3.671324 2.836867 10.108120
v -3.874579 3.048549 9.503067
v -4.029196 2.591563 9.437140
v -3.257743 3.380242 10.468278
v -3.874579 3.048549 9.503067
v -3.268799 3.258345 10.538084
v -3.671324 2.836867 10.108120
v -3.268799 3.258345 10.538084
v -3.874579 3.048549 9.503067
v 0.000000 5.954369 1.156221
v 0.000000 5.933113 1.174990
v 0.000000 5.956886 1.154728
v 0.000000 8.013515 1.115216
v -0.505245 8.143493 1.031930
v -0.505867 8.265796 1.003290
v -0.505245 8.143493 1.031930
v -1.413166 8.059725 0.889999
v -0.505867 8.265796 1.003290
v 1.382303 6.057079 7.280974
v 1.382303 6.057079 7.280974
v 1.475055 6.384506 6.311297
v 1.475055 6.384506 6.311297
v 1.382303 6.057079 7.280974
v 1.475055 6.384506 6.311297
v 0.000000 8.376305 1.798211
v 0.000000 8.270632 2.086812
v 1.310177 8.139209 1.639864
v 0.000000 8.270632 2.086812
v 2.095342 7.616354 1.803491
v 1.310177 8.139209 1.639864
v 2.095342 7.616354 1.803491
v 2.357465 7.776766 1.029928
v 1.310177 8.139209 1.639864
v 2.095342 7.616354 1.803491
v 0.000000 8.270632 2.086812
v 1.886981 7.252645 2.545335
v 0.000000 8.270632 2.086812
v 0.000000 8.167059 2.595980
v 1.886981 7.252645 2.545335
v 2.357465 7.776766 1.029928
v 2.095342 7.616354 1.803491
v 3.173923 7.550706 0.409244
v 3.021378 7.556593 0.117805
v 2.357465 7.776766 1.029928
v 3.173923 7.550706 0.409244
v 1.693198 7.062769 3.490042
v 1.886981 7.252645 2.545335
v 0.000000 8.167059 2.595980
v 0.000000 7.837731 3.738004
v 1.693198 7.062769 3.490042
v 0.000000 8.167059 2.595980
v 1.637352 6.842839 4.287804
v 1.693198 7.062769 3.490042
v 0.000000 7.837731 3.738004
v 0.000000 7.571455 4.382556
v 1.637352 6.842839 4.287804
v 0.000000 7.837731 3.738004
v 1.637352 6.842839 4.287804
v 0.000000 7.571455 4.382556
v 1.519644 6.489503 5.796221
v 0.000000 7.571455 4.382556
v 0.000000 7.040812 5.910416
v 1.519644 6.489503 5.796221
v 1.519644 6.489503 5.796221
v 0.000000 7.040812 5.910416
v 1.475055 6.384506 6.311297
v 0.000000 7.040812 5.910416
v 0.000000 6.816278 6.471848
v 1.475055 6.384506 6.311297
v 1.475055 6.384506 6.311297
v 0.000000 6.816278 6.471848
v 1.382303 6.057079 7.280974
v 0.000000 6.816278 6.471848
v 0.000000 6.495108 7.342766
v 1.382303 6.057079 7.280974
v 3.656952 5.488550 5.630744
v 3.070880 5.825820 5.903179
v 3.656952 5.488550 5.630744
v 3.070880 5.825820 5.903179
v 3.070880 5.825820 5.903179
v 3.656952 5.488550 5.630744
v 3.070880 5.825820 5.903179
v 1.475055 6.384506 6.311297
v 3.070880 5.825820 5.903179
v 2.095342 7.616354 1.803491
v 3.903557 6.260644 1.975864
v 3.672789 6.807899 1.037717
v 1.886981 7.252645 2.545335
v 1.693198 7.062769 3.490042
v 3.903557 6.260644 1.975864
v 1.637352 6.842839 4.287804
v 3.903557 6.260644 1.975864
v 1.693198 7.062769 3.490042
v 3.632029 5.734737 4.105982
v 3.903557 6.260644 1.975864
v 1.637352 6.842839 4.287804
v 1.637352 6.842839 4.287804
v 2.734622 6.152204 5.243982
v 3.632029 5.734737 4.105982
v 3.632029 5.734737 4.105982
v 3.070880 5.825820 5.903179
v 3.656952 5.488550 5.630744
v 3.632029 5.734737 4.105982
v 2.734622 6.152204 5.243982
v 3.070880 5.825820 5.903179
v 2.734622 6.152204 5.243982
v 1.519644 6.489503 5.796221
v 3.070880 5.825820 5.903179
v 1.519644 6.489503 5.796221
v 1.475055 6.384506 6.311297
v 3.070880 5.825820 5.903179
v 1.886981 7.252645 2.545335
v 1.693198 7.062769 3.490042
v 1.693198 7.062769 3.490042
v 1.693198 7.062769 3.490042
v 1.637352 6.842839 4.287804
v 1.693198 7.062769 3.490042
v 1.637352 6.842839 4.287804
v 1.637352 6.842839 4.287804
v 1.693198 7.062769 3.490042
v 1.637352 6.842839 4.287804
v 1.637352 6.842839 4.287804
v 2.734622 6.152204 5.243982
v 1.637352 6.842839 4.287804
v 1.519644 6.489503 5.796221
v 2.734622 6.152204 5.243982
v 2.734622 6.152204 5.243982
v 1.519644 6.489503 5.796221
v 1.519644 6.489503 5.796221
v 1.519644 6.489503 5.796221
v 1.519644 6.489503 5.796221
v 1.475055 6.384506 6.311297
v 1.475055 6.384506 6.311297
v 1.519644 6.489503 5.796221
v 1.475055 6.384506 6.311297
v 3.656952 5.488550 5.630744
v 3.546910 5.140013 6.359611
v 3.983497 4.861374 6.076749
v 3.546910 5.140013 6.359611
v 3.656952 5.488550 5.630744
v 3.070880 5.825820 5.903179
v 3.070880 5.825820 5.903179
v 3.329032 5.160128 6.936773
v 3.546910 5.140013 6.359611
v 3.257743 3.380242 10.468278
v 3.987351 3.663792 9.165882
v 3.325589 3.869394 10.408876
v 3.325589 3.869394 10.408876
v 3.987351 3.663792 9.165882
v 3.487777 4.007622 9.904563
v 3.257743 3.380242 10.468278
v 3.325589 3.869394 10.408876
v 2.856594 3.619992 10.827266
v 3.201392 4.311549 10.261972
v 3.325589 3.869394 10.408876
v 3.487777 4.007622 9.904563
v 2.856594 3.619992 10.827266
v 3.325589 3.869394 10.408876
v 2.286697 3.864112 11.211990
v 3.201392 4.311549 10.261972
v 2.175431 4.547773 11.166899
v 3.325589 3.869394 10.408876
v 3.325589 3.869394 10.408876
v 2.175431 4.547773 11.166899
v 2.286697 3.864112 11.211990
v 2.175431 4.547773 11.166899
v 3.201392 4.311549 10.261972
v 2.226269 4.760007 10.642958
v 2.175431 4.547773 11.166899
v 1.268704 4.514248 11.711727
v 2.286697 3.864112 11.211990
v 1.120212 4.921592 11.477165
v 2.175431 4.547773 11.166899
v 2.226269 4.760007 10.642958
v 1.268704 4.514248 11.711727
v 2.175431 4.547773 11.166899
v 1.120212 4.921592 11.477165
v 1.101074 5.023008 10.812792
v 1.120212 4.921592 11.477165
v 2.226269 4.760007 10.642958
v 1.101074 5.023008 10.812792
v 0.000000 5.244888 10.624077
v 1.120212 4.921592 11.477165
v 1.120212 4.921592 11.477165
v 0.000000 5.008542 11.461015
v 1.268704 4.514248 11.711727
v 0.000000 5.244888 10.624077
v 0.000000 5.008542 11.461015
v 1.120212 4.921592 11.477165
v 0.000000 5.008542 11.461015
v 0.000000 4.544851 11.875120
v 1.268704 4.514248 11.711727
v 0.000000 6.199394 8.120889
v 0.000000 5.812460 9.014625
v 1.090032 5.126379 9.411917
v 0.000000 6.199394 8.120889
v 1.214357 5.545700 8.376809
v 0.000000 6.495108 7.342766
v 1.214357 5.545700 8.376809
v 0.000000 6.199394 8.120889
v 1.090032 5.126379 9.411917
v 2.129021 5.167007 8.584088
v 1.214357 5.545700 8.376809
v 1.090032 5.126379 9.411917
v 1.214357 5.545700 8.376809
v 1.382303 6.057079 7.280974
v 0.000000 6.495108 7.342766
v 2.129021 5.167007 8.584088
v 1.382303 6.057079 7.280974
v 1.214357 5.545700 8.376809
v 1.382303 6.057079 7.280974
v 2.129021 5.167007 8.584088
v 2.632845 5.265742 7.875764
v 1.382303 6.057079 7.280974
v 2.632845 5.265742 7.875764
v 2.606691 5.437317 7.147648
v 1.382303 6.057079 7.280974
v 2.606691 5.437317 7.147648
v 1.475055 6.384506 6.311297
v 2.606691 5.437317 7.147648
v 3.070880 5.825820 5.903179
v 1.475055 6.384506 6.311297
v 3.070880 5.825820 5.903179
v 2.606691 5.437317 7.147648
v 3.329032 5.160128 6.936773
v 2.632845 5.265742 7.875764
v 3.329032 5.160128 6.936773
v 2.606691 5.437317 7.147648
v 3.546910 5.140013 6.359611
v 3.983497 4.861374 6.076749
v 3.983497 4.861374 6.076749
v 3.546910 5.140013 6.359611
v 3.546910 5.140013 6.359611
v 3.983497 4.861374 6.076749
v 3.546910 5.140013 6.359611
v 3.546910 5.140013 6.359611
v 3.329032 5.160128 6.936773
v 3.329032 5.160128 6.936773
v 3.546910 5.140013 6.359611
v 3.329032 5.160128 6.936773
v 3.329032 5.160128 6.936773
v 3.329032 5.160128 6.936773
v 2.632845 5.265742 7.875764
v 2.632845 5.265742 7.875764
v 3.329032 5.160128 6.936773
v 2.632845 5.265742 7.875764
v 2.129021 5.167007 8.584088
v 2.632845 5.265742 7.875764
v 2.632845 5.265742 7.875764
v 2.129021 5.167007 8.584088
v 2.129021 5.167007 8.584088
v 2.632845 5.265742 7.875764
v 1.090032 5.126379 9.411917
v 2.129021 5.167007 8.584088
v 2.129021 5.167007 8.584088
v 1.090032 5.126379 9.411917
v 1.090032 5.126379 9.411917
v 2.129021 5.167007 8.584088
v 1.090032 5.126379 9.411917
v 1.090032 5.126379 9.411917
v 0.000000 5.812460 9.014625
v 0.000000 5.812460 9.014625
v 1.090032 5.126379 9.411917
v 0.000000 5.812460 9.014625
v 3.987351 3.663792 9.165882
v 3.487777 4.007622 9.904563
v 3.987351 3.663792 9.165882
v 3.487777 4.007622 9.904563
v 3.487777 4.007622 9.904563
v 3.987351 3.663792 9.165882
v 3.487777 4.007622 9.904563
v 3.201392 4.311549 10.261972
v 3.487777 4.007622 9.904563
v 3.201392 4.311549 10.261972
v 3.201392 4.311549 10.261972
v 3.487777 4.007622 9.904563
v 3.201392 4.311549 10.261972
v 2.226269 4.760007 10.642958
v 3.201392 4.311549 10.261972
v 2.226269 4.760007 10.642958
v 2.226269 4.760007 10.642958
v 3.201392 4.311549 10.261972
v 2.226269 4.760007 10.642958
v 2.226269 4.760007 10.642958
v 1.101074 5.023008 10.812792
v 2.226269 4.760007 10.642958
v 1.101074 5.023008 10.812792
v 1.101074 5.023008 10.812792
v 1.101074 5.023008 10.812792
v 1.101074 5.023008 10.812792
v 0.000000 5.244888 10.624077
v 1.101074 5.023008 10.812792
v 0.000000 5.244888 10.624077
v 0.000000 5.244888 10.624077
v 0.000000 6.495108 7.342766
v 0.000000 6.495108 7.342766
v 1.382303 6.057079 7.280974
v 1.382303 6.057079 7.280974
v 0.000000 6.495108 7.342766
v 1.382303 6.057079 7.280974
v 3.487777 4.007622 9.904563
v 3.987351 3.663792 9.165882
v 3.937900 4.589332 8.148825
v 3.487777 4.007622 9.904563
v 3.937900 4.589332 8.148825
v 3.201392 4.311549 10.261972
v 3.983497 4.861374 6.076749
v 3.546910 5.140013 6.359611
v 4.143014 4.565863 6.632867
v 3.546910 5.140013 6.359611
v 3.329032 5.160128 6.936773
v 4.143014 4.565863 6.632867
v 4.143014 4.565863 6.632867
v 3.329032 5.160128 6.936773
v 3.542109 4.888296 7.850890
v 2.857711 4.608750 9.859112
v 3.201392 4.311549 10.261972
v 3.937900 4.589332 8.148825
v 3.542109 4.888296 7.850890
v 2.857711 4.608750 9.859112
v 3.937900 4.589332 8.148825
v 2.226269 4.760007 10.642958
v 3.201392 4.311549 10.261972
v 2.857711 4.608750 9.859112
v 3.109287 5.050633 7.879784
v 2.234520 4.844480 9.655256
v 3.542109 4.888296 7.850890
v 2.234520 4.844480 9.655256
v 2.857711 4.608750 9.859112
v 3.542109 4.888296 7.850890
v 2.857711 4.608750 9.859112
v 2.234520 4.844480 9.655256
v 2.226269 4.760007 10.642958
v 3.109287 5.050633 7.879784
v 3.329032 5.160128 6.936773
v 2.632845 5.265742 7.875764
v 2.234520 4.844480 9.655256
v 2.632845 5.265742 7.875764
v 2.129021 5.167007 8.584088
v 2.129021 5.167007 8.584088
v 1.090032 5.126379 9.411917
v 2.234520 4.844480 9.655256
v 2.234520 4.844480 9.655256
v 1.101074 5.023008 10.812792
v 2.226269 4.760007 10.642958
v 2.234520 4.844480 9.655256
v 1.090032 5.126379 9.411917
v 1.101074 5.023008 10.812792
v 1.101074 5.023008 10.812792
v 1.090032 5.126379 9.411917
v 0.000000 5.812460 9.014625
v 0.000000 5.244888 10.624077
v 1.101074 5.023008 10.812792
v 0.000000 5.812460 9.014625
v 1.886981 7.252645 2.545335
v 2.095342 7.616354 1.803491
v 1.886981 7.252645 2.545335
v 2.095342 7.616354 1.803491
v 2.095342 7.616354 1.803491
v 1.693198 7.062769 3.490042
v 2.095342 7.616354 1.803491
v 2.095342 7.616354 1.803491
v 1.886981 7.252645 2.545335
v 3.672789 6.807899 1.037717
v 2.095342 7.616354 1.803491
v 2.095342 7.616354 1.803491
v 2.095342 7.616354 1.803491
v 3.672789 6.807899 1.037717
v 2.095342 7.616354 1.803491
v 3.672789 6.807899 1.037717
v 3.672789 6.807899 1.037717
v 2.095342 7.616354 1.803491
v 3.672789 6.807899 1.037717
v 3.173923 7.550706 0.409244
v 2.095342 7.616354 1.803491
v 3.173923 7.550706 0.409244
v 3.672789 6.807899 1.037717
v 3.672789 6.807899 1.037717
v 3.672789 6.807899 1.037717
v 3.173923 7.550706 0.409244
v 3.173923 7.550706 0.409244
v 3.173923 7.550706 0.409244
v 3.173923 7.550706 0.409244
v 3.672789 6.807899 1.037717
v 2.213461 7.826377 0.909062
v 2.357465 7.776766 1.029928
v 3.021378 7.556593 0.117805
v 2.027290 7.786843 0.410888
v 2.009092 7.513778 0.648004
v 1.578882 7.663423 0.716606
v 2.357465 7.776766 1.029928
v 2.213461 7.826377 0.909062
v 1.397834 8.098799 1.343447
v 1.310177 8.139209 1.639864
v 2.357465 7.776766 1.029928
v 1.397834 8.098799 1.343447
v 2.027290 7.786843 0.410888
v 1.413166 8.059725 0.889999
v 2.213461 7.826377 0.909062
v 1.413166 8.059725 0.889999
v 2.027290 7.786843 0.410888
v 1.578882 7.663423 0.716606
v 1.413166 8.059725 0.889999
v 1.397834 8.098799 1.343447
v 2.213461 7.826377 0.909062
v 0.506001 8.143681 1.031809
v 1.413166 8.059725 0.889999
v 1.578882 7.663423 0.716606
v 1.397834 8.098799 1.343447
v 0.000000 8.417679 1.503775
v 1.310177 8.139209 1.639864
v 0.000000 8.417679 1.503775
v 0.000000 8.376305 1.798211
v 1.310177 8.139209 1.639864
v 0.506266 8.265704 1.003239
v 0.000000 8.383327 1.069962
v 1.397834 8.098799 1.343447
v 0.000000 8.383327 1.069962
v 0.000000 8.417679 1.503775
v 1.397834 8.098799 1.343447
v 0.000000 8.383327 1.069962
v 0.506266 8.265704 1.003239
v 0.000000 8.013515 1.115216
v 3.268799 3.258345 10.538084
v 3.257743 3.380242 10.468278
v 2.856594 3.619992 10.827266
v 3.874579 3.048549 9.503067
v 3.671324 2.836867 10.108120
v 4.029196 2.591563 9.437140
v 3.874579 3.048549 9.503067
v 3.257743 3.380242 10.468278
v 3.268799 3.258345 10.538084
v 3.268799 3.258345 10.538084
v 3.671324 2.836867 10.108120
v 3.874579 3.048549 9.503067
v 0.000000 5.933113 1.174990
v 0.000000 5.954369 1.156221
v 0.000000 5.956886 1.154728
v 0.506001 8.143681 1.031809
v 0.000000 8.013515 1.115216
v 0.506266 8.265704 1.003239
v 1.413166 8.059725 0.889999
v 0.506001 8.143681 1.031809
v 0.506266 8.265704 1.003239
v -1.578882 7.663423 0.716606
v -1.413166 8.059725 0.889999
v -0.505245 8.143493 1.031930
v 1.578882 7.663423 0.716606
v 0.000000 8.013515 1.115216
v 0.506001 8.143681 1.031809
v -3.903557 6.260644 1.975864
v -1.637352 6.842839 4.287804
v -1.693255 7.062769 3.490042
v -1.693255 7.062769 3.490042
v -1.883343 7.252645 2.545335
v -1.693255 7.062769 3.490042
v 3.903557 6.260644 1.975864
v 2.095342 7.616354 1.803491
v 1.886981 7.252645 2.545335
v 1.886981 7.252645 2.545335
v 1.693198 7.062769 3.490042
v 1.886981 7.252645 2.545335
v -3.542109 4.888296 7.850890
v -2.234520 4.844480 9.655256
v -3.102992 5.050633 7.879784
v -2.632845 5.265742 7.875764
v -3.329032 5.160128 6.936773
v -3.102992 5.050633 7.879784
v 3.542109 4.888296 7.850890
v 3.329032 5.160128 6.936773
v 3.109287 5.050633 7.879784
v 2.632845 5.265742 7.875764
v 2.234520 4.844480 9.655256
v 3.109287 5.050633 7.879784
v 1.397834 8.098799 1.343447
v 1.413166 8.059725 0.889999
v 0.506266 8.265704 1.003239
v -1.397834 8.098799 1.343447
v 0.000000 8.383327 1.069962
v -0.505867 8.265796 1.003290
vn 0.0976 0.9442 0.3146
vn 0.0975 0.9874 0.1243
vn -0.0975 0.9874 0.1243
vn -0.0975 0.9442 0.3146
vn 0.0975 0.9442 0.3146
vn -0.0976 0.9874 0.1243
vn 0.0976 -0.3146 0.9442
vn 0.0975 -0.1243 0.9874
vn -0.0975 -0.1243 0.9874
vn -0.0975 -0.3146 0.9442
vn 0.0975 -0.3146 0.9442
vn -0.0976 -0.1243 0.9874
vn 0.0976 -0.9442 -0.3145
vn 0.0975 -0.9874 -0.1243
vn -0.0975 -0.9874 -0.1243
vn -0.0975 -0.9442 -0.3146
vn 0.0975 -0.9442 -0.3146
vn -0.0976 -0.9874 -0.1243
vn 0.0976 0.3146 -0.9442
vn 0.0975 0.1243 -0.9874
vn -0.0975 0.1243 -0.9874
vn -0.0975 0.3146 -0.9442
vn 0.0975 0.3146 -0.9442
vn -0.0976 0.1243 -0.9874
vn 0.1495 0.8133 0.5624
vn -0.1495 0.8133 0.5624
vn 0.1495 0.8133 0.5623
vn 0.1513 0.5158 0.8433
vn -0.1513 0.5158 0.8432
vn 0.1513 0.5158 0.8432
vn 0.1349 0.1412 0.9807
vn -0.1513 0.5158 0.8433
vn -0.1350 0.1412 0.9807
vn 0.1350 0.1412 0.9807
vn -0.1349 0.1412 0.9807
vn -0.0976 -0.1242 0.9874
vn 0.0976 -0.1243 0.9874
vn 0.1495 -0.9764 0.1557
vn -0.1495 -0.9764 0.1557
vn 0.1495 -0.9764 0.1558
vn 0.1513 -0.8295 0.5376
vn -0.1513 -0.8295 0.5376
vn -0.1495 -0.9764 0.1558
vn 0.1350 -0.5511 0.8234
vn -0.1350 -0.5511 0.8234
vn -0.1349 -0.5511 0.8235
vn 0.1349 -0.5511 0.8235
vn -0.0976 -0.3146 0.9442
vn 0.1495 0.9764 -0.1557
vn -0.1495 0.9764 -0.1557
vn 0.1495 0.9764 -0.1558
vn 0.1513 0.8295 -0.5376
vn -0.1513 0.8295 -0.5376
vn -0.1495 0.9764 -0.1558
vn 0.1350 0.5511 -0.8234
vn -0.1350 0.5511 -0.8234
vn -0.1349 0.5511 -0.8235
vn 0.1349 0.5511 -0.8235
vn -0.0976 0.3146 -0.9442
vn 0.1495 -0.8133 -0.5624
vn -0.1495 -0.8133 -0.5624
vn 0.1495 -0.8133 -0.5623
vn 0.1513 -0.5158 -0.8433
vn 0.1495 -0.8132 -0.5624
vn -0.1513 -0.5158 -0.8432
vn 0.1513 -0.5158 -0.8432
vn 0.1349 -0.1412 -0.9807
vn -0.1350 -0.1412 -0.9807
vn 0.1350 -0.1412 -0.9807
vn -0.1513 -0.5158 -0.8433
vn 0.0975 0.1242 -0.9874
vn -0.1349 -0.1412 -0.9807
vn -0.0975 0.1242 -0.9874
vn 0.0976 0.1242 -0.9874
vn -0.0000 -0.0000 -1.0000
vn -0.7920 0.5819 -0.1849
vn -0.9564 0.2917 -0.0142
vn -0.0797 0.8159 0.5726
vn -0.9564 0.2916 -0.0142
vn -0.9565 0.2915 -0.0142
vn -0.0000 -0.0000 1.0000
vn -0.9924 0.1226 0.0059
vn -0.9565 0.2915 -0.0141
vn -0.9924 0.1227 0.0059
vn -0.9565 0.2914 -0.0142
vn -0.9947 0.1026 -0.0031
vn -0.9924 0.1225 0.0058
vn -0.7921 0.5818 -0.1848
vn 0.0797 -0.8159 -0.5726
vn -0.9829 0.1840 -0.0075
vn -0.7744 0.6305 0.0519
vn -0.5925 0.8016 -0.0797
vn -0.7920 0.5818 -0.1848
vn -0.7745 0.6304 0.0518
vn -0.7921 0.5818 -0.1849
vn -0.9483 0.3172 0.0130
vn -0.9216 0.3879 -0.0124
vn -0.8538 0.5187 0.0439
vn -0.9483 0.3171 0.0130
vn -0.8538 0.5188 0.0439
vn -0.1567 0.9769 -0.1453
vn -0.5256 0.8507 0.0110
vn -0.5255 0.8507 0.0110
vn -0.7745 0.6305 0.0518
vn -0.0564 0.9751 0.2146
vn -0.0564 0.9751 0.2147
vn -0.2131 0.9303 0.2986
vn -0.5926 0.8016 -0.0797
vn -0.9423 0.2179 -0.2542
vn -0.9565 0.2915 -0.0143
vn -0.9650 0.1471 -0.2171
vn -0.9896 0.1353 -0.0487
vn -0.9525 0.1594 -0.2596
vn -0.9423 0.2178 -0.2542
vn -0.9526 0.2077 -0.2225
vn -0.9932 0.1002 -0.0590
vn -0.9525 0.1595 -0.2596
vn -0.9526 0.2076 -0.2225
vn -0.9869 0.1524 -0.0523
vn -0.9869 0.1523 -0.0523
vn -0.9384 0.2185 -0.2677
vn -0.9881 0.1438 -0.0549
vn -0.9650 0.1471 -0.2172
vn -0.9896 0.1352 -0.0487
vn -0.9650 0.1470 -0.2171
vn -0.9905 0.1377 -0.0063
vn -0.9904 0.1378 -0.0063
vn -0.9669 0.2550 -0.0106
vn -0.9669 0.2549 -0.0106
vn -0.9873 0.1571 -0.0213
vn -0.9903 -0.1346 -0.0335
vn -0.9874 0.1571 -0.0213
vn -0.9904 0.1379 -0.0063
vn 0.7983 0.5702 -0.1941
vn 0.9557 0.2937 -0.0178
vn 0.7983 0.5701 -0.1942
vn 0.9557 0.2937 -0.0179
vn 0.9785 0.2063 0.0004
vn 0.9785 0.2064 0.0004
vn 0.9558 0.2936 -0.0179
vn 0.9828 0.1840 -0.0132
vn 0.9633 0.2678 -0.0170
vn 0.6117 0.7853 -0.0953
vn 0.7854 0.6179 0.0361
vn 0.7982 0.5702 -0.1941
vn 0.7855 0.6179 0.0361
vn 0.9483 0.3172 0.0130
vn 0.7855 0.6178 0.0360
vn 0.9216 0.3879 -0.0124
vn 0.8538 0.5187 0.0439
vn 0.9483 0.3171 0.0130
vn 0.9828 0.1839 -0.0132
vn 0.1567 0.9769 -0.1454
vn 0.8538 0.5188 0.0439
vn 0.5256 0.8507 0.0110
vn 0.5255 0.8507 0.0110
vn 0.7855 0.6179 0.0360
vn 0.0564 0.9751 0.2147
vn 0.7854 0.6179 0.0360
vn 0.6116 0.7854 -0.0953
vn 0.0564 0.9750 0.2147
vn 0.2131 0.9303 0.2986
vn 0.9386 0.2443 -0.2438
vn 0.7983 0.5702 -0.1942
vn 0.9908 0.1135 -0.0742
vn 0.9650 0.1471 -0.2171
vn 0.9525 0.1594 -0.2596
vn 0.9526 0.2076 -0.2225
vn 0.9557 0.2936 -0.0179
vn 0.9885 0.1322 -0.0729
vn 0.9525 0.1595 -0.2596
vn 0.9829 0.1839 -0.0132
vn 0.9869 0.1524 -0.0523
vn 0.9526 0.2077 -0.2225
vn 0.9869 0.1523 -0.0523
vn 0.9881 0.1438 -0.0549
vn 0.9384 0.2185 -0.2677
vn 0.9650 0.1471 -0.2172
vn 0.9650 0.1470 -0.2171
vn 0.9908 0.1134 -0.0742
vn 0.9908 0.1136 -0.0742
vn 0.9763 0.2158 -0.0127
vn 0.9993 0.0346 -0.0102
vn 0.9763 0.2159 -0.0127
vn 0.9873 0.1571 -0.0213
vn 0.9903 -0.1346 -0.0336
vn 0.9874 0.1571 -0.0213
vn 0.9763 0.2159 -0.0126
vn -0.3750 0.8594 0.3475
vn -0.3925 0.8670 0.3070
vn -0.0181 0.9551 0.2956
vn -0.0559 0.9973 0.0481
vn -0.3313 0.9087 0.2541
vn -0.4554 0.8078 0.3743
vn -0.3565 0.9188 0.1697
vn -0.4555 0.8078 0.3743
vn -0.3313 0.9087 0.2540
vn -0.4555 0.8077 0.3743
vn -0.4612 0.8190 0.3414
vn -0.0003 0.9659 0.2589
vn -0.3565 0.9188 0.1696
vn -0.4839 0.8695 0.0997
vn -0.3089 0.9500 -0.0456
vn -0.4838 0.8695 0.0996
vn -0.4794 0.8382 0.2600
vn -0.0003 0.9659 0.2590
vn -0.0000 0.9602 0.2795
vn -0.4712 0.8531 0.2240
vn -0.0000 0.9526 0.3044
vn -0.0000 0.9602 0.2794
vn -0.0000 0.9526 0.3043
vn -0.4712 0.8531 0.2239
vn -0.4004 0.8810 0.2522
vn -0.0000 0.9441 0.3297
vn -0.3926 0.8670 0.3070
vn -0.0000 0.9342 0.3568
vn -0.0001 0.9441 0.3297
vn -0.0001 0.9342 0.3568
vn -0.3751 0.8594 0.3475
vn -0.0000 0.9201 0.3917
vn -0.5018 0.8182 0.2808
vn -0.7217 0.6546 0.2249
vn -0.5019 0.8181 0.2808
vn -0.7218 0.6545 0.2250
vn -0.6236 0.7284 0.2838
vn -0.6355 0.7140 0.2939
vn -0.6360 0.7522 0.1725
vn -0.4435 0.8792 0.1742
vn -0.5019 0.8181 0.2807
vn -0.7217 0.6546 0.2250
vn -0.4435 0.8792 0.1743
vn -0.5018 0.8181 0.2807
vn -0.4795 0.8382 0.2600
vn -0.4613 0.8190 0.3414
vn -0.4794 0.8382 0.2601
vn -0.4711 0.8532 0.2239
vn -0.4713 0.8531 0.2240
vn -0.4436 0.8791 0.1742
vn -0.4004 0.8809 0.2523
vn -0.6573 0.6839 0.3167
vn -0.7356 0.6227 0.2668
vn -0.5253 0.8205 0.2253
vn -0.8928 0.2211 0.3924
vn -0.8297 0.2206 0.5127
vn -0.7558 0.2110 0.6199
vn -0.8928 0.2212 0.3924
vn -0.7557 0.2111 0.6199
vn -0.8374 0.4229 0.3462
vn -0.7557 0.2110 0.6200
vn -0.8297 0.2206 0.5128
vn -0.6796 0.1907 0.7084
vn -0.6702 0.6428 0.3711
vn -0.8375 0.4229 0.3462
vn -0.7557 0.2111 0.6200
vn -0.5717 0.1551 0.8057
vn -0.5484 0.5089 0.6636
vn -0.6701 0.6428 0.3711
vn -0.5484 0.5089 0.6635
vn -0.3723 0.9029 0.2151
vn -0.2755 0.4881 0.8282
vn -0.5716 0.1551 0.8057
vn -0.2387 0.8603 0.4504
vn -0.3722 0.9029 0.2151
vn -0.5483 0.5089 0.6636
vn -0.2681 0.9517 0.1500
vn -0.3722 0.9029 0.2150
vn -0.0000 0.9624 0.2717
vn -0.2387 0.8604 0.4503
vn -0.0000 0.7504 0.6610
vn -0.2388 0.8603 0.4504
vn -0.2754 0.4881 0.8282
vn -0.0000 0.7504 0.6609
vn -0.0000 0.6661 0.7459
vn -0.0000 0.9542 0.2992
vn -0.0000 0.9196 0.3928
vn -0.3689 0.8928 0.2585
vn -0.3581 0.8459 0.3953
vn -0.0000 0.9201 0.3918
vn -0.0000 0.9196 0.3929
vn -0.3580 0.8459 0.3953
vn -0.2531 0.9020 0.3499
vn -0.3688 0.8928 0.2585
vn -0.3711 0.8928 0.2553
vn -0.3711 0.8928 0.2552
vn -0.3751 0.8594 0.3474
vn -0.4298 0.8493 0.3064
vn -0.3926 0.8669 0.3070
vn -0.5018 0.8181 0.2808
vn -0.5252 0.8206 0.2253
vn -0.5252 0.8206 0.2252
vn -0.4298 0.8494 0.3064
vn -0.6572 0.6839 0.3167
vn -0.7356 0.6226 0.2668
vn -0.6572 0.6839 0.3168
vn -0.5253 0.8206 0.2253
vn -0.5253 0.8205 0.2252
vn -0.3710 0.8929 0.2553
vn -0.5253 0.8206 0.2252
vn -0.3710 0.8928 0.2553
vn -0.2530 0.9020 0.3499
vn -0.2531 0.9019 0.3499
vn -0.3688 0.8928 0.2584
vn -0.0001 0.9542 0.2992
vn 0.0001 0.9542 0.2992
vn -0.8928 0.2213 0.3925
vn -0.3723 0.9029 0.2150
vn -0.6702 0.6427 0.3711
vn -0.2681 0.9516 0.1500
vn -0.2680 0.9517 0.1500
vn -0.3721 0.9029 0.2150
vn -0.2680 0.9517 0.1499
vn -0.0000 0.9200 0.3918
vn -0.8374 0.4230 0.3462
vn -0.7718 0.5858 0.2471
vn -0.7718 0.5859 0.2471
vn -0.7421 0.6398 0.1998
vn -0.7421 0.6398 0.1997
vn -0.5686 0.7972 0.2029
vn -0.4490 0.8678 0.2129
vn -0.7718 0.5859 0.2472
vn -0.4491 0.8677 0.2130
vn -0.5686 0.7972 0.2030
vn -0.4491 0.8678 0.2129
vn -0.3761 0.8948 0.2406
vn -0.2747 0.9411 0.1973
vn -0.2748 0.9411 0.1973
vn -0.2530 0.9020 0.3498
vn -0.3688 0.8929 0.2584
vn -0.2681 0.9517 0.1499
vn -0.2747 0.9411 0.1972
vn -0.3689 0.8928 0.2584
vn -0.0001 0.9624 0.2717
vn -0.4555 0.8077 0.3744
vn -0.4613 0.8189 0.3414
vn -0.4839 0.8694 0.0997
vn -0.4839 0.8695 0.0996
vn -0.4838 0.8695 0.0997
vn -0.2779 0.9587 -0.0613
vn -0.3089 0.9500 -0.0455
vn 0.6623 -0.4005 -0.6332
vn 0.3430 0.5617 -0.7529
vn 0.3366 0.0105 -0.9416
vn -0.2794 0.9569 0.0796
vn 0.0210 0.7181 -0.6956
vn 0.3429 0.5617 -0.7529
vn -0.2778 0.9587 -0.0614
vn 0.0210 0.7182 -0.6956
vn 0.3367 0.0105 -0.9416
vn -0.2794 0.9569 0.0795
vn -0.2779 0.9587 -0.0614
vn 0.1522 0.0219 -0.9881
vn 0.0001 -0.0583 -0.9983
vn -0.0244 0.9965 0.0801
vn -0.0244 0.9965 0.0800
vn -0.2132 0.9736 -0.0812
vn 0.0210 0.7181 -0.6957
vn -0.2793 0.9569 0.0795
vn -0.0000 0.8478 -0.5304
vn 0.1433 -0.1904 -0.9712
vn 0.0001 0.8477 -0.5304
vn -0.0000 -0.0584 -0.9983
vn -0.8297 0.2207 0.5127
vn -0.8057 0.3628 0.4682
vn -0.6796 0.1908 0.7084
vn -0.8627 0.3111 0.3987
vn -0.8491 0.3816 0.3652
vn -0.8983 0.2481 0.3626
vn -1.0000 -0.0000 -0.0000
vn 0.0001 -0.0584 -0.9983
vn 0.1521 0.0219 -0.9881
vn 0.0209 0.7181 -0.6956
vn 0.3751 0.8594 0.3475
vn 0.3925 0.8670 0.3070
vn 0.3926 0.8670 0.3070
vn 0.3750 0.8594 0.3475
vn -0.0558 0.9973 0.0481
vn -0.0180 0.9551 0.2956
vn 0.2968 0.9411 0.1619
vn -0.0180 0.9552 0.2955
vn 0.4704 0.7711 0.4290
vn 0.4704 0.7712 0.4289
vn 0.3585 0.9289 0.0933
vn 0.2969 0.9411 0.1619
vn 0.4704 0.7712 0.4290
vn 0.4611 0.8190 0.3415
vn -0.0181 0.9552 0.2955
vn 0.4612 0.8190 0.3414
vn 0.4839 0.8694 0.0997
vn 0.3089 0.9500 -0.0456
vn 0.3584 0.9289 0.0932
vn 0.4838 0.8695 0.0996
vn 0.4794 0.8380 0.2607
vn 0.4712 0.8531 0.2239
vn 0.4004 0.8810 0.2522
vn -0.0000 0.9525 0.3044
vn 0.0001 0.9441 0.3298
vn 0.0001 0.9342 0.3568
vn 0.7218 0.6545 0.2249
vn 0.5018 0.8182 0.2808
vn 0.5019 0.8181 0.2808
vn 0.7218 0.6545 0.2250
vn 0.6237 0.7283 0.2838
vn 0.6355 0.7140 0.2939
vn 0.4794 0.8379 0.2607
vn 0.6237 0.7284 0.2838
vn 0.6360 0.7522 0.1725
vn 0.6237 0.7283 0.2837
vn 0.4712 0.8531 0.2240
vn 0.4435 0.8792 0.1742
vn 0.5019 0.8181 0.2807
vn 0.7217 0.6546 0.2249
vn 0.4435 0.8792 0.1743
vn 0.5018 0.8181 0.2807
vn 0.4612 0.8190 0.3415
vn 0.4795 0.8379 0.2607
vn 0.4794 0.8380 0.2608
vn 0.4436 0.8791 0.1742
vn 0.4005 0.8809 0.2522
vn 0.4004 0.8809 0.2523
vn 0.7217 0.6546 0.2250
vn 0.6471 0.7003 0.3014
vn 0.7313 0.6423 0.2292
vn 0.5134 0.8284 0.2240
vn 0.8297 0.2206 0.5127
vn 0.8949 0.1980 0.4000
vn 0.7557 0.2110 0.6199
vn 0.7558 0.2110 0.6199
vn 0.8949 0.1981 0.4000
vn 0.8418 0.3983 0.3644
vn 0.8297 0.2206 0.5128
vn 0.7557 0.2110 0.6200
vn 0.6796 0.1907 0.7084
vn 0.6627 0.6402 0.3885
vn 0.7557 0.2111 0.6199
vn 0.5717 0.1551 0.8057
vn 0.6626 0.6402 0.3886
vn 0.5484 0.5089 0.6636
vn 0.5483 0.5089 0.6636
vn 0.6626 0.6403 0.3886
vn 0.3723 0.9029 0.2151
vn 0.5484 0.5089 0.6635
vn 0.2755 0.4881 0.8282
vn 0.5716 0.1551 0.8057
vn 0.2387 0.8603 0.4504
vn 0.2681 0.9517 0.1500
vn 0.3722 0.9029 0.2150
vn 0.2387 0.8604 0.4503
vn 0.2754 0.4881 0.8282
vn 0.3688 0.8928 0.2585
vn 0.3581 0.8459 0.3953
vn 0.3580 0.8459 0.3953
vn 0.3689 0.8928 0.2585
vn 0.2531 0.9020 0.3499
vn 0.3696 0.8936 0.2546
vn 0.3751 0.8594 0.3474
vn 0.3697 0.8936 0.2546
vn 0.4298 0.8493 0.3064
vn 0.3926 0.8669 0.3070
vn 0.5018 0.8181 0.2808
vn 0.5133 0.8284 0.2240
vn 0.4298 0.8494 0.3064
vn 0.7314 0.6423 0.2291
vn 0.6471 0.7003 0.3015
vn 0.7314 0.6423 0.2292
vn 0.5135 0.8284 0.2240
vn 0.6470 0.7004 0.3015
vn 0.3688 0.8928 0.2584
vn 0.2530 0.9020 0.3499
vn 0.8418 0.3982 0.3644
vn 0.8418 0.3983 0.3645
vn 0.6627 0.6402 0.3886
vn 0.3723 0.9029 0.2150
vn 0.2681 0.9516 0.1500
vn 0.3721 0.9029 0.2150
vn 0.2680 0.9517 0.1500
vn 0.2681 0.9517 0.1499
vn 0.2680 0.9517 0.1499
vn 0.7532 0.6100 0.2461
vn 0.7425 0.6440 0.1841
vn 0.7425 0.6440 0.1840
vn 0.5262 0.8290 0.1893
vn 0.3948 0.8935 0.2139
vn 0.7532 0.6101 0.2461
vn 0.5262 0.8290 0.1894
vn 0.3949 0.8935 0.2139
vn 0.7532 0.6101 0.2460
vn 0.3762 0.8949 0.2400
vn 0.2748 0.9410 0.1976
vn 0.2747 0.9410 0.1976
vn 0.2530 0.9020 0.3498
vn 0.3688 0.8929 0.2584
vn 0.3689 0.8928 0.2584
vn 0.0001 0.9624 0.2717
vn 0.4672 0.8155 0.3415
vn 0.4704 0.7711 0.4291
vn 0.4795 0.8379 0.2608
vn 0.4672 0.8156 0.3414
vn 0.6356 0.7139 0.2939
vn 0.4839 0.8695 0.0997
vn 0.4839 0.8695 0.0996
vn 0.6354 0.7140 0.2939
vn 0.2778 0.9587 -0.0613
vn 0.3089 0.9500 -0.0455
vn -0.3430 0.5617 -0.7529
vn -0.6623 -0.4005 -0.6332
vn -0.3366 0.0105 -0.9416
vn 0.2779 0.9587 -0.0613
vn 0.2521 0.9659 -0.0592
vn 0.2968 0.9411 0.1618
vn -0.3430 0.5618 -0.7529
vn -0.0210 0.7181 -0.6956
vn 0.2778 0.9587 -0.0614
vn -0.0209 0.7181 -0.6957
vn -0.0210 0.7181 -0.6957
vn -0.1521 0.0218 -0.9881
vn -0.3365 0.0105 -0.9416
vn 0.2520 0.9659 -0.0592
vn -0.0243 0.9965 0.0800
vn 0.2132 0.9736 -0.0812
vn -0.0000 0.8477 -0.5304
vn -0.1433 -0.1906 -0.9712
vn 0.8057 0.3628 0.4682
vn 0.8297 0.2207 0.5127
vn 0.6796 0.1908 0.7084
vn 0.8491 0.3816 0.3652
vn 0.8627 0.3111 0.3986
vn 0.8983 0.2481 0.3626
vn 0.8627 0.3111 0.3987
vn 1.0000 -0.0000 -0.0000
vn -0.1522 0.0217 -0.9881
vn -0.1521 0.0217 -0.9881
vn -0.1433 -0.1906 -0.9711
vn 0.1521 0.0220 -0.9881
vn -0.0000 -0.0583 -0.9983
vn -0.1522 0.0218 -0.9881
vn -0.6236 0.7285 0.2838
vn -0.4795 0.8381 0.2601
vn -0.4613 0.8189 0.3415
vn -0.2748 0.9410 0.1973
vn -0.3762 0.8948 0.2405
vn -0.0210 0.7180 -0.6957
vn 0.2132 0.9736 -0.0811
vt -0.228017 -0.452875
vt -0.228017 -0.389554
vt -1.783983 -0.389554
vt -1.783983 -0.452875
vt -0.228017 -0.459435
vt -0.228017 -0.459716
vt -1.783983 -0.459716
vt -1.783983 -0.459435
vt -0.228017 -0.387125
vt -0.228017 -0.450447
vt -1.783983 -0.450447
vt -1.783983 -0.387125
vt -0.228017 -0.380565
vt -0.228017 -0.380284
vt -1.783983 -0.380284
vt -1.783983 -0.380565
vt -0.228017 -0.455822
vt -1.783983 -0.455822
vt -0.228017 -0.458157
vt -1.783983 -0.458157
vt -0.228017 -0.459525
vt -1.783983 -0.459525
vt -0.228017 -0.453557
vt -1.783983 -0.453557
vt -0.228017 -0.456358
vt -1.783983 -0.456358
vt -0.228017 -0.458422
vt -1.783983 -0.458422
vt -0.228017 -0.386443
vt -1.783983 -0.386443
vt -0.228017 -0.383642
vt -1.783983 -0.383642
vt -0.228017 -0.381578
vt -1.783983 -0.381578
vt -0.228017 -0.384178
vt -1.783983 -0.384178
vt -0.228017 -0.381843
vt -1.783983 -0.381843
vt -0.228017 -0.380475
vt -1.783983 -0.380475
vt 0.705193 -0.379588
vt 1.281855 -0.379972
vt 0.718644 -0.379593
vt 1.598813 -0.380092
vt 1.821637 -0.380208
vt 1.897463 -0.380096
vt 1.047337 -0.379645
vt 0.753178 -0.379535
vt 1.474350 -0.379831
vt 1.796928 -0.379964
vt 1.672065 -0.379655
vt 1.658269 -0.379618
vt 1.382175 -0.379645
vt 1.073237 -0.379618
vt 0.798424 -0.379500
vt 0.771106 -0.379850
vt 0.701210 -0.380180
vt 1.248681 -0.380192
vt 0.703845 -0.380027
vt 0.733914 -0.379936
vt 1.259119 -0.380144
vt 1.278672 -0.380069
vt 0.638538 -0.380445
vt 1.211288 -0.380455
vt 1.789219 -0.380305
vt 1.715037 -0.380455
vt 1.563782 -0.380473
vt 1.584764 -0.380500
vt 0.709676 -0.379590
vt 1.281855 -0.379972
vt 0.753178 -0.379535
vt 1.047337 -0.379645
vt 1.796927 -0.379964
vt 1.672065 -0.379655
vt 1.382175 -0.379645
vt 1.073237 -0.379618
vt 0.798424 -0.379500
vt 0.771106 -0.379850
vt 0.701210 -0.380180
vt 0.703845 -0.380027
vt 0.733914 -0.379936
vt 1.259118 -0.380144
vt 0.638537 -0.380445
vt 1.715037 -0.380455
vt 1.789219 -0.380305
vt 1.584764 -0.380500
vt 0.370320 0.177271
vt 0.360861 0.215464
vt 0.501791 0.385394
vt 0.501767 0.397271
vt 0.373939 0.403591
vt 0.298244 0.396763
vt 0.272293 0.428364
vt 0.319712 0.366564
vt 0.501815 0.364513
vt 0.193642 0.453434
vt 0.208439 0.465292
vt 0.338518 0.328361
vt 0.501891 0.317917
vt 0.344371 0.296279
vt 0.501952 0.291845
vt 0.356387 0.235971
vt 0.502071 0.230532
vt 0.502122 0.208245
vt 0.502193 0.173841
vt 0.209938 0.232685
vt 0.155549 0.244010
vt 0.128694 0.389351
vt 0.148424 0.427330
vt 0.156888 0.304383
vt 0.240906 0.258564
vt 0.167397 0.215662
vt 0.127400 0.227283
vt 0.187904 0.192797
vt 0.132323 0.108969
vt 0.201130 0.059281
vt 0.193054 0.059922
vt 0.177417 0.079140
vt 0.237525 0.044506
vt 0.203041 0.064160
vt 0.289818 0.028633
vt 0.298469 0.027810
vt 0.293151 0.047632
vt 0.383610 0.006542
vt 0.396967 0.014141
vt 0.398629 0.039977
vt 0.502467 0.046630
vt 0.502518 0.014433
vt 0.502616 0.000000
vt 0.502344 0.108703
vt 0.502259 0.143341
vt 0.399528 0.094990
vt 0.387144 0.134825
vt 0.301283 0.127614
vt 0.253369 0.155401
vt 0.255323 0.183886
vt 0.133733 0.146740
vt 0.120842 0.205890
vt 0.168860 0.157277
vt 0.234245 0.078987
vt 0.209653 0.155753
vt 0.292155 0.086259
vt 0.286182 0.433332
vt 0.306886 0.443691
vt 0.304426 0.453614
vt 0.348356 0.441036
vt 0.365169 0.415775
vt 0.363743 0.434301
vt 0.452398 0.428558
vt 0.501850 0.425055
vt 0.501757 0.409383
vt 0.452238 0.429825
vt 0.501765 0.427179
vt 0.200543 0.056992
vt 0.164985 0.074999
vt 0.145391 0.097691
vt 0.133095 0.101572
vt 0.501534 0.421982
vt 0.501540 0.421219
vt 0.501534 0.422043
vt 0.634260 0.177271
vt 0.643575 0.215464
vt 0.629975 0.403662
vt 0.705639 0.396763
vt 0.731516 0.428364
vt 0.684688 0.366564
vt 0.810271 0.453434
vt 0.795471 0.465292
vt 0.665610 0.328361
vt 0.659861 0.296279
vt 0.648002 0.235971
vt 0.849279 0.244010
vt 0.794743 0.232685
vt 0.875797 0.389351
vt 0.855823 0.427330
vt 0.847833 0.304383
vt 0.763632 0.258564
vt 0.837582 0.215662
vt 0.877698 0.227283
vt 0.817066 0.192797
vt 0.804591 0.059281
vt 0.873280 0.108969
vt 0.812463 0.059922
vt 0.828043 0.079140
vt 0.768097 0.044506
vt 0.802290 0.064160
vt 0.715702 0.028633
vt 0.706762 0.027810
vt 0.711991 0.047632
vt 0.621635 0.006542
vt 0.608105 0.014141
vt 0.606400 0.039977
vt 0.605457 0.094990
vt 0.617660 0.134825
vt 0.703684 0.127614
vt 0.751555 0.155401
vt 0.749527 0.183886
vt 0.872321 0.146268
vt 0.891480 0.205890
vt 0.836226 0.157277
vt 0.770961 0.078987
vt 0.795959 0.155753
vt 0.712950 0.086259
vt 0.717605 0.433332
vt 0.699379 0.453614
vt 0.697043 0.443691
vt 0.655505 0.441036
vt 0.638493 0.415775
vt 0.639937 0.434301
vt 0.551317 0.428563
vt 0.551386 0.429827
vt 0.805229 0.056992
vt 0.860467 0.097691
vt 0.840959 0.074999
vt 0.872948 0.101572
s 1
usemtl Decal
f 4753/335/1585 4754/336/1586 4755/337/1587
f 4756/338/1588 4757/335/1589 4758/337/1590
f 4759/339/1591 4760/340/1592 4761/341/1593
f 4762/342/1594 4763/339/1595 4764/341/1596
f 4765/343/1597 4766/344/1598 4767/345/1599
f 4768/346/1600 4769/343/1601 4770/345/1602
f 4771/347/1603 4772/348/1604 4773/349/1605
f 4774/350/1606 4775/347/1607 4776/349/1608
f 4777/351/1609 4778/335/1589 4779/338/1588
f 4780/352/1610 4781/351/1611 4782/338/1588
f 4783/353/1612 4784/351/1609 4785/352/1610
f 4786/354/1613 4787/353/1614 4788/352/1610
f 4789/355/1615 4790/353/1614 4791/354/1616
f 4792/356/1617 4793/355/1618 4794/354/1616
f 4795/340/1592 4796/355/1615 4797/356/1619
f 4798/341/1620 4799/340/1621 4800/356/1619
f 4801/344/1598 4802/357/1622 4803/358/1623
f 4804/345/1599 4805/344/1598 4806/358/1623
f 4807/357/1624 4808/359/1625 4809/360/1626
f 4810/358/1627 4811/357/1624 4812/360/1626
f 4813/359/1625 4814/361/1628 4815/362/1629
f 4816/360/1626 4817/359/1625 4818/362/1630
f 4819/361/1631 4820/339/1595 4821/342/1632
f 4822/362/1630 4823/361/1631 4824/342/1594
f 4825/336/1586 4826/363/1633 4827/364/1634
f 4828/337/1587 4829/336/1586 4830/364/1634
f 4831/363/1635 4832/365/1636 4833/366/1637
f 4834/364/1638 4835/363/1635 4836/366/1637
f 4837/365/1636 4838/367/1639 4839/368/1640
f 4840/366/1637 4841/365/1636 4842/368/1641
f 4843/367/1642 4844/347/1607 4845/350/1643
f 4846/368/1641 4847/367/1642 4848/350/1606
f 4849/369/1644 4850/343/1601 4851/346/1600
f 4852/370/1645 4853/369/1646 4854/346/1600
f 4855/371/1647 4856/369/1648 4857/370/1645
f 4858/372/1649 4859/371/1650 4860/370/1645
f 4861/373/1651 4862/371/1650 4863/372/1649
f 4864/374/1652 4865/373/1653 4866/372/1654
f 4867/348/1655 4868/373/1651 4869/374/1656
f 4870/349/1657 4871/348/1658 4872/374/1656
s 0
f 4873/375/1659 4874/375/1660 4875/376/1661
s 1
f 4876/377/1662 4877/375/1660 4878/376/1663
s 0
f 4879/376/1664 4880/377/1665 4881/376/1659
f 4882/378/1666 4883/376/1659 4884/376/1667
f 4885/378/1665 4886/378/1668 4887/376/1669
f 4888/379/1670 4889/378/1665 4890/378/1666
f 4891/379/1659 4892/379/1670 4893/378/1671
s 1
f 4894/375/1672 4895/377/1673 4896/376/1664
s 0
f 4897/377/1665 4898/376/1659 4899/376/1664
f 4900/376/1659 4901/376/1669 4902/380/1674
f 4903/376/1669 4904/380/1659 4905/380/1674
s 1
f 4906/381/1675 4907/382/1676 4908/375/1677
f 4909/376/1664 4910/381/1678 4911/375/1679
f 4912/376/1663 4913/383/1680 4914/381/1678
f 4915/376/1663 4916/384/1681 4917/383/1680
f 4918/380/1674 4919/384/1681 4920/376/1664
f 4921/384/1681 4922/385/1682 4923/383/1683
s 0
f 4924/377/1665 4925/376/1659 4926/376/1664
f 4927/376/1667 4928/378/1666 4929/376/1659
s 1
f 4930/378/1666 4931/380/1674 4932/376/1664
f 4933/379/1670 4934/380/1674 4935/378/1666
f 4936/385/1684 4937/386/1685 4938/387/1686
f 4939/383/1683 4940/385/1682 4941/387/1687
f 4942/383/1683 4943/387/1687 4944/381/1688
f 4945/387/1687 4946/388/1689 4947/381/1688
f 4948/382/1676 4949/381/1688 4950/388/1690
f 4951/389/1691 4952/382/1692 4953/388/1690
f 4954/375/1672 4955/390/1693 4956/376/1694
f 4957/391/1695 4958/392/1696 4959/393/1697
f 4960/390/1698 4961/394/1699 4962/376/1664
f 4963/392/1696 4964/395/1700 4965/393/1701
f 4966/393/1697 4967/395/1700 4968/394/1702
f 4969/395/1700 4970/392/1696 4971/379/1670
f 4972/379/1670 4973/378/1666 4974/395/1700
f 4975/394/1699 4976/396/1703 4977/376/1694
f 4978/395/1700 4979/396/1703 4980/394/1699
f 4981/378/1666 4982/396/1704 4983/395/1700
s 0
f 4984/376/1664 4985/396/1703 4986/376/1659
s 1
f 4987/376/1664 4988/396/1703 4989/378/1668
f 4990/397/1705 4991/398/1706 4992/391/1695
s 0
f 4993/391/1659 4994/391/1707 4995/392/1696
s 1
f 4996/398/1706 4997/392/1696 4998/391/1695
s 0
f 4999/392/1708 5000/391/1709 5001/392/1659
f 5002/392/1659 5003/392/1696 5004/399/1710
s 1
f 5005/379/1670 5006/392/1696 5007/399/1711
f 5008/392/1696 5009/398/1706 5010/400/1712
s 0
f 5011/399/1659 5012/399/1711 5013/392/1708
s 1
f 5014/392/1696 5015/400/1713 5016/399/1710
f 5017/400/1712 5018/398/1706 5019/401/1714
f 5020/398/1706 5021/402/1715 5022/401/1716
s 0
f 5023/400/1659 5024/400/1713 5025/399/1717
f 5026/403/1659 5027/403/1718 5028/404/1719
f 5029/403/1659 5030/403/1718 5031/404/1719
f 5032/403/1720 5033/404/1659 5034/404/1719
f 5035/404/1721 5036/378/1722 5037/404/1659
f 5038/378/1665 5039/378/1723 5040/404/1724
f 5041/378/1723 5042/379/1725 5043/378/1665
f 5044/379/1659 5045/379/1725 5046/378/1723
f 5047/403/1659 5048/403/1718 5049/404/1719
f 5050/404/1719 5051/403/1720 5052/404/1659
f 5053/404/1659 5054/404/1719 5055/380/1726
f 5056/380/1726 5057/404/1724 5058/380/1659
s 1
f 5059/405/1727 5060/406/1728 5061/403/1729
f 5062/406/1730 5063/404/1721 5064/403/1718
f 5065/383/1731 5066/404/1721 5067/406/1732
f 5068/407/1733 5069/404/1721 5070/383/1731
f 5071/407/1733 5072/380/1726 5073/404/1721
f 5074/408/1734 5075/407/1733 5076/383/1735
s 0
f 5077/404/1719 5078/403/1720 5079/404/1659
f 5080/378/1722 5081/404/1659 5082/404/1721
s 1
f 5083/380/1726 5084/378/1722 5085/404/1721
f 5086/380/1726 5087/379/1736 5088/378/1722
f 5089/386/1737 5090/408/1738 5091/409/1739
f 5092/408/1734 5093/383/1735 5094/409/1740
f 5095/409/1740 5096/383/1735 5097/406/1741
f 5098/410/1742 5099/409/1740 5100/406/1743
f 5101/406/1728 5102/405/1744 5103/410/1745
f 5104/405/1744 5105/411/1746 5106/410/1742
f 5107/412/1747 5108/403/1748 5109/404/1721
f 5110/392/1749 5111/413/1750 5112/414/1751
f 5113/415/1752 5114/412/1747 5115/404/1753
f 5116/416/1754 5117/392/1749 5118/414/1755
f 5119/416/1754 5120/414/1751 5121/415/1752
f 5122/392/1749 5123/416/1754 5124/379/1756
f 5125/378/1722 5126/379/1756 5127/416/1754
f 5128/396/1757 5129/415/1758 5130/404/1721
f 5131/396/1757 5132/416/1754 5133/415/1752
f 5134/396/1759 5135/378/1722 5136/416/1754
s 0
f 5137/396/1757 5138/404/1659 5139/404/1721
s 1
f 5140/396/1757 5141/404/1721 5142/378/1722
f 5143/398/1760 5144/417/1761 5145/413/1750
s 0
f 5146/413/1659 5147/413/1762 5148/392/1749
s 1
f 5149/392/1749 5150/398/1760 5151/413/1750
s 0
f 5152/413/1763 5153/392/1659 5154/392/1764
f 5155/392/1659 5156/392/1749 5157/379/1756
f 5158/392/1765 5159/379/1659 5160/379/1725
s 1
f 5161/398/1760 5162/392/1749 5163/418/1766
f 5164/379/1756 5165/419/1767 5166/392/1749
f 5167/418/1766 5168/392/1749 5169/419/1767
f 5170/398/1760 5171/418/1768 5172/401/1769
f 5173/420/1770 5174/398/1760 5175/401/1771
s 0
f 5176/418/1659 5177/418/1772 5178/419/1767
f 5179/421/1665 5180/421/1773 5181/422/1774
f 5182/421/1773 5183/422/1665 5184/422/1774
s 1
f 5185/423/1775 5186/424/1776 5187/425/1777
f 5188/426/1778 5189/423/1775 5190/425/1777
f 5191/427/1779 5192/426/1780 5193/425/1781
f 5194/423/1775 5195/426/1782 5196/428/1783
f 5197/429/1784 5198/423/1775 5199/428/1783
f 5200/426/1782 5201/427/1785 5202/430/1786
f 5203/427/1785 5204/431/1787 5205/430/1788
f 5206/428/1783 5207/432/1789 5208/429/1790
f 5209/432/1789 5210/433/1791 5211/429/1784
f 5212/432/1789 5213/434/1792 5214/433/1791
f 5215/434/1792 5216/435/1793 5217/433/1794
f 5218/435/1795 5219/434/1796 5220/436/1797
f 5221/437/1798 5222/435/1793 5223/436/1797
f 5224/437/1798 5225/436/1797 5226/422/1799
f 5227/438/1800 5228/437/1801 5229/422/1799
f 5230/438/1802 5231/422/1799 5232/421/1803
f 5233/439/1804 5234/438/1800 5235/421/1803
s 0
f 5236/440/1805 5237/441/1665 5238/441/1806
f 5239/440/1665 5240/440/1807 5241/441/1808
f 5242/422/1774 5243/440/1665 5244/440/1807
s 1
f 5245/442/1809 5246/426/1782 5247/443/1810
f 5248/442/1809 5249/428/1783 5250/426/1782
f 5251/432/1789 5252/428/1783 5253/442/1809
f 5254/442/1809 5255/444/1811 5256/434/1792
f 5257/445/1812 5258/434/1796 5259/444/1811
f 5260/440/1813 5261/444/1811 5262/441/1814
f 5263/445/1812 5264/444/1811 5265/440/1813
f 5266/436/1797 5267/445/1815 5268/440/1816
f 5269/422/1799 5270/436/1797 5271/440/1813
s 0
f 5272/432/1817 5273/428/1665 5274/428/1818
f 5275/432/1819 5276/434/1820 5277/432/1665
f 5278/434/1665 5279/434/1792 5280/432/1789
f 5281/434/1665 5282/434/1821 5283/445/1822
s 1
f 5284/436/1797 5285/434/1796 5286/445/1815
s 0
f 5287/436/1797 5288/445/1812 5289/436/1665
f 5290/436/1665 5291/436/1797 5292/422/1799
f 5293/436/1823 5294/422/1665 5295/422/1799
s 1
f 5296/446/1824 5297/441/1814 5298/447/1825
f 5299/441/1814 5300/446/1824 5301/440/1807
f 5302/448/1826 5303/440/1813 5304/446/1824
f 5305/449/1827 5306/450/1828 5307/451/1829
f 5308/449/1830 5309/451/1831 5310/452/1832
f 5311/451/1833 5312/450/1834 5313/453/1835
f 5314/451/1831 5315/454/1836 5316/452/1837
f 5317/451/1838 5318/453/1835 5319/455/1839
f 5320/456/1840 5321/454/1836 5322/451/1838
f 5323/456/1840 5324/451/1833 5325/455/1839
f 5326/454/1841 5327/456/1842 5328/457/1843
f 5329/458/1844 5330/456/1840 5331/455/1845
f 5332/456/1842 5333/459/1846 5334/457/1847
f 5335/456/1848 5336/458/1844 5337/459/1846
f 5338/459/1846 5339/460/1849 5340/457/1850
f 5341/461/1851 5342/460/1849 5343/459/1852
f 5344/462/1853 5345/459/1854 5346/458/1855
f 5347/462/1856 5348/461/1851 5349/459/1846
f 5350/463/1857 5351/462/1853 5352/458/1855
f 5353/464/1858 5354/465/1859 5355/466/1860
f 5356/467/1861 5357/465/1859 5358/439/1862
f 5359/465/1863 5360/467/1864 5361/466/1860
f 5362/467/1864 5363/468/1865 5364/466/1866
f 5365/421/1803 5366/467/1864 5367/439/1862
f 5368/421/1803 5369/468/1865 5370/467/1864
f 5371/468/1865 5372/421/1803 5373/469/1867
f 5374/469/1868 5375/421/1869 5376/470/1870
f 5377/470/1870 5378/421/1803 5379/422/1871
f 5380/440/1872 5381/470/1870 5382/422/1799
f 5383/470/1870 5384/440/1807 5385/448/1873
f 5386/448/1874 5387/469/1868 5388/470/1875
s 0
f 5389/447/1825 5390/446/1876 5391/447/1665
f 5392/446/1665 5393/446/1824 5394/447/1877
f 5395/446/1665 5396/446/1824 5397/448/1826
f 5398/446/1878 5399/448/1665 5400/448/1879
f 5401/448/1665 5402/448/1880 5403/469/1881
f 5404/448/1882 5405/469/1665 5406/469/1867
f 5407/469/1883 5408/468/1865 5409/469/1665
f 5410/468/1665 5411/468/1884 5412/469/1867
f 5413/468/1885 5414/466/1886 5415/468/1665
f 5416/466/1665 5417/466/1860 5418/468/1884
f 5419/466/1665 5420/466/1860 5421/464/1887
f 5422/466/1866 5423/464/1665 5424/464/1888
f 5425/452/1837 5426/449/1665 5427/449/1830
f 5428/452/1665 5429/452/1832 5430/449/1889
f 5431/454/1836 5432/452/1665 5433/452/1837
f 5434/454/1665 5435/454/1836 5436/452/1832
f 5437/457/1890 5438/454/1665 5439/454/1836
f 5440/457/1665 5441/457/1843 5442/454/1891
f 5443/457/1665 5444/457/1850 5445/460/1892
f 5446/460/1893 5447/457/1894 5448/460/1665
f 5449/460/1665 5450/460/1895 5451/461/1851
f 5452/461/1851 5453/460/1895 5454/461/1665
f 5455/439/1665 5456/439/1862 5457/421/1773
f 5458/439/1896 5459/421/1665 5460/421/1773
s 1
f 5461/449/1830 5462/452/1897 5463/471/1898
f 5464/471/1899 5465/452/1832 5466/454/1836
f 5467/446/1824 5468/447/1825 5469/472/1900
f 5470/448/1879 5471/446/1824 5472/472/1900
f 5473/448/1882 5474/472/1901 5475/473/1902
f 5476/454/1841 5477/474/1903 5478/471/1904
f 5479/474/1905 5480/473/1906 5481/471/1904
f 5482/454/1841 5483/457/1890 5484/474/1907
f 5485/475/1908 5486/448/1873 5487/473/1902
f 5488/474/1903 5489/476/1909 5490/473/1902
f 5491/476/1910 5492/474/1903 5493/457/1850
f 5494/475/1908 5495/476/1910 5496/469/1867
f 5497/469/1883 5498/476/1909 5499/468/1911
f 5500/466/1912 5501/468/1911 5502/476/1909
f 5503/460/1913 5504/476/1914 5505/457/1850
f 5506/466/1912 5507/476/1914 5508/460/1913
f 5509/466/1915 5510/460/1913 5511/464/1858
f 5512/460/1892 5513/461/1916 5514/464/1858
s 0
f 5515/426/1917 5516/428/1665 5517/428/1783
f 5518/426/1665 5519/426/1917 5520/428/1918
f 5521/426/1665 5522/426/1917 5523/428/1918
f 5524/426/1778 5525/443/1810 5526/426/1665
f 5527/443/1810 5528/426/1665 5529/426/1778
f 5530/443/1665 5531/443/1810 5532/426/1782
s 1
f 5533/430/1919 5534/443/1810 5535/426/1782
s 0
f 5536/443/1810 5537/430/1920 5538/443/1665
f 5539/430/1921 5540/443/1810 5541/430/1665
f 5542/430/1665 5543/430/1921 5544/443/1810
s 1
f 5545/427/1785 5546/477/1922 5547/431/1923
f 5548/478/1924 5549/479/1925 5550/480/1926
f 5551/477/1922 5552/427/1785 5553/481/1927
f 5554/427/1779 5555/425/1777 5556/481/1927
f 5557/482/1928 5558/479/1929 5559/477/1930
f 5560/479/1925 5561/482/1931 5562/480/1932
f 5563/481/1933 5564/482/1928 5565/477/1934
f 5566/483/1935 5567/484/1936 5568/480/1926
f 5569/485/1937 5570/481/1927 5571/425/1777
f 5572/424/1776 5573/485/1938 5574/425/1781
f 5575/486/1939 5576/482/1940 5577/481/1941
f 5578/485/1938 5579/487/1942 5580/481/1941
f 5581/486/1943 5582/487/1944 5583/484/1945
f 5584/450/1946 5585/488/1947 5586/453/1948
f 5587/489/1949 5588/490/1950 5589/491/1951
f 5590/450/1946 5591/490/1950 5592/488/1947
f 5593/489/1949 5594/488/1947 5595/490/1950
f 5596/492/1952 5597/493/1952 5598/494/1952
f 5599/484/1953 5600/483/1954 5601/486/1943
f 5602/483/1935 5603/482/1955 5604/486/1943
s 0
f 5605/495/1665 5606/495/1956 5607/496/1957
f 5608/496/1958 5609/495/1959 5610/496/1665
s 1
f 5611/424/1960 5612/423/1961 5613/497/1962
f 5614/423/1963 5615/498/1964 5616/497/1962
f 5617/498/1965 5618/499/1966 5619/497/1967
f 5620/498/1968 5621/423/1775 5622/500/1969
f 5623/423/1970 5624/429/1790 5625/500/1971
f 5626/499/1966 5627/498/1968 5628/501/1972
f 5629/502/1973 5630/499/1974 5631/501/1975
f 5632/503/1976 5633/500/1971 5634/429/1790
f 5635/433/1791 5636/503/1976 5637/429/1790
f 5638/504/1977 5639/503/1976 5640/433/1794
f 5641/435/1795 5642/504/1977 5643/433/1791
f 5644/504/1977 5645/435/1795 5646/505/1978
f 5647/435/1979 5648/437/1798 5649/505/1978
f 5650/505/1978 5651/437/1798 5652/496/1958
f 5653/437/1980 5654/438/1800 5655/496/1958
f 5656/496/1958 5657/438/1981 5658/495/1956
f 5659/438/1800 5660/439/1804 5661/495/1956
s 0
f 5662/506/1982 5663/507/1983 5664/506/1665
f 5665/507/1665 5666/507/1984 5667/506/1985
f 5668/507/1984 5669/496/1957 5670/507/1665
s 1
f 5671/498/1968 5672/508/1986 5673/509/1987
f 5674/500/1971 5675/503/1988 5676/508/1986
f 5677/504/1977 5678/508/1989 5679/503/1976
f 5680/510/1990 5681/508/1991 5682/504/1992
f 5683/504/1977 5684/511/1993 5685/510/1990
f 5686/510/1990 5687/507/1994 5688/506/1995
f 5689/510/1990 5690/511/1993 5691/507/1994
f 5692/511/1996 5693/505/1978 5694/507/1997
f 5695/505/1978 5696/496/1958 5697/507/1994
s 0
f 5698/500/1998 5699/503/1665 5700/503/1999
f 5701/503/2000 5702/504/1977 5703/503/1665
f 5704/504/1665 5705/504/1992 5706/503/1999
f 5707/504/1665 5708/504/1992 5709/511/2001
s 1
f 5710/504/1977 5711/505/1978 5712/511/1993
s 0
f 5713/511/1993 5714/505/1665 5715/505/1978
f 5716/505/1665 5717/505/2002 5718/496/1958
f 5719/496/1958 5720/505/2003 5721/496/1665
s 1
f 5722/506/2004 5723/512/2005 5724/513/2006
f 5725/512/2005 5726/506/2004 5727/507/1984
f 5728/507/1994 5729/514/2007 5730/512/2005
f 5731/515/2008 5732/516/2009 5733/517/2010
f 5734/517/2011 5735/516/2012 5736/518/2013
f 5737/515/2014 5738/517/2015 5739/519/2016
f 5740/520/2017 5741/517/2018 5742/518/2013
f 5743/519/2016 5744/517/2015 5745/521/2019
f 5746/520/2020 5747/522/2021 5748/517/2018
f 5749/517/2015 5750/522/2021 5751/521/2019
f 5752/522/2022 5753/520/2023 5754/523/2024
f 5755/522/2025 5756/524/2026 5757/521/2027
f 5758/525/2028 5759/522/2022 5760/523/2024
f 5761/524/2026 5762/522/2022 5763/525/2028
f 5764/526/2029 5765/525/2028 5766/523/2030
f 5767/526/2029 5768/461/1851 5769/525/2031
f 5770/525/2028 5771/462/1853 5772/524/2032
f 5773/461/1851 5774/462/1856 5775/525/2028
f 5776/462/1853 5777/463/1857 5778/524/2032
f 5779/465/1863 5780/464/1858 5781/527/2033
f 5782/465/1859 5783/528/2034 5784/439/1804
f 5785/528/2035 5786/465/1863 5787/527/2036
f 5788/529/2037 5789/528/2035 5790/527/2033
f 5791/528/2035 5792/495/1959 5793/439/1862
f 5794/529/2037 5795/495/1956 5796/528/2035
f 5797/495/1956 5798/529/2037 5799/530/2038
f 5800/495/2039 5801/530/2040 5802/531/2041
f 5803/495/1956 5804/531/2041 5805/496/2042
f 5806/531/2041 5807/507/2043 5808/496/1958
f 5809/507/1984 5810/531/2041 5811/514/2007
f 5812/530/2040 5813/514/2044 5814/531/2045
s 0
f 5815/512/2005 5816/513/1665 5817/513/2046
f 5818/512/1665 5819/512/2047 5820/513/2048
f 5821/512/1665 5822/512/2005 5823/514/2049
f 5824/514/2007 5825/512/2050 5826/514/1665
f 5827/514/1665 5828/514/2007 5829/530/2040
f 5830/530/2040 5831/514/2007 5832/530/1665
f 5833/529/2037 5834/530/1665 5835/530/2038
f 5836/529/1665 5837/529/2037 5838/530/2038
f 5839/527/2051 5840/529/1665 5841/529/2052
f 5842/527/1665 5843/527/2036 5844/529/2052
f 5845/527/1665 5846/527/2033 5847/464/1888
f 5848/464/1858 5849/527/2033 5850/464/1665
f 5851/516/2009 5852/518/2053 5853/516/1665
f 5854/518/1665 5855/518/2013 5856/516/2012
f 5857/518/2013 5858/520/2020 5859/518/1665
f 5860/520/1665 5861/520/2020 5862/518/2054
f 5863/520/2055 5864/523/2056 5865/520/1665
f 5866/523/1665 5867/523/2024 5868/520/2023
f 5869/523/1665 5870/523/2056 5871/526/2057
f 5872/523/2058 5873/526/1665 5874/526/2059
f 5875/526/1665 5876/526/2060 5877/461/1851
f 5878/526/2061 5879/461/1665 5880/461/1851
f 5881/439/1665 5882/439/1862 5883/495/1959
f 5884/495/1956 5885/439/1896 5886/495/1665
s 1
f 5887/518/2013 5888/516/2009 5889/532/2062
f 5890/518/2013 5891/532/2062 5892/520/2023
f 5893/513/2048 5894/512/2005 5895/533/2063
f 5896/512/2005 5897/514/2007 5898/533/2063
f 5899/533/2064 5900/514/2007 5901/534/2065
f 5902/535/2066 5903/520/2023 5904/532/2067
f 5905/534/2068 5906/535/2069 5907/532/2070
f 5908/523/2056 5909/520/2023 5910/535/2069
f 5911/536/2071 5912/537/2072 5913/534/2068
f 5914/537/2072 5915/535/2066 5916/534/2068
f 5917/535/2066 5918/537/2072 5919/523/2030
f 5920/536/2071 5921/514/2007 5922/530/2040
f 5923/537/2073 5924/530/2038 5925/529/2074
f 5926/529/2074 5927/527/2075 5928/537/2073
f 5929/537/2073 5930/526/2060 5931/523/2030
f 5932/537/2073 5933/527/2051 5934/526/2059
f 5935/526/2057 5936/527/2076 5937/464/1858
f 5938/461/2077 5939/526/2059 5940/464/1858
s 0
f 5941/500/2078 5942/498/2079 5943/500/1665
f 5944/498/1665 5945/498/1964 5946/503/2080
f 5947/498/1665 5948/498/2079 5949/500/2081
f 5950/509/1987 5951/498/1665 5952/498/1968
f 5953/498/1968 5954/509/1987 5955/498/1665
f 5956/509/1665 5957/509/2082 5958/498/1964
s 1
f 5959/509/1987 5960/501/2083 5961/498/1964
s 0
f 5962/501/2084 5963/509/1665 5964/509/2085
f 5965/509/1987 5966/501/1665 5967/501/2083
f 5968/501/1665 5969/501/2083 5970/509/1987
s 1
f 5971/538/2086 5972/499/1974 5973/502/2087
f 5974/539/2088 5975/540/2089 5976/541/2090
f 5977/499/1974 5978/538/2091 5979/542/2092
f 5980/497/2093 5981/499/1974 5982/542/2092
f 5983/539/2094 5984/543/2095 5985/538/2096
f 5986/543/2097 5987/539/2088 5988/541/2090
f 5989/543/2098 5990/542/2092 5991/538/2096
f 5992/544/2099 5993/543/2097 5994/541/2100
f 5995/542/2101 5996/485/2102 5997/497/1962
f 5998/485/2102 5999/424/1960 6000/497/1962
f 6001/545/2103 6002/487/1942 6003/542/2101
f 6004/487/2104 6005/485/2102 6006/542/2101
f 6007/487/2104 6008/545/2105 6009/484/1945
f 6010/546/2106 6011/515/2107 6012/519/2108
f 6013/547/2109 6014/548/2110 6015/549/2111
f 6016/547/2109 6017/515/2107 6018/546/2106
f 6019/546/2106 6020/548/2112 6021/547/2109
f 6022/493/2113 6023/492/2113 6024/494/2113
f 6025/544/2114 6026/484/1945 6027/545/2105
f 6028/543/2098 6029/544/2115 6030/545/2116
f 6031/480/1926 6032/482/1928 6033/483/2117
f 6034/541/2090 6035/484/2118 6036/544/2119
f 6037/442/2120 6038/434/1792 6039/432/1789
s 0
f 6040/432/2121 6041/428/2122 6042/432/1665
s 1
f 6043/508/1986 6044/498/1964 6045/500/1998
s 0
f 6046/500/1998 6047/503/1976 6048/500/1665
s 1
f 6049/473/1906 6050/476/2123 6051/475/1908
f 6052/469/1868 6053/448/1873 6054/475/2124
f 6055/534/2065 6056/514/2044 6057/536/2071
f 6058/530/2038 6059/537/2072 6060/536/2071
f 6061/542/2101 6062/543/2125 6063/545/2126
f 6064/481/1941 6065/487/1942 6066/486/1939
o Bottom_12
v -1.693255 7.073202 3.490042
v -1.637352 6.853271 4.287804
v 0.000000 7.848164 3.738004
v -1.637352 6.853271 4.287804
v 0.000000 7.581889 4.382556
v 0.000000 7.848164 3.738004
v 0.000000 7.581889 4.382556
v -1.637352 6.853271 4.287804
v -1.519644 6.499936 5.796221
v 0.000000 7.051245 5.910416
v 0.000000 7.581889 4.382556
v -1.519644 6.499936 5.796221
v 0.000000 7.051245 5.910416
v -1.519644 6.499936 5.796221
v -1.475055 6.394939 6.311297
v 0.000000 6.826711 6.471848
v 0.000000 7.051245 5.910416
v -1.475055 6.394939 6.311297
v 0.000000 6.826711 6.471848
v -1.475055 6.394939 6.311297
v -1.382303 6.067512 7.280974
v 0.000000 6.505541 7.342766
v 0.000000 6.826711 6.471848
v -1.382303 6.067512 7.280974
v -2.986684 6.045379 4.924342
v -2.734622 6.162637 5.243982
v -1.637352 6.853271 4.287804
v -1.519644 6.499936 5.796221
v -2.734622 6.162637 5.243982
v -3.070880 5.836253 5.903179
v -1.475055 6.394939 6.311297
v -1.519644 6.499936 5.796221
v -3.070880 5.836253 5.903179
v -1.519644 6.499936 5.796221
v -1.637352 6.853271 4.287804
v -2.734622 6.162637 5.243982
v -1.214357 5.556133 8.376809
v 0.000000 6.209827 8.120889
v 0.000000 6.505541 7.342766
v -0.540989 5.677284 8.761633
v 0.000000 6.209827 8.120889
v -1.214357 5.556133 8.376809
v -1.177871 5.433075 8.680581
v -1.214357 5.556133 8.376809
v -2.129021 5.177441 8.584088
v -1.382303 6.067512 7.280974
v -1.214357 5.556133 8.376809
v 0.000000 6.505541 7.342766
v -1.382303 6.067512 7.280974
v -2.129021 5.177441 8.584088
v -1.214357 5.556133 8.376809
v -2.129021 5.177441 8.584088
v -1.382303 6.067512 7.280974
v -2.632845 5.276175 7.875764
v -2.632845 5.276175 7.875764
v -1.382303 6.067512 7.280974
v -2.606691 5.447751 7.147648
v -2.606691 5.447751 7.147648
v -1.382303 6.067512 7.280974
v -1.475055 6.394939 6.311297
v -3.070880 5.836253 5.903179
v -2.606691 5.447751 7.147648
v -1.475055 6.394939 6.311297
v 1.637352 6.853271 4.287804
v 1.693198 7.073202 3.490042
v 0.000000 7.848164 3.738004
v 0.000000 7.581889 4.382556
v 1.637352 6.853271 4.287804
v 0.000000 7.848164 3.738004
v 1.637352 6.853271 4.287804
v 0.000000 7.581889 4.382556
v 1.519644 6.499936 5.796221
v 0.000000 7.581889 4.382556
v 0.000000 7.051245 5.910416
v 1.519644 6.499936 5.796221
v 1.519644 6.499936 5.796221
v 0.000000 7.051245 5.910416
v 1.475055 6.394939 6.311297
v 0.000000 7.051245 5.910416
v 0.000000 6.826711 6.471848
v 1.475055 6.394939 6.311297
v 1.475055 6.394939 6.311297
v 0.000000 6.826711 6.471848
v 1.382303 6.067512 7.280974
v 0.000000 6.826711 6.471848
v 0.000000 6.505541 7.342766
v 1.382303 6.067512 7.280974
v 2.340104 6.838443 3.046887
v 1.693198 7.073202 3.490042
v 1.637352 6.853271 4.287804
v 2.598676 6.319228 4.200176
v 1.637352 6.853271 4.287804
v 2.734622 6.162637 5.243982
v 2.847575 6.053000 5.465414
v 2.734622 6.162637 5.243982
v 1.519644 6.499936 5.796221
v 2.940002 5.892248 5.894155
v 1.519644 6.499936 5.796221
v 1.475055 6.394939 6.311297
v 1.637352 6.853271 4.287804
v 1.519644 6.499936 5.796221
v 2.734622 6.162637 5.243982
v 0.000000 5.892263 8.854395
v 0.000000 5.822894 9.014625
v 0.548883 5.669513 8.770984
v 0.000000 6.209827 8.120889
v 1.214357 5.556133 8.376809
v 0.000000 6.505541 7.342766
v 1.162810 5.382277 8.805979
v 1.214357 5.556133 8.376809
v 0.000000 6.209827 8.120889
v 1.759374 5.162986 8.878610
v 2.129021 5.177441 8.584088
v 1.214357 5.556133 8.376809
v 1.214357 5.556133 8.376809
v 1.382303 6.067512 7.280974
v 0.000000 6.505541 7.342766
v 2.129021 5.177441 8.584088
v 1.382303 6.067512 7.280974
v 1.214357 5.556133 8.376809
v 1.382303 6.067512 7.280974
v 2.129021 5.177441 8.584088
v 2.632845 5.276175 7.875764
v 1.382303 6.067512 7.280974
v 2.632845 5.276175 7.875764
v 2.606691 5.447751 7.147648
v 1.382303 6.067512 7.280974
v 2.606691 5.447751 7.147648
v 1.475055 6.394939 6.311297
v 2.948469 5.879108 5.934484
v 1.475055 6.394939 6.311297
v 2.606691 5.447751 7.147648
v -2.621837 6.600356 3.283451
v -1.637352 6.853271 4.287804
v -1.693255 7.073202 3.490042
v 0.000000 6.209827 8.120889
v 0.548883 5.669513 8.770984
v 1.162810 5.382277 8.805979
v 1.214357 5.556133 8.376809
v 1.162810 5.382277 8.805979
v 1.759374 5.162986 8.878610
v 0.000000 5.822894 9.014625
v 0.000000 5.892263 8.854395
v -0.540989 5.677284 8.761633
v 0.000000 5.892263 8.854395
v 0.000000 6.209827 8.120889
v -0.540989 5.677284 8.761633
v 0.548883 5.669513 8.770984
v 0.000000 6.209827 8.120889
v 0.000000 5.892263 8.854395
v -2.129021 5.177441 8.584088
v -1.810777 5.164996 8.837653
v -1.177871 5.433075 8.680581
v -0.540989 5.677284 8.761633
v -1.214357 5.556133 8.376809
v -1.177871 5.433075 8.680581
v -2.833399 6.188834 4.178780
v -1.637352 6.853271 4.287804
v -2.621837 6.600356 3.283451
v -1.637352 6.853271 4.287804
v -2.833399 6.188834 4.178780
v -2.986684 6.045379 4.924342
v -1.693255 7.073202 3.490042
v -2.534730 6.767828 2.913585
v -2.621837 6.600356 3.283451
v 1.637352 6.853271 4.287804
v 2.435543 6.648214 3.473504
v 2.340104 6.838443 3.046887
v 2.435543 6.648214 3.473504
v 1.637352 6.853271 4.287804
v 2.598676 6.319228 4.200176
v 2.734622 6.162637 5.243982
v 2.787958 6.137825 5.176346
v 2.598676 6.319228 4.200176
v 2.787958 6.137825 5.176346
v 2.734622 6.162637 5.243982
v 2.847575 6.053000 5.465414
v 1.519644 6.499936 5.796221
v 2.940002 5.892248 5.894155
v 2.847575 6.053000 5.465414
v 2.940002 5.892248 5.894155
v 3.070880 5.836253 5.903179
v 2.847575 6.053000 5.465414
v 1.475055 6.394939 6.311297
v 2.948469 5.879108 5.934484
v 2.940002 5.892248 5.894155
v 2.948469 5.879108 5.934484
v 3.070880 5.836253 5.903179
v 2.940002 5.892248 5.894155
v 2.606691 5.447751 7.147648
v 2.992029 5.770258 6.114576
v 2.948469 5.879108 5.934484
v 2.992029 5.770258 6.114576
v 3.070880 5.836253 5.903179
v 2.948469 5.879108 5.934484
vn -0.4794 0.8382 0.2600
vn -0.4712 0.8531 0.2240
vn -0.0000 0.9602 0.2795
vn -0.0000 0.9526 0.3044
vn -0.0000 0.9602 0.2794
vn -0.0000 0.9526 0.3043
vn -0.4712 0.8531 0.2239
vn -0.4004 0.8810 0.2522
vn -0.0001 0.9441 0.3297
vn -0.0000 0.9441 0.3297
vn -0.3926 0.8670 0.3070
vn -0.0000 0.9342 0.3568
vn -0.0001 0.9342 0.3568
vn -0.3751 0.8594 0.3475
vn -0.0000 0.9201 0.3917
vn -0.5003 0.8481 0.1746
vn -0.4435 0.8792 0.1742
vn -0.4435 0.8792 0.1743
vn -0.5018 0.8181 0.2807
vn -0.5019 0.8181 0.2807
vn -0.3581 0.8459 0.3953
vn -0.0000 0.9196 0.3928
vn -0.0000 0.9201 0.3918
vn -0.1868 0.9244 0.3327
vn -0.0000 0.9196 0.3929
vn -0.3580 0.8459 0.3953
vn -0.3620 0.8616 0.3559
vn -0.2531 0.9020 0.3499
vn -0.3711 0.8928 0.2553
vn -0.3711 0.8928 0.2552
vn -0.3751 0.8594 0.3474
vn -0.4298 0.8493 0.3064
vn -0.3926 0.8669 0.3070
vn -0.5018 0.8181 0.2808
vn 0.4712 0.8531 0.2239
vn 0.4794 0.8380 0.2607
vn 0.4004 0.8810 0.2522
vn -0.0000 0.9525 0.3044
vn 0.0001 0.9441 0.3297
vn 0.3926 0.8670 0.3070
vn 0.0001 0.9441 0.3298
vn 0.0001 0.9342 0.3568
vn 0.3751 0.8594 0.3475
vn 0.5235 0.8087 0.2684
vn 0.4794 0.8379 0.2607
vn 0.5534 0.8085 0.2001
vn 0.4435 0.8792 0.1742
vn 0.4641 0.8604 0.2105
vn 0.4435 0.8792 0.1743
vn 0.4936 0.8239 0.2785
vn -0.0000 0.9487 0.3162
vn -0.0000 0.9542 0.2992
vn 0.1895 0.9242 0.3316
vn 0.3581 0.8459 0.3953
vn 0.3635 0.8676 0.3394
vn 0.3580 0.8459 0.3953
vn 0.2950 0.9010 0.3181
vn 0.2531 0.9020 0.3499
vn 0.3750 0.8594 0.3475
vn 0.3696 0.8936 0.2546
vn 0.3751 0.8594 0.3474
vn 0.3697 0.8936 0.2546
vn 0.4298 0.8493 0.3064
vn 0.3926 0.8669 0.3070
vn 0.4937 0.8223 0.2829
vn -0.5402 0.8031 0.2512
vn 0.1895 0.9242 0.3317
vn 0.3634 0.8676 0.3394
vn -0.1868 0.9244 0.3326
vn -0.1867 0.9244 0.3327
vn -0.2892 0.9013 0.3226
vn -0.3620 0.8615 0.3559
vn -0.5727 0.7964 0.1941
vn -0.5728 0.7964 0.1940
vn -0.5003 0.8481 0.1747
vn -0.5364 0.7995 0.2701
vn -0.5402 0.8031 0.2513
vn 0.5275 0.8131 0.2462
vn 0.4712 0.8531 0.2240
vn 0.5534 0.8085 0.2002
vn 0.4556 0.8729 0.1744
vn 0.4557 0.8729 0.1744
vn 0.4641 0.8604 0.2104
vn 0.5018 0.8181 0.2807
vn 0.4640 0.8604 0.2105
vn 0.5019 0.8181 0.2807
vn 0.4898 0.8238 0.2853
vn 0.4937 0.8223 0.2830
vt 0.203359 0.982578
vt 0.213152 0.831171
vt 0.500000 1.032686
vt 0.500000 0.918855
vt 0.233774 0.553643
vt 0.500000 0.613563
vt 0.241585 0.461067
vt 0.500000 0.497243
vt 0.257834 0.268619
vt 0.500000 0.320602
vt -0.023237 0.621823
vt 0.020921 0.589913
vt -0.037988 0.444553
vt 0.287257 0.031342
vt 0.500000 0.161555
vt 0.405224 -0.009878
vt 0.293649 -0.031814
vt 0.127017 -0.053015
vt 0.038752 0.067900
vt 0.043334 0.202007
vt 0.786848 0.831172
vt 0.796632 0.982578
vt 0.766227 0.553643
vt 0.758415 0.461067
vt 0.742166 0.268619
vt 0.909963 1.016712
vt 0.955262 0.769652
vt 0.979079 0.589913
vt 0.998867 0.541085
vt 1.015059 0.453757
vt 0.500000 0.006195
vt 0.500000 -0.027743
vt 0.596159 -0.012380
vt 0.712744 0.031342
vt 0.703713 -0.057886
vt 0.808225 -0.099568
vt 0.872984 -0.053015
vt 0.961248 0.067901
vt 0.956667 0.202007
vt 1.016543 0.445819
vt 0.040680 0.947612
vt 0.182770 -0.093095
vt 0.003617 0.754630
vt 0.055940 1.026979
vt 0.926683 0.925578
vt 0.988423 0.596665
vt 1.037988 0.444553
vt 1.024174 0.403352
s 1
usemtl Number_0
f 6067/550/2127 6068/551/2128 6069/552/2129
f 6070/551/2128 6071/553/2130 6072/552/2131
f 6073/553/2132 6074/551/2133 6075/554/2134
f 6076/555/2135 6077/553/2130 6078/554/2134
f 6079/555/2136 6080/554/2134 6081/556/2137
f 6082/557/2138 6083/555/2135 6084/556/2137
f 6085/557/2139 6086/556/2137 6087/558/2140
f 6088/559/2141 6089/557/2138 6090/558/2140
f 6091/560/2142 6092/561/2143 6093/551/2133
f 6094/554/2134 6095/561/2144 6096/562/2145
f 6097/556/2137 6098/554/2134 6099/562/2146
f 6100/554/2134 6101/551/2133 6102/561/2144
f 6103/563/2147 6104/564/2148 6105/559/2149
f 6106/565/2150 6107/564/2151 6108/563/2152
f 6109/566/2153 6110/563/2152 6111/567/2154
f 6112/558/2140 6113/563/2152 6114/559/2149
f 6115/558/2140 6116/567/2154 6117/563/2152
f 6118/567/2154 6119/558/2140 6120/568/2155
f 6121/568/2156 6122/558/2157 6123/569/2158
f 6124/569/2158 6125/558/2140 6126/556/2159
f 6127/562/2160 6128/569/2158 6129/556/2137
f 6130/570/2161 6131/571/2162 6132/552/2131
f 6133/553/2132 6134/570/2161 6135/552/2129
f 6136/570/2161 6137/553/2132 6138/572/2163
f 6139/553/2164 6140/555/2165 6141/572/2163
f 6142/572/2163 6143/555/2136 6144/573/2166
f 6145/555/2167 6146/557/2138 6147/573/2166
f 6148/573/2166 6149/557/2168 6150/574/2169
f 6151/557/2138 6152/559/2141 6153/574/2169
f 6154/575/2170 6155/571/2171 6156/570/2161
f 6157/576/2172 6158/570/2161 6159/577/2173
f 6160/578/2174 6161/577/2175 6162/572/2163
f 6163/579/2176 6164/572/2163 6165/573/2166
f 6166/570/2161 6167/572/2163 6168/577/2175
f 6169/580/2177 6170/581/2178 6171/582/2179
f 6172/564/2148 6173/583/2180 6174/559/2141
f 6175/584/2181 6176/583/2182 6177/564/2148
f 6178/585/2183 6179/586/2184 6180/583/2182
f 6181/583/2182 6182/574/2185 6183/559/2149
f 6184/586/2184 6185/574/2169 6186/583/2182
f 6187/574/2169 6188/586/2184 6189/587/2186
f 6190/574/2187 6191/587/2188 6192/588/2189
f 6193/574/2169 6194/588/2189 6195/573/2190
f 6196/589/2191 6197/573/2166 6198/588/2189
f 6199/590/2192 6200/551/2128 6201/550/2127
f 6202/564/2151 6203/582/2193 6204/584/2181
f 6205/583/2182 6206/584/2194 6207/585/2183
f 6208/581/2178 6209/580/2177 6210/565/2195
f 6211/580/2177 6212/564/2148 6213/565/2196
f 6214/582/2193 6215/564/2151 6216/580/2177
f 6217/567/2154 6218/591/2197 6219/566/2153
f 6220/565/2150 6221/563/2152 6222/566/2198
f 6223/592/2199 6224/551/2128 6225/590/2192
f 6226/551/2133 6227/592/2200 6228/560/2201
f 6229/550/2127 6230/593/2202 6231/590/2203
f 6232/570/2161 6233/594/2204 6234/575/2170
f 6235/594/2204 6236/570/2205 6237/576/2206
f 6238/577/2173 6239/595/2207 6240/576/2172
f 6241/595/2208 6242/577/2173 6243/578/2209
f 6244/572/2163 6245/579/2176 6246/578/2174
f 6247/579/2176 6248/596/2210 6249/578/2211
f 6250/573/2166 6251/589/2191 6252/579/2176
f 6253/589/2191 6254/596/2212 6255/579/2176
f 6256/588/2189 6257/597/2213 6258/589/2191
f 6259/597/2213 6260/596/2212 6261/589/2214
o Bottom_13
v -1.693255 7.073202 3.490042
v -1.637352 6.853271 4.287804
v 0.000000 7.848164 3.738004
v -1.637352 6.853271 4.287804
v 0.000000 7.581889 4.382556
v 0.000000 7.848164 3.738004
v 0.000000 7.581889 4.382556
v -1.637352 6.853271 4.287804
v -1.519644 6.499936 5.796221
v 0.000000 7.051245 5.910416
v 0.000000 7.581889 4.382556
v -1.519644 6.499936 5.796221
v 0.000000 7.051245 5.910416
v -1.519644 6.499936 5.796221
v -1.475055 6.394939 6.311297
v 0.000000 6.826711 6.471848
v 0.000000 7.051245 5.910416
v -1.475055 6.394939 6.311297
v 0.000000 6.826711 6.471848
v -1.475055 6.394939 6.311297
v -1.382303 6.067512 7.280974
v 0.000000 6.505541 7.342766
v 0.000000 6.826711 6.471848
v -1.382303 6.067512 7.280974
v -2.986684 6.045379 4.924342
v -2.734622 6.162637 5.243982
v -1.637352 6.853271 4.287804
v -1.519644 6.499936 5.796221
v -2.734622 6.162637 5.243982
v -3.070880 5.836253 5.903179
v -1.475055 6.394939 6.311297
v -1.519644 6.499936 5.796221
v -3.070880 5.836253 5.903179
v -1.519644 6.499936 5.796221
v -1.637352 6.853271 4.287804
v -2.734622 6.162637 5.243982
v -1.214357 5.556133 8.376809
v 0.000000 6.209827 8.120889
v 0.000000 6.505541 7.342766
v -0.540989 5.677284 8.761633
v 0.000000 6.209827 8.120889
v -1.214357 5.556133 8.376809
v -1.177871 5.433075 8.680581
v -1.214357 5.556133 8.376809
v -2.129021 5.177441 8.584088
v -1.382303 6.067512 7.280974
v -1.214357 5.556133 8.376809
v 0.000000 6.505541 7.342766
v -1.382303 6.067512 7.280974
v -2.129021 5.177441 8.584088
v -1.214357 5.556133 8.376809
v -2.129021 5.177441 8.584088
v -1.382303 6.067512 7.280974
v -2.632845 5.276175 7.875764
v -2.632845 5.276175 7.875764
v -1.382303 6.067512 7.280974
v -2.606691 5.447751 7.147648
v -2.606691 5.447751 7.147648
v -1.382303 6.067512 7.280974
v -1.475055 6.394939 6.311297
v -3.070880 5.836253 5.903179
v -2.606691 5.447751 7.147648
v -1.475055 6.394939 6.311297
v 1.637352 6.853271 4.287804
v 1.693198 7.073202 3.490042
v 0.000000 7.848164 3.738004
v 0.000000 7.581889 4.382556
v 1.637352 6.853271 4.287804
v 0.000000 7.848164 3.738004
v 1.637352 6.853271 4.287804
v 0.000000 7.581889 4.382556
v 1.519644 6.499936 5.796221
v 0.000000 7.581889 4.382556
v 0.000000 7.051245 5.910416
v 1.519644 6.499936 5.796221
v 1.519644 6.499936 5.796221
v 0.000000 7.051245 5.910416
v 1.475055 6.394939 6.311297
v 0.000000 7.051245 5.910416
v 0.000000 6.826711 6.471848
v 1.475055 6.394939 6.311297
v 1.475055 6.394939 6.311297
v 0.000000 6.826711 6.471848
v 1.382303 6.067512 7.280974
v 0.000000 6.826711 6.471848
v 0.000000 6.505541 7.342766
v 1.382303 6.067512 7.280974
v 2.340104 6.838443 3.046887
v 1.693198 7.073202 3.490042
v 1.637352 6.853271 4.287804
v 2.598676 6.319228 4.200176
v 1.637352 6.853271 4.287804
v 2.734622 6.162637 5.243982
v 2.847575 6.053000 5.465414
v 2.734622 6.162637 5.243982
v 1.519644 6.499936 5.796221
v 2.940002 5.892248 5.894155
v 1.519644 6.499936 5.796221
v 1.475055 6.394939 6.311297
v 1.637352 6.853271 4.287804
v 1.519644 6.499936 5.796221
v 2.734622 6.162637 5.243982
v 0.000000 5.892263 8.854395
v 0.000000 5.822894 9.014625
v 0.548883 5.669513 8.770984
v 0.000000 6.209827 8.120889
v 1.214357 5.556133 8.376809
v 0.000000 6.505541 7.342766
v 1.162810 5.382277 8.805979
v 1.214357 5.556133 8.376809
v 0.000000 6.209827 8.120889
v 1.759374 5.162986 8.878610
v 2.129021 5.177441 8.584088
v 1.214357 5.556133 8.376809
v 1.214357 5.556133 8.376809
v 1.382303 6.067512 7.280974
v 0.000000 6.505541 7.342766
v 2.129021 5.177441 8.584088
v 1.382303 6.067512 7.280974
v 1.214357 5.556133 8.376809
v 1.382303 6.067512 7.280974
v 2.129021 5.177441 8.584088
v 2.632845 5.276175 7.875764
v 1.382303 6.067512 7.280974
v 2.632845 5.276175 7.875764
v 2.606691 5.447751 7.147648
v 1.382303 6.067512 7.280974
v 2.606691 5.447751 7.147648
v 1.475055 6.394939 6.311297
v 2.948469 5.879108 5.934484
v 1.475055 6.394939 6.311297
v 2.606691 5.447751 7.147648
v -2.621837 6.600356 3.283451
v -1.637352 6.853271 4.287804
v -1.693255 7.073202 3.490042
v 0.000000 6.209827 8.120889
v 0.548883 5.669513 8.770984
v 1.162810 5.382277 8.805979
v 1.214357 5.556133 8.376809
v 1.162810 5.382277 8.805979
v 1.759374 5.162986 8.878610
v 0.000000 5.822894 9.014625
v 0.000000 5.892263 8.854395
v -0.540989 5.677284 8.761633
v 0.000000 5.892263 8.854395
v 0.000000 6.209827 8.120889
v -0.540989 5.677284 8.761633
v 0.548883 5.669513 8.770984
v 0.000000 6.209827 8.120889
v 0.000000 5.892263 8.854395
v -2.129021 5.177441 8.584088
v -1.810777 5.164996 8.837653
v -1.177871 5.433075 8.680581
v -0.540989 5.677284 8.761633
v -1.214357 5.556133 8.376809
v -1.177871 5.433075 8.680581
v -2.833399 6.188834 4.178780
v -1.637352 6.853271 4.287804
v -2.621837 6.600356 3.283451
v -1.637352 6.853271 4.287804
v -2.833399 6.188834 4.178780
v -2.986684 6.045379 4.924342
v -1.693255 7.073202 3.490042
v -2.534730 6.767828 2.913585
v -2.621837 6.600356 3.283451
v 1.637352 6.853271 4.287804
v 2.435543 6.648214 3.473504
v 2.340104 6.838443 3.046887
v 2.435543 6.648214 3.473504
v 1.637352 6.853271 4.287804
v 2.598676 6.319228 4.200176
v 2.734622 6.162637 5.243982
v 2.787958 6.137825 5.176346
v 2.598676 6.319228 4.200176
v 2.787958 6.137825 5.176346
v 2.734622 6.162637 5.243982
v 2.847575 6.053000 5.465414
v 1.519644 6.499936 5.796221
v 2.940002 5.892248 5.894155
v 2.847575 6.053000 5.465414
v 2.940002 5.892248 5.894155
v 3.070880 5.836253 5.903179
v 2.847575 6.053000 5.465414
v 1.475055 6.394939 6.311297
v 2.948469 5.879108 5.934484
v 2.940002 5.892248 5.894155
v 2.948469 5.879108 5.934484
v 3.070880 5.836253 5.903179
v 2.940002 5.892248 5.894155
v 2.606691 5.447751 7.147648
v 2.992029 5.770258 6.114576
v 2.948469 5.879108 5.934484
v 2.992029 5.770258 6.114576
v 3.070880 5.836253 5.903179
v 2.948469 5.879108 5.934484
vn -0.4794 0.8382 0.2600
vn -0.4712 0.8531 0.2240
vn -0.0000 0.9602 0.2795
vn -0.0000 0.9526 0.3044
vn -0.0000 0.9602 0.2794
vn -0.0000 0.9526 0.3043
vn -0.4712 0.8531 0.2239
vn -0.4004 0.8810 0.2522
vn -0.0001 0.9441 0.3297
vn -0.0000 0.9441 0.3297
vn -0.3926 0.8670 0.3070
vn -0.0000 0.9342 0.3568
vn -0.0001 0.9342 0.3568
vn -0.3751 0.8594 0.3475
vn -0.0000 0.9201 0.3917
vn -0.5003 0.8481 0.1746
vn -0.4435 0.8792 0.1742
vn -0.4435 0.8792 0.1743
vn -0.5018 0.8181 0.2807
vn -0.5019 0.8181 0.2807
vn -0.3581 0.8459 0.3953
vn -0.0000 0.9196 0.3928
vn -0.0000 0.9201 0.3918
vn -0.1868 0.9244 0.3327
vn -0.0000 0.9196 0.3929
vn -0.3580 0.8459 0.3953
vn -0.3620 0.8616 0.3559
vn -0.2531 0.9020 0.3499
vn -0.3711 0.8928 0.2553
vn -0.3711 0.8928 0.2552
vn -0.3751 0.8594 0.3474
vn -0.4298 0.8493 0.3064
vn -0.3926 0.8669 0.3070
vn -0.5018 0.8181 0.2808
vn 0.4712 0.8531 0.2239
vn 0.4794 0.8380 0.2607
vn 0.4004 0.8810 0.2522
vn -0.0000 0.9525 0.3044
vn 0.0001 0.9441 0.3297
vn 0.3926 0.8670 0.3070
vn 0.0001 0.9441 0.3298
vn 0.0001 0.9342 0.3568
vn 0.3751 0.8594 0.3475
vn 0.5235 0.8087 0.2684
vn 0.4794 0.8379 0.2607
vn 0.5534 0.8085 0.2001
vn 0.4435 0.8792 0.1742
vn 0.4641 0.8604 0.2105
vn 0.4435 0.8792 0.1743
vn 0.4936 0.8239 0.2785
vn -0.0000 0.9487 0.3162
vn -0.0000 0.9542 0.2992
vn 0.1895 0.9242 0.3316
vn 0.3581 0.8459 0.3953
vn 0.3635 0.8676 0.3394
vn 0.3580 0.8459 0.3953
vn 0.2950 0.9010 0.3181
vn 0.2531 0.9020 0.3499
vn 0.3750 0.8594 0.3475
vn 0.3696 0.8936 0.2546
vn 0.3751 0.8594 0.3474
vn 0.3697 0.8936 0.2546
vn 0.4298 0.8493 0.3064
vn 0.3926 0.8669 0.3070
vn 0.4937 0.8223 0.2829
vn -0.5402 0.8031 0.2512
vn 0.1895 0.9242 0.3317
vn 0.3634 0.8676 0.3394
vn -0.1868 0.9244 0.3326
vn -0.1867 0.9244 0.3327
vn -0.2892 0.9013 0.3226
vn -0.3620 0.8615 0.3559
vn -0.5727 0.7964 0.1941
vn -0.5728 0.7964 0.1940
vn -0.5003 0.8481 0.1747
vn -0.5364 0.7995 0.2701
vn -0.5402 0.8031 0.2513
vn 0.5275 0.8131 0.2462
vn 0.4712 0.8531 0.2240
vn 0.5534 0.8085 0.2002
vn 0.4556 0.8729 0.1744
vn 0.4557 0.8729 0.1744
vn 0.4641 0.8604 0.2104
vn 0.5018 0.8181 0.2807
vn 0.4640 0.8604 0.2105
vn 0.5019 0.8181 0.2807
vn 0.4898 0.8238 0.2853
vn 0.4937 0.8223 0.2830
vt 0.203359 0.982578
vt 0.213152 0.831171
vt 0.500000 1.032686
vt 0.500000 0.918855
vt 0.233774 0.553643
vt 0.500000 0.613563
vt 0.241585 0.461067
vt 0.500000 0.497243
vt 0.257834 0.268619
vt 0.500000 0.320602
vt -0.023237 0.621823
vt 0.020921 0.589913
vt -0.037988 0.444553
vt 0.287257 0.031342
vt 0.500000 0.161555
vt 0.405224 -0.009878
vt 0.293649 -0.031814
vt 0.127017 -0.053015
vt 0.038752 0.067900
vt 0.043334 0.202007
vt 0.786848 0.831172
vt 0.796632 0.982578
vt 0.766227 0.553643
vt 0.758415 0.461067
vt 0.742166 0.268619
vt 0.909963 1.016712
vt 0.955262 0.769652
vt 0.979079 0.589913
vt 0.998867 0.541085
vt 1.015059 0.453757
vt 0.500000 0.006195
vt 0.500000 -0.027743
vt 0.596159 -0.012380
vt 0.712744 0.031342
vt 0.703713 -0.057886
vt 0.808225 -0.099568
vt 0.872984 -0.053015
vt 0.961248 0.067901
vt 0.956667 0.202007
vt 1.016543 0.445819
vt 0.040680 0.947612
vt 0.182770 -0.093095
vt 0.003617 0.754630
vt 0.055940 1.026979
vt 0.926683 0.925578
vt 0.988423 0.596665
vt 1.037988 0.444553
vt 1.024174 0.403352
s 1
usemtl Number_1
f 6262/598/2215 6263/599/2216 6264/600/2217
f 6265/599/2216 6266/601/2218 6267/600/2219
f 6268/601/2220 6269/599/2221 6270/602/2222
f 6271/603/2223 6272/601/2218 6273/602/2222
f 6274/603/2224 6275/602/2222 6276/604/2225
f 6277/605/2226 6278/603/2223 6279/604/2225
f 6280/605/2227 6281/604/2225 6282/606/2228
f 6283/607/2229 6284/605/2226 6285/606/2228
f 6286/608/2230 6287/609/2231 6288/599/2221
f 6289/602/2222 6290/609/2232 6291/610/2233
f 6292/604/2225 6293/602/2222 6294/610/2234
f 6295/602/2222 6296/599/2221 6297/609/2232
f 6298/611/2235 6299/612/2236 6300/607/2237
f 6301/613/2238 6302/612/2239 6303/611/2240
f 6304/614/2241 6305/611/2240 6306/615/2242
f 6307/606/2228 6308/611/2240 6309/607/2237
f 6310/606/2228 6311/615/2242 6312/611/2240
f 6313/615/2242 6314/606/2228 6315/616/2243
f 6316/616/2244 6317/606/2245 6318/617/2246
f 6319/617/2246 6320/606/2228 6321/604/2247
f 6322/610/2248 6323/617/2246 6324/604/2225
f 6325/618/2249 6326/619/2250 6327/600/2219
f 6328/601/2220 6329/618/2249 6330/600/2217
f 6331/618/2249 6332/601/2220 6333/620/2251
f 6334/601/2252 6335/603/2253 6336/620/2251
f 6337/620/2251 6338/603/2224 6339/621/2254
f 6340/603/2255 6341/605/2226 6342/621/2254
f 6343/621/2254 6344/605/2256 6345/622/2257
f 6346/605/2226 6347/607/2229 6348/622/2257
f 6349/623/2258 6350/619/2259 6351/618/2249
f 6352/624/2260 6353/618/2249 6354/625/2261
f 6355/626/2262 6356/625/2263 6357/620/2251
f 6358/627/2264 6359/620/2251 6360/621/2254
f 6361/618/2249 6362/620/2251 6363/625/2263
f 6364/628/2265 6365/629/2266 6366/630/2267
f 6367/612/2236 6368/631/2268 6369/607/2229
f 6370/632/2269 6371/631/2270 6372/612/2236
f 6373/633/2271 6374/634/2272 6375/631/2270
f 6376/631/2270 6377/622/2273 6378/607/2237
f 6379/634/2272 6380/622/2257 6381/631/2270
f 6382/622/2257 6383/634/2272 6384/635/2274
f 6385/622/2275 6386/635/2276 6387/636/2277
f 6388/622/2257 6389/636/2277 6390/621/2278
f 6391/637/2279 6392/621/2254 6393/636/2277
f 6394/638/2280 6395/599/2216 6396/598/2215
f 6397/612/2239 6398/630/2281 6399/632/2269
f 6400/631/2270 6401/632/2282 6402/633/2271
f 6403/629/2266 6404/628/2265 6405/613/2283
f 6406/628/2265 6407/612/2236 6408/613/2284
f 6409/630/2281 6410/612/2239 6411/628/2265
f 6412/615/2242 6413/639/2285 6414/614/2241
f 6415/613/2238 6416/611/2240 6417/614/2286
f 6418/640/2287 6419/599/2216 6420/638/2280
f 6421/599/2221 6422/640/2288 6423/608/2289
f 6424/598/2215 6425/641/2290 6426/638/2291
f 6427/618/2249 6428/642/2292 6429/623/2258
f 6430/642/2292 6431/618/2293 6432/624/2294
f 6433/625/2261 6434/643/2295 6435/624/2260
f 6436/643/2296 6437/625/2261 6438/626/2297
f 6439/620/2251 6440/627/2264 6441/626/2262
f 6442/627/2264 6443/644/2298 6444/626/2299
f 6445/621/2254 6446/637/2279 6447/627/2264
f 6448/637/2279 6449/644/2300 6450/627/2264
f 6451/636/2277 6452/645/2301 6453/637/2279
f 6454/645/2301 6455/644/2300 6456/637/2302
o Bottom_14
v -1.693255 7.073202 3.490042
v -1.637352 6.853271 4.287804
v 0.000000 7.848164 3.738004
v -1.637352 6.853271 4.287804
v 0.000000 7.581889 4.382556
v 0.000000 7.848164 3.738004
v 0.000000 7.581889 4.382556
v -1.637352 6.853271 4.287804
v -1.519644 6.499936 5.796221
v 0.000000 7.051245 5.910416
v 0.000000 7.581889 4.382556
v -1.519644 6.499936 5.796221
v 0.000000 7.051245 5.910416
v -1.519644 6.499936 5.796221
v -1.475055 6.394939 6.311297
v 0.000000 6.826711 6.471848
v 0.000000 7.051245 5.910416
v -1.475055 6.394939 6.311297
v 0.000000 6.826711 6.471848
v -1.475055 6.394939 6.311297
v -1.382303 6.067512 7.280974
v 0.000000 6.505541 7.342766
v 0.000000 6.826711 6.471848
v -1.382303 6.067512 7.280974
v -2.986684 6.045379 4.924342
v -2.734622 6.162637 5.243982
v -1.637352 6.853271 4.287804
v -1.519644 6.499936 5.796221
v -2.734622 6.162637 5.243982
v -3.070880 5.836253 5.903179
v -1.475055 6.394939 6.311297
v -1.519644 6.499936 5.796221
v -3.070880 5.836253 5.903179
v -1.519644 6.499936 5.796221
v -1.637352 6.853271 4.287804
v -2.734622 6.162637 5.243982
v -1.214357 5.556133 8.376809
v 0.000000 6.209827 8.120889
v 0.000000 6.505541 7.342766
v -0.540989 5.677284 8.761633
v 0.000000 6.209827 8.120889
v -1.214357 5.556133 8.376809
v -1.177871 5.433075 8.680581
v -1.214357 5.556133 8.376809
v -2.129021 5.177441 8.584088
v -1.382303 6.067512 7.280974
v -1.214357 5.556133 8.376809
v 0.000000 6.505541 7.342766
v -1.382303 6.067512 7.280974
v -2.129021 5.177441 8.584088
v -1.214357 5.556133 8.376809
v -2.129021 5.177441 8.584088
v -1.382303 6.067512 7.280974
v -2.632845 5.276175 7.875764
v -2.632845 5.276175 7.875764
v -1.382303 6.067512 7.280974
v -2.606691 5.447751 7.147648
v -2.606691 5.447751 7.147648
v -1.382303 6.067512 7.280974
v -1.475055 6.394939 6.311297
v -3.070880 5.836253 5.903179
v -2.606691 5.447751 7.147648
v -1.475055 6.394939 6.311297
v 1.637352 6.853271 4.287804
v 1.693198 7.073202 3.490042
v 0.000000 7.848164 3.738004
v 0.000000 7.581889 4.382556
v 1.637352 6.853271 4.287804
v 0.000000 7.848164 3.738004
v 1.637352 6.853271 4.287804
v 0.000000 7.581889 4.382556
v 1.519644 6.499936 5.796221
v 0.000000 7.581889 4.382556
v 0.000000 7.051245 5.910416
v 1.519644 6.499936 5.796221
v 1.519644 6.499936 5.796221
v 0.000000 7.051245 5.910416
v 1.475055 6.394939 6.311297
v 0.000000 7.051245 5.910416
v 0.000000 6.826711 6.471848
v 1.475055 6.394939 6.311297
v 1.475055 6.394939 6.311297
v 0.000000 6.826711 6.471848
v 1.382303 6.067512 7.280974
v 0.000000 6.826711 6.471848
v 0.000000 6.505541 7.342766
v 1.382303 6.067512 7.280974
v 2.340104 6.838443 3.046887
v 1.693198 7.073202 3.490042
v 1.637352 6.853271 4.287804
v 2.598676 6.319228 4.200176
v 1.637352 6.853271 4.287804
v 2.734622 6.162637 5.243982
v 2.847575 6.053000 5.465414
v 2.734622 6.162637 5.243982
v 1.519644 6.499936 5.796221
v 2.940002 5.892248 5.894155
v 1.519644 6.499936 5.796221
v 1.475055 6.394939 6.311297
v 1.637352 6.853271 4.287804
v 1.519644 6.499936 5.796221
v 2.734622 6.162637 5.243982
v 0.000000 5.892263 8.854395
v 0.000000 5.822894 9.014625
v 0.548883 5.669513 8.770984
v 0.000000 6.209827 8.120889
v 1.214357 5.556133 8.376809
v 0.000000 6.505541 7.342766
v 1.162810 5.382277 8.805979
v 1.214357 5.556133 8.376809
v 0.000000 6.209827 8.120889
v 1.759374 5.162986 8.878610
v 2.129021 5.177441 8.584088
v 1.214357 5.556133 8.376809
v 1.214357 5.556133 8.376809
v 1.382303 6.067512 7.280974
v 0.000000 6.505541 7.342766
v 2.129021 5.177441 8.584088
v 1.382303 6.067512 7.280974
v 1.214357 5.556133 8.376809
v 1.382303 6.067512 7.280974
v 2.129021 5.177441 8.584088
v 2.632845 5.276175 7.875764
v 1.382303 6.067512 7.280974
v 2.632845 5.276175 7.875764
v 2.606691 5.447751 7.147648
v 1.382303 6.067512 7.280974
v 2.606691 5.447751 7.147648
v 1.475055 6.394939 6.311297
v 2.948469 5.879108 5.934484
v 1.475055 6.394939 6.311297
v 2.606691 5.447751 7.147648
v -2.621837 6.600356 3.283451
v -1.637352 6.853271 4.287804
v -1.693255 7.073202 3.490042
v 0.000000 6.209827 8.120889
v 0.548883 5.669513 8.770984
v 1.162810 5.382277 8.805979
v 1.214357 5.556133 8.376809
v 1.162810 5.382277 8.805979
v 1.759374 5.162986 8.878610
v 0.000000 5.822894 9.014625
v 0.000000 5.892263 8.854395
v -0.540989 5.677284 8.761633
v 0.000000 5.892263 8.854395
v 0.000000 6.209827 8.120889
v -0.540989 5.677284 8.761633
v 0.548883 5.669513 8.770984
v 0.000000 6.209827 8.120889
v 0.000000 5.892263 8.854395
v -2.129021 5.177441 8.584088
v -1.810777 5.164996 8.837653
v -1.177871 5.433075 8.680581
v -0.540989 5.677284 8.761633
v -1.214357 5.556133 8.376809
v -1.177871 5.433075 8.680581
v -2.833399 6.188834 4.178780
v -1.637352 6.853271 4.287804
v -2.621837 6.600356 3.283451
v -1.637352 6.853271 4.287804
v -2.833399 6.188834 4.178780
v -2.986684 6.045379 4.924342
v -1.693255 7.073202 3.490042
v -2.534730 6.767828 2.913585
v -2.621837 6.600356 3.283451
v 1.637352 6.853271 4.287804
v 2.435543 6.648214 3.473504
v 2.340104 6.838443 3.046887
v 2.435543 6.648214 3.473504
v 1.637352 6.853271 4.287804
v 2.598676 6.319228 4.200176
v 2.734622 6.162637 5.243982
v 2.787958 6.137825 5.176346
v 2.598676 6.319228 4.200176
v 2.787958 6.137825 5.176346
v 2.734622 6.162637 5.243982
v 2.847575 6.053000 5.465414
v 1.519644 6.499936 5.796221
v 2.940002 5.892248 5.894155
v 2.847575 6.053000 5.465414
v 2.940002 5.892248 5.894155
v 3.070880 5.836253 5.903179
v 2.847575 6.053000 5.465414
v 1.475055 6.394939 6.311297
v 2.948469 5.879108 5.934484
v 2.940002 5.892248 5.894155
v 2.948469 5.879108 5.934484
v 3.070880 5.836253 5.903179
v 2.940002 5.892248 5.894155
v 2.606691 5.447751 7.147648
v 2.992029 5.770258 6.114576
v 2.948469 5.879108 5.934484
v 2.992029 5.770258 6.114576
v 3.070880 5.836253 5.903179
v 2.948469 5.879108 5.934484
vn -0.4794 0.8382 0.2600
vn -0.4712 0.8531 0.2240
vn -0.0000 0.9602 0.2795
vn -0.0000 0.9526 0.3044
vn -0.0000 0.9602 0.2794
vn -0.0000 0.9526 0.3043
vn -0.4712 0.8531 0.2239
vn -0.4004 0.8810 0.2522
vn -0.0001 0.9441 0.3297
vn -0.0000 0.9441 0.3297
vn -0.3926 0.8670 0.3070
vn -0.0000 0.9342 0.3568
vn -0.0001 0.9342 0.3568
vn -0.3751 0.8594 0.3475
vn -0.0000 0.9201 0.3917
vn -0.5003 0.8481 0.1746
vn -0.4435 0.8792 0.1742
vn -0.4435 0.8792 0.1743
vn -0.5018 0.8181 0.2807
vn -0.5019 0.8181 0.2807
vn -0.3581 0.8459 0.3953
vn -0.0000 0.9196 0.3928
vn -0.0000 0.9201 0.3918
vn -0.1868 0.9244 0.3327
vn -0.0000 0.9196 0.3929
vn -0.3580 0.8459 0.3953
vn -0.3620 0.8616 0.3559
vn -0.2531 0.9020 0.3499
vn -0.3711 0.8928 0.2553
vn -0.3711 0.8928 0.2552
vn -0.3751 0.8594 0.3474
vn -0.4298 0.8493 0.3064
vn -0.3926 0.8669 0.3070
vn -0.5018 0.8181 0.2808
vn 0.4712 0.8531 0.2239
vn 0.4794 0.8380 0.2607
vn 0.4004 0.8810 0.2522
vn -0.0000 0.9525 0.3044
vn 0.0001 0.9441 0.3297
vn 0.3926 0.8670 0.3070
vn 0.0001 0.9441 0.3298
vn 0.0001 0.9342 0.3568
vn 0.3751 0.8594 0.3475
vn 0.5235 0.8087 0.2684
vn 0.4794 0.8379 0.2607
vn 0.5534 0.8085 0.2001
vn 0.4435 0.8792 0.1742
vn 0.4641 0.8604 0.2105
vn 0.4435 0.8792 0.1743
vn 0.4936 0.8239 0.2785
vn -0.0000 0.9487 0.3162
vn -0.0000 0.9542 0.2992
vn 0.1895 0.9242 0.3316
vn 0.3581 0.8459 0.3953
vn 0.3635 0.8676 0.3394
vn 0.3580 0.8459 0.3953
vn 0.2950 0.9010 0.3181
vn 0.2531 0.9020 0.3499
vn 0.3750 0.8594 0.3475
vn 0.3696 0.8936 0.2546
vn 0.3751 0.8594 0.3474
vn 0.3697 0.8936 0.2546
vn 0.4298 0.8493 0.3064
vn 0.3926 0.8669 0.3070
vn 0.4937 0.8223 0.2829
vn -0.5402 0.8031 0.2512
vn 0.1895 0.9242 0.3317
vn 0.3634 0.8676 0.3394
vn -0.1868 0.9244 0.3326
vn -0.1867 0.9244 0.3327
vn -0.2892 0.9013 0.3226
vn -0.3620 0.8615 0.3559
vn -0.5727 0.7964 0.1941
vn -0.5728 0.7964 0.1940
vn -0.5003 0.8481 0.1747
vn -0.5364 0.7995 0.2701
vn -0.5402 0.8031 0.2513
vn 0.5275 0.8131 0.2462
vn 0.4712 0.8531 0.2240
vn 0.5534 0.8085 0.2002
vn 0.4556 0.8729 0.1744
vn 0.4557 0.8729 0.1744
vn 0.4641 0.8604 0.2104
vn 0.5018 0.8181 0.2807
vn 0.4640 0.8604 0.2105
vn 0.5019 0.8181 0.2807
vn 0.4898 0.8238 0.2853
vn 0.4937 0.8223 0.2830
vt 0.203359 0.982578
vt 0.213152 0.831171
vt 0.500000 1.032686
vt 0.500000 0.918855
vt 0.233774 0.553643
vt 0.500000 0.613563
vt 0.241585 0.461067
vt 0.500000 0.497243
vt 0.257834 0.268619
vt 0.500000 0.320602
vt -0.023237 0.621823
vt 0.020921 0.589913
vt -0.037988 0.444553
vt 0.287257 0.031342
vt 0.500000 0.161555
vt 0.405224 -0.009878
vt 0.293649 -0.031814
vt 0.127017 -0.053015
vt 0.038752 0.067900
vt 0.043334 0.202007
vt 0.786848 0.831172
vt 0.796632 0.982578
vt 0.766227 0.553643
vt 0.758415 0.461067
vt 0.742166 0.268619
vt 0.909963 1.016712
vt 0.955262 0.769652
vt 0.979079 0.589913
vt 0.998867 0.541085
vt 1.015059 0.453757
vt 0.500000 0.006195
vt 0.500000 -0.027743
vt 0.596159 -0.012380
vt 0.712744 0.031342
vt 0.703713 -0.057886
vt 0.808225 -0.099568
vt 0.872984 -0.053015
vt 0.961248 0.067901
vt 0.956667 0.202007
vt 1.016543 0.445819
vt 0.040680 0.947612
vt 0.182770 -0.093095
vt 0.003617 0.754630
vt 0.055940 1.026979
vt 0.926683 0.925578
vt 0.988423 0.596665
vt 1.037988 0.444553
vt 1.024174 0.403352
s 1
usemtl Number_2
f 6457/646/2303 6458/647/2304 6459/648/2305
f 6460/647/2304 6461/649/2306 6462/648/2307
f 6463/649/2308 6464/647/2309 6465/650/2310
f 6466/651/2311 6467/649/2306 6468/650/2310
f 6469/651/2312 6470/650/2310 6471/652/2313
f 6472/653/2314 6473/651/2311 6474/652/2313
f 6475/653/2315 6476/652/2313 6477/654/2316
f 6478/655/2317 6479/653/2314 6480/654/2316
f 6481/656/2318 6482/657/2319 6483/647/2309
f 6484/650/2310 6485/657/2320 6486/658/2321
f 6487/652/2313 6488/650/2310 6489/658/2322
f 6490/650/2310 6491/647/2309 6492/657/2320
f 6493/659/2323 6494/660/2324 6495/655/2325
f 6496/661/2326 6497/660/2327 6498/659/2328
f 6499/662/2329 6500/659/2328 6501/663/2330
f 6502/654/2316 6503/659/2328 6504/655/2325
f 6505/654/2316 6506/663/2330 6507/659/2328
f 6508/663/2330 6509/654/2316 6510/664/2331
f 6511/664/2332 6512/654/2333 6513/665/2334
f 6514/665/2334 6515/654/2316 6516/652/2335
f 6517/658/2336 6518/665/2334 6519/652/2313
f 6520/666/2337 6521/667/2338 6522/648/2307
f 6523/649/2308 6524/666/2337 6525/648/2305
f 6526/666/2337 6527/649/2308 6528/668/2339
f 6529/649/2340 6530/651/2341 6531/668/2339
f 6532/668/2339 6533/651/2312 6534/669/2342
f 6535/651/2343 6536/653/2314 6537/669/2342
f 6538/669/2342 6539/653/2344 6540/670/2345
f 6541/653/2314 6542/655/2317 6543/670/2345
f 6544/671/2346 6545/667/2347 6546/666/2337
f 6547/672/2348 6548/666/2337 6549/673/2349
f 6550/674/2350 6551/673/2351 6552/668/2339
f 6553/675/2352 6554/668/2339 6555/669/2342
f 6556/666/2337 6557/668/2339 6558/673/2351
f 6559/676/2353 6560/677/2354 6561/678/2355
f 6562/660/2324 6563/679/2356 6564/655/2317
f 6565/680/2357 6566/679/2358 6567/660/2324
f 6568/681/2359 6569/682/2360 6570/679/2358
f 6571/679/2358 6572/670/2361 6573/655/2325
f 6574/682/2360 6575/670/2345 6576/679/2358
f 6577/670/2345 6578/682/2360 6579/683/2362
f 6580/670/2363 6581/683/2364 6582/684/2365
f 6583/670/2345 6584/684/2365 6585/669/2366
f 6586/685/2367 6587/669/2342 6588/684/2365
f 6589/686/2368 6590/647/2304 6591/646/2303
f 6592/660/2327 6593/678/2369 6594/680/2357
f 6595/679/2358 6596/680/2370 6597/681/2359
f 6598/677/2354 6599/676/2353 6600/661/2371
f 6601/676/2353 6602/660/2324 6603/661/2372
f 6604/678/2369 6605/660/2327 6606/676/2353
f 6607/663/2330 6608/687/2373 6609/662/2329
f 6610/661/2326 6611/659/2328 6612/662/2374
f 6613/688/2375 6614/647/2304 6615/686/2368
f 6616/647/2309 6617/688/2376 6618/656/2377
f 6619/646/2303 6620/689/2378 6621/686/2379
f 6622/666/2337 6623/690/2380 6624/671/2346
f 6625/690/2380 6626/666/2381 6627/672/2382
f 6628/673/2349 6629/691/2383 6630/672/2348
f 6631/691/2384 6632/673/2349 6633/674/2385
f 6634/668/2339 6635/675/2352 6636/674/2350
f 6637/675/2352 6638/692/2386 6639/674/2387
f 6640/669/2342 6641/685/2367 6642/675/2352
f 6643/685/2367 6644/692/2388 6645/675/2352
f 6646/684/2365 6647/693/2389 6648/685/2367
f 6649/693/2389 6650/692/2388 6651/685/2390
o Bottom_15
v -1.693255 7.073202 3.490042
v -1.637352 6.853271 4.287804
v 0.000000 7.848164 3.738004
v -1.637352 6.853271 4.287804
v 0.000000 7.581889 4.382556
v 0.000000 7.848164 3.738004
v 0.000000 7.581889 4.382556
v -1.637352 6.853271 4.287804
v -1.519644 6.499936 5.796221
v 0.000000 7.051245 5.910416
v 0.000000 7.581889 4.382556
v -1.519644 6.499936 5.796221
v 0.000000 7.051245 5.910416
v -1.519644 6.499936 5.796221
v -1.475055 6.394939 6.311297
v 0.000000 6.826711 6.471848
v 0.000000 7.051245 5.910416
v -1.475055 6.394939 6.311297
v 0.000000 6.826711 6.471848
v -1.475055 6.394939 6.311297
v -1.382303 6.067512 7.280974
v 0.000000 6.505541 7.342766
v 0.000000 6.826711 6.471848
v -1.382303 6.067512 7.280974
v -2.986684 6.045379 4.924342
v -2.734622 6.162637 5.243982
v -1.637352 6.853271 4.287804
v -1.519644 6.499936 5.796221
v -2.734622 6.162637 5.243982
v -3.070880 5.836253 5.903179
v -1.475055 6.394939 6.311297
v -1.519644 6.499936 5.796221
v -3.070880 5.836253 5.903179
v -1.519644 6.499936 5.796221
v -1.637352 6.853271 4.287804
v -2.734622 6.162637 5.243982
v -1.214357 5.556133 8.376809
v 0.000000 6.209827 8.120889
v 0.000000 6.505541 7.342766
v -0.540989 5.677284 8.761633
v 0.000000 6.209827 8.120889
v -1.214357 5.556133 8.376809
v -1.177871 5.433075 8.680581
v -1.214357 5.556133 8.376809
v -2.129021 5.177441 8.584088
v -1.382303 6.067512 7.280974
v -1.214357 5.556133 8.376809
v 0.000000 6.505541 7.342766
v -1.382303 6.067512 7.280974
v -2.129021 5.177441 8.584088
v -1.214357 5.556133 8.376809
v -2.129021 5.177441 8.584088
v -1.382303 6.067512 7.280974
v -2.632845 5.276175 7.875764
v -2.632845 5.276175 7.875764
v -1.382303 6.067512 7.280974
v -2.606691 5.447751 7.147648
v -2.606691 5.447751 7.147648
v -1.382303 6.067512 7.280974
v -1.475055 6.394939 6.311297
v -3.070880 5.836253 5.903179
v -2.606691 5.447751 7.147648
v -1.475055 6.394939 6.311297
v 1.637352 6.853271 4.287804
v 1.693198 7.073202 3.490042
v 0.000000 7.848164 3.738004
v 0.000000 7.581889 4.382556
v 1.637352 6.853271 4.287804
v 0.000000 7.848164 3.738004
v 1.637352 6.853271 4.287804
v 0.000000 7.581889 4.382556
v 1.519644 6.499936 5.796221
v 0.000000 7.581889 4.382556
v 0.000000 7.051245 5.910416
v 1.519644 6.499936 5.796221
v 1.519644 6.499936 5.796221
v 0.000000 7.051245 5.910416
v 1.475055 6.394939 6.311297
v 0.000000 7.051245 5.910416
v 0.000000 6.826711 6.471848
v 1.475055 6.394939 6.311297
v 1.475055 6.394939 6.311297
v 0.000000 6.826711 6.471848
v 1.382303 6.067512 7.280974
v 0.000000 6.826711 6.471848
v 0.000000 6.505541 7.342766
v 1.382303 6.067512 7.280974
v 2.340104 6.838443 3.046887
v 1.693198 7.073202 3.490042
v 1.637352 6.853271 4.287804
v 2.598676 6.319228 4.200176
v 1.637352 6.853271 4.287804
v 2.734622 6.162637 5.243982
v 2.847575 6.053000 5.465414
v 2.734622 6.162637 5.243982
v 1.519644 6.499936 5.796221
v 2.940002 5.892248 5.894155
v 1.519644 6.499936 5.796221
v 1.475055 6.394939 6.311297
v 1.637352 6.853271 4.287804
v 1.519644 6.499936 5.796221
v 2.734622 6.162637 5.243982
v 0.000000 5.892263 8.854395
v 0.000000 5.822894 9.014625
v 0.548883 5.669513 8.770984
v 0.000000 6.209827 8.120889
v 1.214357 5.556133 8.376809
v 0.000000 6.505541 7.342766
v 1.162810 5.382277 8.805979
v 1.214357 5.556133 8.376809
v 0.000000 6.209827 8.120889
v 1.759374 5.162986 8.878610
v 2.129021 5.177441 8.584088
v 1.214357 5.556133 8.376809
v 1.214357 5.556133 8.376809
v 1.382303 6.067512 7.280974
v 0.000000 6.505541 7.342766
v 2.129021 5.177441 8.584088
v 1.382303 6.067512 7.280974
v 1.214357 5.556133 8.376809
v 1.382303 6.067512 7.280974
v 2.129021 5.177441 8.584088
v 2.632845 5.276175 7.875764
v 1.382303 6.067512 7.280974
v 2.632845 5.276175 7.875764
v 2.606691 5.447751 7.147648
v 1.382303 6.067512 7.280974
v 2.606691 5.447751 7.147648
v 1.475055 6.394939 6.311297
v 2.948469 5.879108 5.934484
v 1.475055 6.394939 6.311297
v 2.606691 5.447751 7.147648
v -2.621837 6.600356 3.283451
v -1.637352 6.853271 4.287804
v -1.693255 7.073202 3.490042
v 0.000000 6.209827 8.120889
v 0.548883 5.669513 8.770984
v 1.162810 5.382277 8.805979
v 1.214357 5.556133 8.376809
v 1.162810 5.382277 8.805979
v 1.759374 5.162986 8.878610
v 0.000000 5.822894 9.014625
v 0.000000 5.892263 8.854395
v -0.540989 5.677284 8.761633
v 0.000000 5.892263 8.854395
v 0.000000 6.209827 8.120889
v -0.540989 5.677284 8.761633
v 0.548883 5.669513 8.770984
v 0.000000 6.209827 8.120889
v 0.000000 5.892263 8.854395
v -2.129021 5.177441 8.584088
v -1.810777 5.164996 8.837653
v -1.177871 5.433075 8.680581
v -0.540989 5.677284 8.761633
v -1.214357 5.556133 8.376809
v -1.177871 5.433075 8.680581
v -2.833399 6.188834 4.178780
v -1.637352 6.853271 4.287804
v -2.621837 6.600356 3.283451
v -1.637352 6.853271 4.287804
v -2.833399 6.188834 4.178780
v -2.986684 6.045379 4.924342
v -1.693255 7.073202 3.490042
v -2.534730 6.767828 2.913585
v -2.621837 6.600356 3.283451
v 1.637352 6.853271 4.287804
v 2.435543 6.648214 3.473504
v 2.340104 6.838443 3.046887
v 2.435543 6.648214 3.473504
v 1.637352 6.853271 4.287804
v 2.598676 6.319228 4.200176
v 2.734622 6.162637 5.243982
v 2.787958 6.137825 5.176346
v 2.598676 6.319228 4.200176
v 2.787958 6.137825 5.176346
v 2.734622 6.162637 5.243982
v 2.847575 6.053000 5.465414
v 1.519644 6.499936 5.796221
v 2.940002 5.892248 5.894155
v 2.847575 6.053000 5.465414
v 2.940002 5.892248 5.894155
v 3.070880 5.836253 5.903179
v 2.847575 6.053000 5.465414
v 1.475055 6.394939 6.311297
v 2.948469 5.879108 5.934484
v 2.940002 5.892248 5.894155
v 2.948469 5.879108 5.934484
v 3.070880 5.836253 5.903179
v 2.940002 5.892248 5.894155
v 2.606691 5.447751 7.147648
v 2.992029 5.770258 6.114576
v 2.948469 5.879108 5.934484
v 2.992029 5.770258 6.114576
v 3.070880 5.836253 5.903179
v 2.948469 5.879108 5.934484
vn -0.4794 0.8382 0.2600
vn -0.4712 0.8531 0.2240
vn -0.0000 0.9602 0.2795
vn -0.0000 0.9526 0.3044
vn -0.0000 0.9602 0.2794
vn -0.0000 0.9526 0.3043
vn -0.4712 0.8531 0.2239
vn -0.4004 0.8810 0.2522
vn -0.0001 0.9441 0.3297
vn -0.0000 0.9441 0.3297
vn -0.3926 0.8670 0.3070
vn -0.0000 0.9342 0.3568
vn -0.0001 0.9342 0.3568
vn -0.3751 0.8594 0.3475
vn -0.0000 0.9201 0.3917
vn -0.5003 0.8481 0.1746
vn -0.4435 0.8792 0.1742
vn -0.4435 0.8792 0.1743
vn -0.5018 0.8181 0.2807
vn -0.5019 0.8181 0.2807
vn -0.3581 0.8459 0.3953
vn -0.0000 0.9196 0.3928
vn -0.0000 0.9201 0.3918
vn -0.1868 0.9244 0.3327
vn -0.0000 0.9196 0.3929
vn -0.3580 0.8459 0.3953
vn -0.3620 0.8616 0.3559
vn -0.2531 0.9020 0.3499
vn -0.3711 0.8928 0.2553
vn -0.3711 0.8928 0.2552
vn -0.3751 0.8594 0.3474
vn -0.4298 0.8493 0.3064
vn -0.3926 0.8669 0.3070
vn -0.5018 0.8181 0.2808
vn 0.4712 0.8531 0.2239
vn 0.4794 0.8380 0.2607
vn 0.4004 0.8810 0.2522
vn -0.0000 0.9525 0.3044
vn 0.0001 0.9441 0.3297
vn 0.3926 0.8670 0.3070
vn 0.0001 0.9441 0.3298
vn 0.0001 0.9342 0.3568
vn 0.3751 0.8594 0.3475
vn 0.5235 0.8087 0.2684
vn 0.4794 0.8379 0.2607
vn 0.5534 0.8085 0.2001
vn 0.4435 0.8792 0.1742
vn 0.4641 0.8604 0.2105
vn 0.4435 0.8792 0.1743
vn 0.4936 0.8239 0.2785
vn -0.0000 0.9487 0.3162
vn -0.0000 0.9542 0.2992
vn 0.1895 0.9242 0.3316
vn 0.3581 0.8459 0.3953
vn 0.3635 0.8676 0.3394
vn 0.3580 0.8459 0.3953
vn 0.2950 0.9010 0.3181
vn 0.2531 0.9020 0.3499
vn 0.3750 0.8594 0.3475
vn 0.3696 0.8936 0.2546
vn 0.3751 0.8594 0.3474
vn 0.3697 0.8936 0.2546
vn 0.4298 0.8493 0.3064
vn 0.3926 0.8669 0.3070
vn 0.4937 0.8223 0.2829
vn -0.5402 0.8031 0.2512
vn 0.1895 0.9242 0.3317
vn 0.3634 0.8676 0.3394
vn -0.1868 0.9244 0.3326
vn -0.1867 0.9244 0.3327
vn -0.2892 0.9013 0.3226
vn -0.3620 0.8615 0.3559
vn -0.5727 0.7964 0.1941
vn -0.5728 0.7964 0.1940
vn -0.5003 0.8481 0.1747
vn -0.5364 0.7995 0.2701
vn -0.5402 0.8031 0.2513
vn 0.5275 0.8131 0.2462
vn 0.4712 0.8531 0.2240
vn 0.5534 0.8085 0.2002
vn 0.4556 0.8729 0.1744
vn 0.4557 0.8729 0.1744
vn 0.4641 0.8604 0.2104
vn 0.5018 0.8181 0.2807
vn 0.4640 0.8604 0.2105
vn 0.5019 0.8181 0.2807
vn 0.4898 0.8238 0.2853
vn 0.4937 0.8223 0.2830
vt 0.203359 0.982578
vt 0.213152 0.831171
vt 0.500000 1.032686
vt 0.500000 0.918855
vt 0.233774 0.553643
vt 0.500000 0.613563
vt 0.241585 0.461067
vt 0.500000 0.497243
vt 0.257834 0.268619
vt 0.500000 0.320602
vt -0.023237 0.621823
vt 0.020921 0.589913
vt -0.037988 0.444553
vt 0.287257 0.031342
vt 0.500000 0.161555
vt 0.405224 -0.009878
vt 0.293649 -0.031814
vt 0.127017 -0.053015
vt 0.038752 0.067900
vt 0.043334 0.202007
vt 0.786848 0.831172
vt 0.796632 0.982578
vt 0.766227 0.553643
vt 0.758415 0.461067
vt 0.742166 0.268619
vt 0.909963 1.016712
vt 0.955262 0.769652
vt 0.979079 0.589913
vt 0.998867 0.541085
vt 1.015059 0.453757
vt 0.500000 0.006195
vt 0.500000 -0.027743
vt 0.596159 -0.012380
vt 0.712744 0.031342
vt 0.703713 -0.057886
vt 0.808225 -0.099568
vt 0.872984 -0.053015
vt 0.961248 0.067901
vt 0.956667 0.202007
vt 1.016543 0.445819
vt 0.040680 0.947612
vt 0.182770 -0.093095
vt 0.003617 0.754630
vt 0.055940 1.026979
vt 0.926683 0.925578
vt 0.988423 0.596665
vt 1.037988 0.444553
vt 1.024174 0.403352
s 1
usemtl Number_3
f 6652/694/2391 6653/695/2392 6654/696/2393
f 6655/695/2392 6656/697/2394 6657/696/2395
f 6658/697/2396 6659/695/2397 6660/698/2398
f 6661/699/2399 6662/697/2394 6663/698/2398
f 6664/699/2400 6665/698/2398 6666/700/2401
f 6667/701/2402 6668/699/2399 6669/700/2401
f 6670/701/2403 6671/700/2401 6672/702/2404
f 6673/703/2405 6674/701/2402 6675/702/2404
f 6676/704/2406 6677/705/2407 6678/695/2397
f 6679/698/2398 6680/705/2408 6681/706/2409
f 6682/700/2401 6683/698/2398 6684/706/2410
f 6685/698/2398 6686/695/2397 6687/705/2408
f 6688/707/2411 6689/708/2412 6690/703/2413
f 6691/709/2414 6692/708/2415 6693/707/2416
f 6694/710/2417 6695/707/2416 6696/711/2418
f 6697/702/2404 6698/707/2416 6699/703/2413
f 6700/702/2404 6701/711/2418 6702/707/2416
f 6703/711/2418 6704/702/2404 6705/712/2419
f 6706/712/2420 6707/702/2421 6708/713/2422
f 6709/713/2422 6710/702/2404 6711/700/2423
f 6712/706/2424 6713/713/2422 6714/700/2401
f 6715/714/2425 6716/715/2426 6717/696/2395
f 6718/697/2396 6719/714/2425 6720/696/2393
f 6721/714/2425 6722/697/2396 6723/716/2427
f 6724/697/2428 6725/699/2429 6726/716/2427
f 6727/716/2427 6728/699/2400 6729/717/2430
f 6730/699/2431 6731/701/2402 6732/717/2430
f 6733/717/2430 6734/701/2432 6735/718/2433
f 6736/701/2402 6737/703/2405 6738/718/2433
f 6739/719/2434 6740/715/2435 6741/714/2425
f 6742/720/2436 6743/714/2425 6744/721/2437
f 6745/722/2438 6746/721/2439 6747/716/2427
f 6748/723/2440 6749/716/2427 6750/717/2430
f 6751/714/2425 6752/716/2427 6753/721/2439
f 6754/724/2441 6755/725/2442 6756/726/2443
f 6757/708/2412 6758/727/2444 6759/703/2405
f 6760/728/2445 6761/727/2446 6762/708/2412
f 6763/729/2447 6764/730/2448 6765/727/2446
f 6766/727/2446 6767/718/2449 6768/703/2413
f 6769/730/2448 6770/718/2433 6771/727/2446
f 6772/718/2433 6773/730/2448 6774/731/2450
f 6775/718/2451 6776/731/2452 6777/732/2453
f 6778/718/2433 6779/732/2453 6780/717/2454
f 6781/733/2455 6782/717/2430 6783/732/2453
f 6784/734/2456 6785/695/2392 6786/694/2391
f 6787/708/2415 6788/726/2457 6789/728/2445
f 6790/727/2446 6791/728/2458 6792/729/2447
f 6793/725/2442 6794/724/2441 6795/709/2459
f 6796/724/2441 6797/708/2412 6798/709/2460
f 6799/726/2457 6800/708/2415 6801/724/2441
f 6802/711/2418 6803/735/2461 6804/710/2417
f 6805/709/2414 6806/707/2416 6807/710/2462
f 6808/736/2463 6809/695/2392 6810/734/2456
f 6811/695/2397 6812/736/2464 6813/704/2465
f 6814/694/2391 6815/737/2466 6816/734/2467
f 6817/714/2425 6818/738/2468 6819/719/2434
f 6820/738/2468 6821/714/2469 6822/720/2470
f 6823/721/2437 6824/739/2471 6825/720/2436
f 6826/739/2472 6827/721/2437 6828/722/2473
f 6829/716/2427 6830/723/2440 6831/722/2438
f 6832/723/2440 6833/740/2474 6834/722/2475
f 6835/717/2430 6836/733/2455 6837/723/2440
f 6838/733/2455 6839/740/2476 6840/723/2440
f 6841/732/2453 6842/741/2477 6843/733/2455
f 6844/741/2477 6845/740/2476 6846/733/2478
o Bottom_16
v -1.693255 7.073202 3.490042
v -1.637352 6.853271 4.287804
v 0.000000 7.848164 3.738004
v -1.637352 6.853271 4.287804
v 0.000000 7.581889 4.382556
v 0.000000 7.848164 3.738004
v 0.000000 7.581889 4.382556
v -1.637352 6.853271 4.287804
v -1.519644 6.499936 5.796221
v 0.000000 7.051245 5.910416
v 0.000000 7.581889 4.382556
v -1.519644 6.499936 5.796221
v 0.000000 7.051245 5.910416
v -1.519644 6.499936 5.796221
v -1.475055 6.394939 6.311297
v 0.000000 6.826711 6.471848
v 0.000000 7.051245 5.910416
v -1.475055 6.394939 6.311297
v 0.000000 6.826711 6.471848
v -1.475055 6.394939 6.311297
v -1.382303 6.067512 7.280974
v 0.000000 6.505541 7.342766
v 0.000000 6.826711 6.471848
v -1.382303 6.067512 7.280974
v -2.986684 6.045379 4.924342
v -2.734622 6.162637 5.243982
v -1.637352 6.853271 4.287804
v -1.519644 6.499936 5.796221
v -2.734622 6.162637 5.243982
v -3.070880 5.836253 5.903179
v -1.475055 6.394939 6.311297
v -1.519644 6.499936 5.796221
v -3.070880 5.836253 5.903179
v -1.519644 6.499936 5.796221
v -1.637352 6.853271 4.287804
v -2.734622 6.162637 5.243982
v -1.214357 5.556133 8.376809
v 0.000000 6.209827 8.120889
v 0.000000 6.505541 7.342766
v -0.540989 5.677284 8.761633
v 0.000000 6.209827 8.120889
v -1.214357 5.556133 8.376809
v -1.177871 5.433075 8.680581
v -1.214357 5.556133 8.376809
v -2.129021 5.177441 8.584088
v -1.382303 6.067512 7.280974
v -1.214357 5.556133 8.376809
v 0.000000 6.505541 7.342766
v -1.382303 6.067512 7.280974
v -2.129021 5.177441 8.584088
v -1.214357 5.556133 8.376809
v -2.129021 5.177441 8.584088
v -1.382303 6.067512 7.280974
v -2.632845 5.276175 7.875764
v -2.632845 5.276175 7.875764
v -1.382303 6.067512 7.280974
v -2.606691 5.447751 7.147648
v -2.606691 5.447751 7.147648
v -1.382303 6.067512 7.280974
v -1.475055 6.394939 6.311297
v -3.070880 5.836253 5.903179
v -2.606691 5.447751 7.147648
v -1.475055 6.394939 6.311297
v 1.637352 6.853271 4.287804
v 1.693198 7.073202 3.490042
v 0.000000 7.848164 3.738004
v 0.000000 7.581889 4.382556
v 1.637352 6.853271 4.287804
v 0.000000 7.848164 3.738004
v 1.637352 6.853271 4.287804
v 0.000000 7.581889 4.382556
v 1.519644 6.499936 5.796221
v 0.000000 7.581889 4.382556
v 0.000000 7.051245 5.910416
v 1.519644 6.499936 5.796221
v 1.519644 6.499936 5.796221
v 0.000000 7.051245 5.910416
v 1.475055 6.394939 6.311297
v 0.000000 7.051245 5.910416
v 0.000000 6.826711 6.471848
v 1.475055 6.394939 6.311297
v 1.475055 6.394939 6.311297
v 0.000000 6.826711 6.471848
v 1.382303 6.067512 7.280974
v 0.000000 6.826711 6.471848
v 0.000000 6.505541 7.342766
v 1.382303 6.067512 7.280974
v 2.340104 6.838443 3.046887
v 1.693198 7.073202 3.490042
v 1.637352 6.853271 4.287804
v 2.598676 6.319228 4.200176
v 1.637352 6.853271 4.287804
v 2.734622 6.162637 5.243982
v 2.847575 6.053000 5.465414
v 2.734622 6.162637 5.243982
v 1.519644 6.499936 5.796221
v 2.940002 5.892248 5.894155
v 1.519644 6.499936 5.796221
v 1.475055 6.394939 6.311297
v 1.637352 6.853271 4.287804
v 1.519644 6.499936 5.796221
v 2.734622 6.162637 5.243982
v 0.000000 5.892263 8.854395
v 0.000000 5.822894 9.014625
v 0.548883 5.669513 8.770984
v 0.000000 6.209827 8.120889
v 1.214357 5.556133 8.376809
v 0.000000 6.505541 7.342766
v 1.162810 5.382277 8.805979
v 1.214357 5.556133 8.376809
v 0.000000 6.209827 8.120889
v 1.759374 5.162986 8.878610
v 2.129021 5.177441 8.584088
v 1.214357 5.556133 8.376809
v 1.214357 5.556133 8.376809
v 1.382303 6.067512 7.280974
v 0.000000 6.505541 7.342766
v 2.129021 5.177441 8.584088
v 1.382303 6.067512 7.280974
v 1.214357 5.556133 8.376809
v 1.382303 6.067512 7.280974
v 2.129021 5.177441 8.584088
v 2.632845 5.276175 7.875764
v 1.382303 6.067512 7.280974
v 2.632845 5.276175 7.875764
v 2.606691 5.447751 7.147648
v 1.382303 6.067512 7.280974
v 2.606691 5.447751 7.147648
v 1.475055 6.394939 6.311297
v 2.948469 5.879108 5.934484
v 1.475055 6.394939 6.311297
v 2.606691 5.447751 7.147648
v -2.621837 6.600356 3.283451
v -1.637352 6.853271 4.287804
v -1.693255 7.073202 3.490042
v 0.000000 6.209827 8.120889
v 0.548883 5.669513 8.770984
v 1.162810 5.382277 8.805979
v 1.214357 5.556133 8.376809
v 1.162810 5.382277 8.805979
v 1.759374 5.162986 8.878610
v 0.000000 5.822894 9.014625
v 0.000000 5.892263 8.854395
v -0.540989 5.677284 8.761633
v 0.000000 5.892263 8.854395
v 0.000000 6.209827 8.120889
v -0.540989 5.677284 8.761633
v 0.548883 5.669513 8.770984
v 0.000000 6.209827 8.120889
v 0.000000 5.892263 8.854395
v -2.129021 5.177441 8.584088
v -1.810777 5.164996 8.837653
v -1.177871 5.433075 8.680581
v -0.540989 5.677284 8.761633
v -1.214357 5.556133 8.376809
v -1.177871 5.433075 8.680581
v -2.833399 6.188834 4.178780
v -1.637352 6.853271 4.287804
v -2.621837 6.600356 3.283451
v -1.637352 6.853271 4.287804
v -2.833399 6.188834 4.178780
v -2.986684 6.045379 4.924342
v -1.693255 7.073202 3.490042
v -2.534730 6.767828 2.913585
v -2.621837 6.600356 3.283451
v 1.637352 6.853271 4.287804
v 2.435543 6.648214 3.473504
v 2.340104 6.838443 3.046887
v 2.435543 6.648214 3.473504
v 1.637352 6.853271 4.287804
v 2.598676 6.319228 4.200176
v 2.734622 6.162637 5.243982
v 2.787958 6.137825 5.176346
v 2.598676 6.319228 4.200176
v 2.787958 6.137825 5.176346
v 2.734622 6.162637 5.243982
v 2.847575 6.053000 5.465414
v 1.519644 6.499936 5.796221
v 2.940002 5.892248 5.894155
v 2.847575 6.053000 5.465414
v 2.940002 5.892248 5.894155
v 3.070880 5.836253 5.903179
v 2.847575 6.053000 5.465414
v 1.475055 6.394939 6.311297
v 2.948469 5.879108 5.934484
v 2.940002 5.892248 5.894155
v 2.948469 5.879108 5.934484
v 3.070880 5.836253 5.903179
v 2.940002 5.892248 5.894155
v 2.606691 5.447751 7.147648
v 2.992029 5.770258 6.114576
v 2.948469 5.879108 5.934484
v 2.992029 5.770258 6.114576
v 3.070880 5.836253 5.903179
v 2.948469 5.879108 5.934484
vn -0.4794 0.8382 0.2600
vn -0.4712 0.8531 0.2240
vn -0.0000 0.9602 0.2795
vn -0.0000 0.9526 0.3044
vn -0.0000 0.9602 0.2794
vn -0.0000 0.9526 0.3043
vn -0.4712 0.8531 0.2239
vn -0.4004 0.8810 0.2522
vn -0.0001 0.9441 0.3297
vn -0.0000 0.9441 0.3297
vn -0.3926 0.8670 0.3070
vn -0.0000 0.9342 0.3568
vn -0.0001 0.9342 0.3568
vn -0.3751 0.8594 0.3475
vn -0.0000 0.9201 0.3917
vn -0.5003 0.8481 0.1746
vn -0.4435 0.8792 0.1742
vn -0.4435 0.8792 0.1743
vn -0.5018 0.8181 0.2807
vn -0.5019 0.8181 0.2807
vn -0.3581 0.8459 0.3953
vn -0.0000 0.9196 0.3928
vn -0.0000 0.9201 0.3918
vn -0.1868 0.9244 0.3327
vn -0.0000 0.9196 0.3929
vn -0.3580 0.8459 0.3953
vn -0.3620 0.8616 0.3559
vn -0.2531 0.9020 0.3499
vn -0.3711 0.8928 0.2553
vn -0.3711 0.8928 0.2552
vn -0.3751 0.8594 0.3474
vn -0.4298 0.8493 0.3064
vn -0.3926 0.8669 0.3070
vn -0.5018 0.8181 0.2808
vn 0.4712 0.8531 0.2239
vn 0.4794 0.8380 0.2607
vn 0.4004 0.8810 0.2522
vn -0.0000 0.9525 0.3044
vn 0.0001 0.9441 0.3297
vn 0.3926 0.8670 0.3070
vn 0.0001 0.9441 0.3298
vn 0.0001 0.9342 0.3568
vn 0.3751 0.8594 0.3475
vn 0.5235 0.8087 0.2684
vn 0.4794 0.8379 0.2607
vn 0.5534 0.8085 0.2001
vn 0.4435 0.8792 0.1742
vn 0.4641 0.8604 0.2105
vn 0.4435 0.8792 0.1743
vn 0.4936 0.8239 0.2785
vn -0.0000 0.9487 0.3162
vn -0.0000 0.9542 0.2992
vn 0.1895 0.9242 0.3316
vn 0.3581 0.8459 0.3953
vn 0.3635 0.8676 0.3394
vn 0.3580 0.8459 0.3953
vn 0.2950 0.9010 0.3181
vn 0.2531 0.9020 0.3499
vn 0.3750 0.8594 0.3475
vn 0.3696 0.8936 0.2546
vn 0.3751 0.8594 0.3474
vn 0.3697 0.8936 0.2546
vn 0.4298 0.8493 0.3064
vn 0.3926 0.8669 0.3070
vn 0.4937 0.8223 0.2829
vn -0.5402 0.8031 0.2512
vn 0.1895 0.9242 0.3317
vn 0.3634 0.8676 0.3394
vn -0.1868 0.9244 0.3326
vn -0.1867 0.9244 0.3327
vn -0.2892 0.9013 0.3226
vn -0.3620 0.8615 0.3559
vn -0.5727 0.7964 0.1941
vn -0.5728 0.7964 0.1940
vn -0.5003 0.8481 0.1747
vn -0.5364 0.7995 0.2701
vn -0.5402 0.8031 0.2513
vn 0.5275 0.8131 0.2462
vn 0.4712 0.8531 0.2240
vn 0.5534 0.8085 0.2002
vn 0.4556 0.8729 0.1744
vn 0.4557 0.8729 0.1744
vn 0.4641 0.8604 0.2104
vn 0.5018 0.8181 0.2807
vn 0.4640 0.8604 0.2105
vn 0.5019 0.8181 0.2807
vn 0.4898 0.8238 0.2853
vn 0.4937 0.8223 0.2830
vt 0.203359 0.982578
vt 0.213152 0.831171
vt 0.500000 1.032686
vt 0.500000 0.918855
vt 0.233774 0.553643
vt 0.500000 0.613563
vt 0.241585 0.461067
vt 0.500000 0.497243
vt 0.257834 0.268619
vt 0.500000 0.320602
vt -0.023237 0.621823
vt 0.020921 0.589913
vt -0.037988 0.444553
vt 0.287257 0.031342
vt 0.500000 0.161555
vt 0.405224 -0.009878
vt 0.293649 -0.031814
vt 0.127017 -0.053015
vt 0.038752 0.067900
vt 0.043334 0.202007
vt 0.786848 0.831172
vt 0.796632 0.982578
vt 0.766227 0.553643
vt 0.758415 0.461067
vt 0.742166 0.268619
vt 0.909963 1.016712
vt 0.955262 0.769652
vt 0.979079 0.589913
vt 0.998867 0.541085
vt 1.015059 0.453757
vt 0.500000 0.006195
vt 0.500000 -0.027743
vt 0.596159 -0.012380
vt 0.712744 0.031342
vt 0.703713 -0.057886
vt 0.808225 -0.099568
vt 0.872984 -0.053015
vt 0.961248 0.067901
vt 0.956667 0.202007
vt 1.016543 0.445819
vt 0.040680 0.947612
vt 0.182770 -0.093095
vt 0.003617 0.754630
vt 0.055940 1.026979
vt 0.926683 0.925578
vt 0.988423 0.596665
vt 1.037988 0.444553
vt 1.024174 0.403352
s 1
usemtl Number_4
f 6847/742/2479 6848/743/2480 6849/744/2481
f 6850/743/2480 6851/745/2482 6852/744/2483
f 6853/745/2484 6854/743/2485 6855/746/2486
f 6856/747/2487 6857/745/2482 6858/746/2486
f 6859/747/2488 6860/746/2486 6861/748/2489
f 6862/749/2490 6863/747/2487 6864/748/2489
f 6865/749/2491 6866/748/2489 6867/750/2492
f 6868/751/2493 6869/749/2490 6870/750/2492
f 6871/752/2494 6872/753/2495 6873/743/2485
f 6874/746/2486 6875/753/2496 6876/754/2497
f 6877/748/2489 6878/746/2486 6879/754/2498
f 6880/746/2486 6881/743/2485 6882/753/2496
f 6883/755/2499 6884/756/2500 6885/751/2501
f 6886/757/2502 6887/756/2503 6888/755/2504
f 6889/758/2505 6890/755/2504 6891/759/2506
f 6892/750/2492 6893/755/2504 6894/751/2501
f 6895/750/2492 6896/759/2506 6897/755/2504
f 6898/759/2506 6899/750/2492 6900/760/2507
f 6901/760/2508 6902/750/2509 6903/761/2510
f 6904/761/2510 6905/750/2492 6906/748/2511
f 6907/754/2512 6908/761/2510 6909/748/2489
f 6910/762/2513 6911/763/2514 6912/744/2483
f 6913/745/2484 6914/762/2513 6915/744/2481
f 6916/762/2513 6917/745/2484 6918/764/2515
f 6919/745/2516 6920/747/2517 6921/764/2515
f 6922/764/2515 6923/747/2488 6924/765/2518
f 6925/747/2519 6926/749/2490 6927/765/2518
f 6928/765/2518 6929/749/2520 6930/766/2521
f 6931/749/2490 6932/751/2493 6933/766/2521
f 6934/767/2522 6935/763/2523 6936/762/2513
f 6937/768/2524 6938/762/2513 6939/769/2525
f 6940/770/2526 6941/769/2527 6942/764/2515
f 6943/771/2528 6944/764/2515 6945/765/2518
f 6946/762/2513 6947/764/2515 6948/769/2527
f 6949/772/2529 6950/773/2530 6951/774/2531
f 6952/756/2500 6953/775/2532 6954/751/2493
f 6955/776/2533 6956/775/2534 6957/756/2500
f 6958/777/2535 6959/778/2536 6960/775/2534
f 6961/775/2534 6962/766/2537 6963/751/2501
f 6964/778/2536 6965/766/2521 6966/775/2534
f 6967/766/2521 6968/778/2536 6969/779/2538
f 6970/766/2539 6971/779/2540 6972/780/2541
f 6973/766/2521 6974/780/2541 6975/765/2542
f 6976/781/2543 6977/765/2518 6978/780/2541
f 6979/782/2544 6980/743/2480 6981/742/2479
f 6982/756/2503 6983/774/2545 6984/776/2533
f 6985/775/2534 6986/776/2546 6987/777/2535
f 6988/773/2530 6989/772/2529 6990/757/2547
f 6991/772/2529 6992/756/2500 6993/757/2548
f 6994/774/2545 6995/756/2503 6996/772/2529
f 6997/759/2506 6998/783/2549 6999/758/2505
f 7000/757/2502 7001/755/2504 7002/758/2550
f 7003/784/2551 7004/743/2480 7005/782/2544
f 7006/743/2485 7007/784/2552 7008/752/2553
f 7009/742/2479 7010/785/2554 7011/782/2555
f 7012/762/2513 7013/786/2556 7014/767/2522
f 7015/786/2556 7016/762/2557 7017/768/2558
f 7018/769/2525 7019/787/2559 7020/768/2524
f 7021/787/2560 7022/769/2525 7023/770/2561
f 7024/764/2515 7025/771/2528 7026/770/2526
f 7027/771/2528 7028/788/2562 7029/770/2563
f 7030/765/2518 7031/781/2543 7032/771/2528
f 7033/781/2543 7034/788/2564 7035/771/2528
f 7036/780/2541 7037/789/2565 7038/781/2543
f 7039/789/2565 7040/788/2564 7041/781/2566
o Bottom_17
v -1.693255 7.073202 3.490042
v -1.637352 6.853271 4.287804
v 0.000000 7.848164 3.738004
v -1.637352 6.853271 4.287804
v 0.000000 7.581889 4.382556
v 0.000000 7.848164 3.738004
v 0.000000 7.581889 4.382556
v -1.637352 6.853271 4.287804
v -1.519644 6.499936 5.796221
v 0.000000 7.051245 5.910416
v 0.000000 7.581889 4.382556
v -1.519644 6.499936 5.796221
v 0.000000 7.051245 5.910416
v -1.519644 6.499936 5.796221
v -1.475055 6.394939 6.311297
v 0.000000 6.826711 6.471848
v 0.000000 7.051245 5.910416
v -1.475055 6.394939 6.311297
v 0.000000 6.826711 6.471848
v -1.475055 6.394939 6.311297
v -1.382303 6.067512 7.280974
v 0.000000 6.505541 7.342766
v 0.000000 6.826711 6.471848
v -1.382303 6.067512 7.280974
v -2.986684 6.045379 4.924342
v -2.734622 6.162637 5.243982
v -1.637352 6.853271 4.287804
v -1.519644 6.499936 5.796221
v -2.734622 6.162637 5.243982
v -3.070880 5.836253 5.903179
v -1.475055 6.394939 6.311297
v -1.519644 6.499936 5.796221
v -3.070880 5.836253 5.903179
v -1.519644 6.499936 5.796221
v -1.637352 6.853271 4.287804
v -2.734622 6.162637 5.243982
v -1.214357 5.556133 8.376809
v 0.000000 6.209827 8.120889
v 0.000000 6.505541 7.342766
v -0.540989 5.677284 8.761633
v 0.000000 6.209827 8.120889
v -1.214357 5.556133 8.376809
v -1.177871 5.433075 8.680581
v -1.214357 5.556133 8.376809
v -2.129021 5.177441 8.584088
v -1.382303 6.067512 7.280974
v -1.214357 5.556133 8.376809
v 0.000000 6.505541 7.342766
v -1.382303 6.067512 7.280974
v -2.129021 5.177441 8.584088
v -1.214357 5.556133 8.376809
v -2.129021 5.177441 8.584088
v -1.382303 6.067512 7.280974
v -2.632845 5.276175 7.875764
v -2.632845 5.276175 7.875764
v -1.382303 6.067512 7.280974
v -2.606691 5.447751 7.147648
v -2.606691 5.447751 7.147648
v -1.382303 6.067512 7.280974
v -1.475055 6.394939 6.311297
v -3.070880 5.836253 5.903179
v -2.606691 5.447751 7.147648
v -1.475055 6.394939 6.311297
v 1.637352 6.853271 4.287804
v 1.693198 7.073202 3.490042
v 0.000000 7.848164 3.738004
v 0.000000 7.581889 4.382556
v 1.637352 6.853271 4.287804
v 0.000000 7.848164 3.738004
v 1.637352 6.853271 4.287804
v 0.000000 7.581889 4.382556
v 1.519644 6.499936 5.796221
v 0.000000 7.581889 4.382556
v 0.000000 7.051245 5.910416
v 1.519644 6.499936 5.796221
v 1.519644 6.499936 5.796221
v 0.000000 7.051245 5.910416
v 1.475055 6.394939 6.311297
v 0.000000 7.051245 5.910416
v 0.000000 6.826711 6.471848
v 1.475055 6.394939 6.311297
v 1.475055 6.394939 6.311297
v 0.000000 6.826711 6.471848
v 1.382303 6.067512 7.280974
v 0.000000 6.826711 6.471848
v 0.000000 6.505541 7.342766
v 1.382303 6.067512 7.280974
v 2.340104 6.838443 3.046887
v 1.693198 7.073202 3.490042
v 1.637352 6.853271 4.287804
v 2.598676 6.319228 4.200176
v 1.637352 6.853271 4.287804
v 2.734622 6.162637 5.243982
v 2.847575 6.053000 5.465414
v 2.734622 6.162637 5.243982
v 1.519644 6.499936 5.796221
v 2.940002 5.892248 5.894155
v 1.519644 6.499936 5.796221
v 1.475055 6.394939 6.311297
v 1.637352 6.853271 4.287804
v 1.519644 6.499936 5.796221
v 2.734622 6.162637 5.243982
v 0.000000 5.892263 8.854395
v 0.000000 5.822894 9.014625
v 0.548883 5.669513 8.770984
v 0.000000 6.209827 8.120889
v 1.214357 5.556133 8.376809
v 0.000000 6.505541 7.342766
v 1.162810 5.382277 8.805979
v 1.214357 5.556133 8.376809
v 0.000000 6.209827 8.120889
v 1.759374 5.162986 8.878610
v 2.129021 5.177441 8.584088
v 1.214357 5.556133 8.376809
v 1.214357 5.556133 8.376809
v 1.382303 6.067512 7.280974
v 0.000000 6.505541 7.342766
v 2.129021 5.177441 8.584088
v 1.382303 6.067512 7.280974
v 1.214357 5.556133 8.376809
v 1.382303 6.067512 7.280974
v 2.129021 5.177441 8.584088
v 2.632845 5.276175 7.875764
v 1.382303 6.067512 7.280974
v 2.632845 5.276175 7.875764
v 2.606691 5.447751 7.147648
v 1.382303 6.067512 7.280974
v 2.606691 5.447751 7.147648
v 1.475055 6.394939 6.311297
v 2.948469 5.879108 5.934484
v 1.475055 6.394939 6.311297
v 2.606691 5.447751 7.147648
v -2.621837 6.600356 3.283451
v -1.637352 6.853271 4.287804
v -1.693255 7.073202 3.490042
v 0.000000 6.209827 8.120889
v 0.548883 5.669513 8.770984
v 1.162810 5.382277 8.805979
v 1.214357 5.556133 8.376809
v 1.162810 5.382277 8.805979
v 1.759374 5.162986 8.878610
v 0.000000 5.822894 9.014625
v 0.000000 5.892263 8.854395
v -0.540989 5.677284 8.761633
v 0.000000 5.892263 8.854395
v 0.000000 6.209827 8.120889
v -0.540989 5.677284 8.761633
v 0.548883 5.669513 8.770984
v 0.000000 6.209827 8.120889
v 0.000000 5.892263 8.854395
v -2.129021 5.177441 8.584088
v -1.810777 5.164996 8.837653
v -1.177871 5.433075 8.680581
v -0.540989 5.677284 8.761633
v -1.214357 5.556133 8.376809
v -1.177871 5.433075 8.680581
v -2.833399 6.188834 4.178780
v -1.637352 6.853271 4.287804
v -2.621837 6.600356 3.283451
v -1.637352 6.853271 4.287804
v -2.833399 6.188834 4.178780
v -2.986684 6.045379 4.924342
v -1.693255 7.073202 3.490042
v -2.534730 6.767828 2.913585
v -2.621837 6.600356 3.283451
v 1.637352 6.853271 4.287804
v 2.435543 6.648214 3.473504
v 2.340104 6.838443 3.046887
v 2.435543 6.648214 3.473504
v 1.637352 6.853271 4.287804
v 2.598676 6.319228 4.200176
v 2.734622 6.162637 5.243982
v 2.787958 6.137825 5.176346
v 2.598676 6.319228 4.200176
v 2.787958 6.137825 5.176346
v 2.734622 6.162637 5.243982
v 2.847575 6.053000 5.465414
v 1.519644 6.499936 5.796221
v 2.940002 5.892248 5.894155
v 2.847575 6.053000 5.465414
v 2.940002 5.892248 5.894155
v 3.070880 5.836253 5.903179
v 2.847575 6.053000 5.465414
v 1.475055 6.394939 6.311297
v 2.948469 5.879108 5.934484
v 2.940002 5.892248 5.894155
v 2.948469 5.879108 5.934484
v 3.070880 5.836253 5.903179
v 2.940002 5.892248 5.894155
v 2.606691 5.447751 7.147648
v 2.992029 5.770258 6.114576
v 2.948469 5.879108 5.934484
v 2.992029 5.770258 6.114576
v 3.070880 5.836253 5.903179
v 2.948469 5.879108 5.934484
vn -0.4794 0.8382 0.2600
vn -0.4712 0.8531 0.2240
vn -0.0000 0.9602 0.2795
vn -0.0000 0.9526 0.3044
vn -0.0000 0.9602 0.2794
vn -0.0000 0.9526 0.3043
vn -0.4712 0.8531 0.2239
vn -0.4004 0.8810 0.2522
vn -0.0001 0.9441 0.3297
vn -0.0000 0.9441 0.3297
vn -0.3926 0.8670 0.3070
vn -0.0000 0.9342 0.3568
vn -0.0001 0.9342 0.3568
vn -0.3751 0.8594 0.3475
vn -0.0000 0.9201 0.3917
vn -0.5003 0.8481 0.1746
vn -0.4435 0.8792 0.1742
vn -0.4435 0.8792 0.1743
vn -0.5018 0.8181 0.2807
vn -0.5019 0.8181 0.2807
vn -0.3581 0.8459 0.3953
vn -0.0000 0.9196 0.3928
vn -0.0000 0.9201 0.3918
vn -0.1868 0.9244 0.3327
vn -0.0000 0.9196 0.3929
vn -0.3580 0.8459 0.3953
vn -0.3620 0.8616 0.3559
vn -0.2531 0.9020 0.3499
vn -0.3711 0.8928 0.2553
vn -0.3711 0.8928 0.2552
vn -0.3751 0.8594 0.3474
vn -0.4298 0.8493 0.3064
vn -0.3926 0.8669 0.3070
vn -0.5018 0.8181 0.2808
vn 0.4712 0.8531 0.2239
vn 0.4794 0.8380 0.2607
vn 0.4004 0.8810 0.2522
vn -0.0000 0.9525 0.3044
vn 0.0001 0.9441 0.3297
vn 0.3926 0.8670 0.3070
vn 0.0001 0.9441 0.3298
vn 0.0001 0.9342 0.3568
vn 0.3751 0.8594 0.3475
vn 0.5235 0.8087 0.2684
vn 0.4794 0.8379 0.2607
vn 0.5534 0.8085 0.2001
vn 0.4435 0.8792 0.1742
vn 0.4641 0.8604 0.2105
vn 0.4435 0.8792 0.1743
vn 0.4936 0.8239 0.2785
vn -0.0000 0.9487 0.3162
vn -0.0000 0.9542 0.2992
vn 0.1895 0.9242 0.3316
vn 0.3581 0.8459 0.3953
vn 0.3635 0.8676 0.3394
vn 0.3580 0.8459 0.3953
vn 0.2950 0.9010 0.3181
vn 0.2531 0.9020 0.3499
vn 0.3750 0.8594 0.3475
vn 0.3696 0.8936 0.2546
vn 0.3751 0.8594 0.3474
vn 0.3697 0.8936 0.2546
vn 0.4298 0.8493 0.3064
vn 0.3926 0.8669 0.3070
vn 0.4937 0.8223 0.2829
vn -0.5402 0.8031 0.2512
vn 0.1895 0.9242 0.3317
vn 0.3634 0.8676 0.3394
vn -0.1868 0.9244 0.3326
vn -0.1867 0.9244 0.3327
vn -0.2892 0.9013 0.3226
vn -0.3620 0.8615 0.3559
vn -0.5727 0.7964 0.1941
vn -0.5728 0.7964 0.1940
vn -0.5003 0.8481 0.1747
vn -0.5364 0.7995 0.2701
vn -0.5402 0.8031 0.2513
vn 0.5275 0.8131 0.2462
vn 0.4712 0.8531 0.2240
vn 0.5534 0.8085 0.2002
vn 0.4556 0.8729 0.1744
vn 0.4557 0.8729 0.1744
vn 0.4641 0.8604 0.2104
vn 0.5018 0.8181 0.2807
vn 0.4640 0.8604 0.2105
vn 0.5019 0.8181 0.2807
vn 0.4898 0.8238 0.2853
vn 0.4937 0.8223 0.2830
vt 0.203359 0.982578
vt 0.213152 0.831171
vt 0.500000 1.032686
vt 0.500000 0.918855
vt 0.233774 0.553643
vt 0.500000 0.613563
vt 0.241585 0.461067
vt 0.500000 0.497243
vt 0.257834 0.268619
vt 0.500000 0.320602
vt -0.023237 0.621823
vt 0.020921 0.589913
vt -0.037988 0.444553
vt 0.287257 0.031342
vt 0.500000 0.161555
vt 0.405224 -0.009878
vt 0.293649 -0.031814
vt 0.127017 -0.053015
vt 0.038752 0.067900
vt 0.043334 0.202007
vt 0.786848 0.831172
vt 0.796632 0.982578
vt 0.766227 0.553643
vt 0.758415 0.461067
vt 0.742166 0.268619
vt 0.909963 1.016712
vt 0.955262 0.769652
vt 0.979079 0.589913
vt 0.998867 0.541085
vt 1.015059 0.453757
vt 0.500000 0.006195
vt 0.500000 -0.027743
vt 0.596159 -0.012380
vt 0.712744 0.031342
vt 0.703713 -0.057886
vt 0.808225 -0.099568
vt 0.872984 -0.053015
vt 0.961248 0.067901
vt 0.956667 0.202007
vt 1.016543 0.445819
vt 0.040680 0.947612
vt 0.182770 -0.093095
vt 0.003617 0.754630
vt 0.055940 1.026979
vt 0.926683 0.925578
vt 0.988423 0.596665
vt 1.037988 0.444553
vt 1.024174 0.403352
s 1
usemtl Number_5
f 7042/790/2567 7043/791/2568 7044/792/2569
f 7045/791/2568 7046/793/2570 7047/792/2571
f 7048/793/2572 7049/791/2573 7050/794/2574
f 7051/795/2575 7052/793/2570 7053/794/2574
f 7054/795/2576 7055/794/2574 7056/796/2577
f 7057/797/2578 7058/795/2575 7059/796/2577
f 7060/797/2579 7061/796/2577 7062/798/2580
f 7063/799/2581 7064/797/2578 7065/798/2580
f 7066/800/2582 7067/801/2583 7068/791/2573
f 7069/794/2574 7070/801/2584 7071/802/2585
f 7072/796/2577 7073/794/2574 7074/802/2586
f 7075/794/2574 7076/791/2573 7077/801/2584
f 7078/803/2587 7079/804/2588 7080/799/2589
f 7081/805/2590 7082/804/2591 7083/803/2592
f 7084/806/2593 7085/803/2592 7086/807/2594
f 7087/798/2580 7088/803/2592 7089/799/2589
f 7090/798/2580 7091/807/2594 7092/803/2592
f 7093/807/2594 7094/798/2580 7095/808/2595
f 7096/808/2596 7097/798/2597 7098/809/2598
f 7099/809/2598 7100/798/2580 7101/796/2599
f 7102/802/2600 7103/809/2598 7104/796/2577
f 7105/810/2601 7106/811/2602 7107/792/2571
f 7108/793/2572 7109/810/2601 7110/792/2569
f 7111/810/2601 7112/793/2572 7113/812/2603
f 7114/793/2604 7115/795/2605 7116/812/2603
f 7117/812/2603 7118/795/2576 7119/813/2606
f 7120/795/2607 7121/797/2578 7122/813/2606
f 7123/813/2606 7124/797/2608 7125/814/2609
f 7126/797/2578 7127/799/2581 7128/814/2609
f 7129/815/2610 7130/811/2611 7131/810/2601
f 7132/816/2612 7133/810/2601 7134/817/2613
f 7135/818/2614 7136/817/2615 7137/812/2603
f 7138/819/2616 7139/812/2603 7140/813/2606
f 7141/810/2601 7142/812/2603 7143/817/2615
f 7144/820/2617 7145/821/2618 7146/822/2619
f 7147/804/2588 7148/823/2620 7149/799/2581
f 7150/824/2621 7151/823/2622 7152/804/2588
f 7153/825/2623 7154/826/2624 7155/823/2622
f 7156/823/2622 7157/814/2625 7158/799/2589
f 7159/826/2624 7160/814/2609 7161/823/2622
f 7162/814/2609 7163/826/2624 7164/827/2626
f 7165/814/2627 7166/827/2628 7167/828/2629
f 7168/814/2609 7169/828/2629 7170/813/2630
f 7171/829/2631 7172/813/2606 7173/828/2629
f 7174/830/2632 7175/791/2568 7176/790/2567
f 7177/804/2591 7178/822/2633 7179/824/2621
f 7180/823/2622 7181/824/2634 7182/825/2623
f 7183/821/2618 7184/820/2617 7185/805/2635
f 7186/820/2617 7187/804/2588 7188/805/2636
f 7189/822/2633 7190/804/2591 7191/820/2617
f 7192/807/2594 7193/831/2637 7194/806/2593
f 7195/805/2590 7196/803/2592 7197/806/2638
f 7198/832/2639 7199/791/2568 7200/830/2632
f 7201/791/2573 7202/832/2640 7203/800/2641
f 7204/790/2567 7205/833/2642 7206/830/2643
f 7207/810/2601 7208/834/2644 7209/815/2610
f 7210/834/2644 7211/810/2645 7212/816/2646
f 7213/817/2613 7214/835/2647 7215/816/2612
f 7216/835/2648 7217/817/2613 7218/818/2649
f 7219/812/2603 7220/819/2616 7221/818/2614
f 7222/819/2616 7223/836/2650 7224/818/2651
f 7225/813/2606 7226/829/2631 7227/819/2616
f 7228/829/2631 7229/836/2652 7230/819/2616
f 7231/828/2629 7232/837/2653 7233/829/2631
f 7234/837/2653 7235/836/2652 7236/829/2654
o Bottom_18
v -1.693255 7.073202 3.490042
v -1.637352 6.853271 4.287804
v 0.000000 7.848164 3.738004
v -1.637352 6.853271 4.287804
v 0.000000 7.581889 4.382556
v 0.000000 7.848164 3.738004
v 0.000000 7.581889 4.382556
v -1.637352 6.853271 4.287804
v -1.519644 6.499936 5.796221
v 0.000000 7.051245 5.910416
v 0.000000 7.581889 4.382556
v -1.519644 6.499936 5.796221
v 0.000000 7.051245 5.910416
v -1.519644 6.499936 5.796221
v -1.475055 6.394939 6.311297
v 0.000000 6.826711 6.471848
v 0.000000 7.051245 5.910416
v -1.475055 6.394939 6.311297
v 0.000000 6.826711 6.471848
v -1.475055 6.394939 6.311297
v -1.382303 6.067512 7.280974
v 0.000000 6.505541 7.342766
v 0.000000 6.826711 6.471848
v -1.382303 6.067512 7.280974
v -2.986684 6.045379 4.924342
v -2.734622 6.162637 5.243982
v -1.637352 6.853271 4.287804
v -1.519644 6.499936 5.796221
v -2.734622 6.162637 5.243982
v -3.070880 5.836253 5.903179
v -1.475055 6.394939 6.311297
v -1.519644 6.499936 5.796221
v -3.070880 5.836253 5.903179
v -1.519644 6.499936 5.796221
v -1.637352 6.853271 4.287804
v -2.734622 6.162637 5.243982
v -1.214357 5.556133 8.376809
v 0.000000 6.209827 8.120889
v 0.000000 6.505541 7.342766
v -0.540989 5.677284 8.761633
v 0.000000 6.209827 8.120889
v -1.214357 5.556133 8.376809
v -1.177871 5.433075 8.680581
v -1.214357 5.556133 8.376809
v -2.129021 5.177441 8.584088
v -1.382303 6.067512 7.280974
v -1.214357 5.556133 8.376809
v 0.000000 6.505541 7.342766
v -1.382303 6.067512 7.280974
v -2.129021 5.177441 8.584088
v -1.214357 5.556133 8.376809
v -2.129021 5.177441 8.584088
v -1.382303 6.067512 7.280974
v -2.632845 5.276175 7.875764
v -2.632845 5.276175 7.875764
v -1.382303 6.067512 7.280974
v -2.606691 5.447751 7.147648
v -2.606691 5.447751 7.147648
v -1.382303 6.067512 7.280974
v -1.475055 6.394939 6.311297
v -3.070880 5.836253 5.903179
v -2.606691 5.447751 7.147648
v -1.475055 6.394939 6.311297
v 1.637352 6.853271 4.287804
v 1.693198 7.073202 3.490042
v 0.000000 7.848164 3.738004
v 0.000000 7.581889 4.382556
v 1.637352 6.853271 4.287804
v 0.000000 7.848164 3.738004
v 1.637352 6.853271 4.287804
v 0.000000 7.581889 4.382556
v 1.519644 6.499936 5.796221
v 0.000000 7.581889 4.382556
v 0.000000 7.051245 5.910416
v 1.519644 6.499936 5.796221
v 1.519644 6.499936 5.796221
v 0.000000 7.051245 5.910416
v 1.475055 6.394939 6.311297
v 0.000000 7.051245 5.910416
v 0.000000 6.826711 6.471848
v 1.475055 6.394939 6.311297
v 1.475055 6.394939 6.311297
v 0.000000 6.826711 6.471848
v 1.382303 6.067512 7.280974
v 0.000000 6.826711 6.471848
v 0.000000 6.505541 7.342766
v 1.382303 6.067512 7.280974
v 2.340104 6.838443 3.046887
v 1.693198 7.073202 3.490042
v 1.637352 6.853271 4.287804
v 2.598676 6.319228 4.200176
v 1.637352 6.853271 4.287804
v 2.734622 6.162637 5.243982
v 2.847575 6.053000 5.465414
v 2.734622 6.162637 5.243982
v 1.519644 6.499936 5.796221
v 2.940002 5.892248 5.894155
v 1.519644 6.499936 5.796221
v 1.475055 6.394939 6.311297
v 1.637352 6.853271 4.287804
v 1.519644 6.499936 5.796221
v 2.734622 6.162637 5.243982
v 0.000000 5.892263 8.854395
v 0.000000 5.822894 9.014625
v 0.548883 5.669513 8.770984
v 0.000000 6.209827 8.120889
v 1.214357 5.556133 8.376809
v 0.000000 6.505541 7.342766
v 1.162810 5.382277 8.805979
v 1.214357 5.556133 8.376809
v 0.000000 6.209827 8.120889
v 1.759374 5.162986 8.878610
v 2.129021 5.177441 8.584088
v 1.214357 5.556133 8.376809
v 1.214357 5.556133 8.376809
v 1.382303 6.067512 7.280974
v 0.000000 6.505541 7.342766
v 2.129021 5.177441 8.584088
v 1.382303 6.067512 7.280974
v 1.214357 5.556133 8.376809
v 1.382303 6.067512 7.280974
v 2.129021 5.177441 8.584088
v 2.632845 5.276175 7.875764
v 1.382303 6.067512 7.280974
v 2.632845 5.276175 7.875764
v 2.606691 5.447751 7.147648
v 1.382303 6.067512 7.280974
v 2.606691 5.447751 7.147648
v 1.475055 6.394939 6.311297
v 2.948469 5.879108 5.934484
v 1.475055 6.394939 6.311297
v 2.606691 5.447751 7.147648
v -2.621837 6.600356 3.283451
v -1.637352 6.853271 4.287804
v -1.693255 7.073202 3.490042
v 0.000000 6.209827 8.120889
v 0.548883 5.669513 8.770984
v 1.162810 5.382277 8.805979
v 1.214357 5.556133 8.376809
v 1.162810 5.382277 8.805979
v 1.759374 5.162986 8.878610
v 0.000000 5.822894 9.014625
v 0.000000 5.892263 8.854395
v -0.540989 5.677284 8.761633
v 0.000000 5.892263 8.854395
v 0.000000 6.209827 8.120889
v -0.540989 5.677284 8.761633
v 0.548883 5.669513 8.770984
v 0.000000 6.209827 8.120889
v 0.000000 5.892263 8.854395
v -2.129021 5.177441 8.584088
v -1.810777 5.164996 8.837653
v -1.177871 5.433075 8.680581
v -0.540989 5.677284 8.761633
v -1.214357 5.556133 8.376809
v -1.177871 5.433075 8.680581
v -2.833399 6.188834 4.178780
v -1.637352 6.853271 4.287804
v -2.621837 6.600356 3.283451
v -1.637352 6.853271 4.287804
v -2.833399 6.188834 4.178780
v -2.986684 6.045379 4.924342
v -1.693255 7.073202 3.490042
v -2.534730 6.767828 2.913585
v -2.621837 6.600356 3.283451
v 1.637352 6.853271 4.287804
v 2.435543 6.648214 3.473504
v 2.340104 6.838443 3.046887
v 2.435543 6.648214 3.473504
v 1.637352 6.853271 4.287804
v 2.598676 6.319228 4.200176
v 2.734622 6.162637 5.243982
v 2.787958 6.137825 5.176346
v 2.598676 6.319228 4.200176
v 2.787958 6.137825 5.176346
v 2.734622 6.162637 5.243982
v 2.847575 6.053000 5.465414
v 1.519644 6.499936 5.796221
v 2.940002 5.892248 5.894155
v 2.847575 6.053000 5.465414
v 2.940002 5.892248 5.894155
v 3.070880 5.836253 5.903179
v 2.847575 6.053000 5.465414
v 1.475055 6.394939 6.311297
v 2.948469 5.879108 5.934484
v 2.940002 5.892248 5.894155
v 2.948469 5.879108 5.934484
v 3.070880 5.836253 5.903179
v 2.940002 5.892248 5.894155
v 2.606691 5.447751 7.147648
v 2.992029 5.770258 6.114576
v 2.948469 5.879108 5.934484
v 2.992029 5.770258 6.114576
v 3.070880 5.836253 5.903179
v 2.948469 5.879108 5.934484
vn -0.4794 0.8382 0.2600
vn -0.4712 0.8531 0.2240
vn -0.0000 0.9602 0.2795
vn -0.0000 0.9526 0.3044
vn -0.0000 0.9602 0.2794
vn -0.0000 0.9526 0.3043
vn -0.4712 0.8531 0.2239
vn -0.4004 0.8810 0.2522
vn -0.0001 0.9441 0.3297
vn -0.0000 0.9441 0.3297
vn -0.3926 0.8670 0.3070
vn -0.0000 0.9342 0.3568
vn -0.0001 0.9342 0.3568
vn -0.3751 0.8594 0.3475
vn -0.0000 0.9201 0.3917
vn -0.5003 0.8481 0.1746
vn -0.4435 0.8792 0.1742
vn -0.4435 0.8792 0.1743
vn -0.5018 0.8181 0.2807
vn -0.5019 0.8181 0.2807
vn -0.3581 0.8459 0.3953
vn -0.0000 0.9196 0.3928
vn -0.0000 0.9201 0.3918
vn -0.1868 0.9244 0.3327
vn -0.0000 0.9196 0.3929
vn -0.3580 0.8459 0.3953
vn -0.3620 0.8616 0.3559
vn -0.2531 0.9020 0.3499
vn -0.3711 0.8928 0.2553
vn -0.3711 0.8928 0.2552
vn -0.3751 0.8594 0.3474
vn -0.4298 0.8493 0.3064
vn -0.3926 0.8669 0.3070
vn -0.5018 0.8181 0.2808
vn 0.4712 0.8531 0.2239
vn 0.4794 0.8380 0.2607
vn 0.4004 0.8810 0.2522
vn -0.0000 0.9525 0.3044
vn 0.0001 0.9441 0.3297
vn 0.3926 0.8670 0.3070
vn 0.0001 0.9441 0.3298
vn 0.0001 0.9342 0.3568
vn 0.3751 0.8594 0.3475
vn 0.5235 0.8087 0.2684
vn 0.4794 0.8379 0.2607
vn 0.5534 0.8085 0.2001
vn 0.4435 0.8792 0.1742
vn 0.4641 0.8604 0.2105
vn 0.4435 0.8792 0.1743
vn 0.4936 0.8239 0.2785
vn -0.0000 0.9487 0.3162
vn -0.0000 0.9542 0.2992
vn 0.1895 0.9242 0.3316
vn 0.3581 0.8459 0.3953
vn 0.3635 0.8676 0.3394
vn 0.3580 0.8459 0.3953
vn 0.2950 0.9010 0.3181
vn 0.2531 0.9020 0.3499
vn 0.3750 0.8594 0.3475
vn 0.3696 0.8936 0.2546
vn 0.3751 0.8594 0.3474
vn 0.3697 0.8936 0.2546
vn 0.4298 0.8493 0.3064
vn 0.3926 0.8669 0.3070
vn 0.4937 0.8223 0.2829
vn -0.5402 0.8031 0.2512
vn 0.1895 0.9242 0.3317
vn 0.3634 0.8676 0.3394
vn -0.1868 0.9244 0.3326
vn -0.1867 0.9244 0.3327
vn -0.2892 0.9013 0.3226
vn -0.3620 0.8615 0.3559
vn -0.5727 0.7964 0.1941
vn -0.5728 0.7964 0.1940
vn -0.5003 0.8481 0.1747
vn -0.5364 0.7995 0.2701
vn -0.5402 0.8031 0.2513
vn 0.5275 0.8131 0.2462
vn 0.4712 0.8531 0.2240
vn 0.5534 0.8085 0.2002
vn 0.4556 0.8729 0.1744
vn 0.4557 0.8729 0.1744
vn 0.4641 0.8604 0.2104
vn 0.5018 0.8181 0.2807
vn 0.4640 0.8604 0.2105
vn 0.5019 0.8181 0.2807
vn 0.4898 0.8238 0.2853
vn 0.4937 0.8223 0.2830
vt 0.203359 0.982578
vt 0.213152 0.831171
vt 0.500000 1.032686
vt 0.500000 0.918855
vt 0.233774 0.553643
vt 0.500000 0.613563
vt 0.241585 0.461067
vt 0.500000 0.497243
vt 0.257834 0.268619
vt 0.500000 0.320602
vt -0.023237 0.621823
vt 0.020921 0.589913
vt -0.037988 0.444553
vt 0.287257 0.031342
vt 0.500000 0.161555
vt 0.405224 -0.009878
vt 0.293649 -0.031814
vt 0.127017 -0.053015
vt 0.038752 0.067900
vt 0.043334 0.202007
vt 0.786848 0.831172
vt 0.796632 0.982578
vt 0.766227 0.553643
vt 0.758415 0.461067
vt 0.742166 0.268619
vt 0.909963 1.016712
vt 0.955262 0.769652
vt 0.979079 0.589913
vt 0.998867 0.541085
vt 1.015059 0.453757
vt 0.500000 0.006195
vt 0.500000 -0.027743
vt 0.596159 -0.012380
vt 0.712744 0.031342
vt 0.703713 -0.057886
vt 0.808225 -0.099568
vt 0.872984 -0.053015
vt 0.961248 0.067901
vt 0.956667 0.202007
vt 1.016543 0.445819
vt 0.040680 0.947612
vt 0.182770 -0.093095
vt 0.003617 0.754630
vt 0.055940 1.026979
vt 0.926683 0.925578
vt 0.988423 0.596665
vt 1.037988 0.444553
vt 1.024174 0.403352
s 1
usemtl Number_6
f 7237/838/2655 7238/839/2656 7239/840/2657
f 7240/839/2656 7241/841/2658 7242/840/2659
f 7243/841/2660 7244/839/2661 7245/842/2662
f 7246/843/2663 7247/841/2658 7248/842/2662
f 7249/843/2664 7250/842/2662 7251/844/2665
f 7252/845/2666 7253/843/2663 7254/844/2665
f 7255/845/2667 7256/844/2665 7257/846/2668
f 7258/847/2669 7259/845/2666 7260/846/2668
f 7261/848/2670 7262/849/2671 7263/839/2661
f 7264/842/2662 7265/849/2672 7266/850/2673
f 7267/844/2665 7268/842/2662 7269/850/2674
f 7270/842/2662 7271/839/2661 7272/849/2672
f 7273/851/2675 7274/852/2676 7275/847/2677
f 7276/853/2678 7277/852/2679 7278/851/2680
f 7279/854/2681 7280/851/2680 7281/855/2682
f 7282/846/2668 7283/851/2680 7284/847/2677
f 7285/846/2668 7286/855/2682 7287/851/2680
f 7288/855/2682 7289/846/2668 7290/856/2683
f 7291/856/2684 7292/846/2685 7293/857/2686
f 7294/857/2686 7295/846/2668 7296/844/2687
f 7297/850/2688 7298/857/2686 7299/844/2665
f 7300/858/2689 7301/859/2690 7302/840/2659
f 7303/841/2660 7304/858/2689 7305/840/2657
f 7306/858/2689 7307/841/2660 7308/860/2691
f 7309/841/2692 7310/843/2693 7311/860/2691
f 7312/860/2691 7313/843/2664 7314/861/2694
f 7315/843/2695 7316/845/2666 7317/861/2694
f 7318/861/2694 7319/845/2696 7320/862/2697
f 7321/845/2666 7322/847/2669 7323/862/2697
f 7324/863/2698 7325/859/2699 7326/858/2689
f 7327/864/2700 7328/858/2689 7329/865/2701
f 7330/866/2702 7331/865/2703 7332/860/2691
f 7333/867/2704 7334/860/2691 7335/861/2694
f 7336/858/2689 7337/860/2691 7338/865/2703
f 7339/868/2705 7340/869/2706 7341/870/2707
f 7342/852/2676 7343/871/2708 7344/847/2669
f 7345/872/2709 7346/871/2710 7347/852/2676
f 7348/873/2711 7349/874/2712 7350/871/2710
f 7351/871/2710 7352/862/2713 7353/847/2677
f 7354/874/2712 7355/862/2697 7356/871/2710
f 7357/862/2697 7358/874/2712 7359/875/2714
f 7360/862/2715 7361/875/2716 7362/876/2717
f 7363/862/2697 7364/876/2717 7365/861/2718
f 7366/877/2719 7367/861/2694 7368/876/2717
f 7369/878/2720 7370/839/2656 7371/838/2655
f 7372/852/2679 7373/870/2721 7374/872/2709
f 7375/871/2710 7376/872/2722 7377/873/2711
f 7378/869/2706 7379/868/2705 7380/853/2723
f 7381/868/2705 7382/852/2676 7383/853/2724
f 7384/870/2721 7385/852/2679 7386/868/2705
f 7387/855/2682 7388/879/2725 7389/854/2681
f 7390/853/2678 7391/851/2680 7392/854/2726
f 7393/880/2727 7394/839/2656 7395/878/2720
f 7396/839/2661 7397/880/2728 7398/848/2729
f 7399/838/2655 7400/881/2730 7401/878/2731
f 7402/858/2689 7403/882/2732 7404/863/2698
f 7405/882/2732 7406/858/2733 7407/864/2734
f 7408/865/2701 7409/883/2735 7410/864/2700
f 7411/883/2736 7412/865/2701 7413/866/2737
f 7414/860/2691 7415/867/2704 7416/866/2702
f 7417/867/2704 7418/884/2738 7419/866/2739
f 7420/861/2694 7421/877/2719 7422/867/2704
f 7423/877/2719 7424/884/2740 7425/867/2704
f 7426/876/2717 7427/885/2741 7428/877/2719
f 7429/885/2741 7430/884/2740 7431/877/2742
o Bottom_19
v -1.693255 7.073202 3.490042
v -1.637352 6.853271 4.287804
v 0.000000 7.848164 3.738004
v -1.637352 6.853271 4.287804
v 0.000000 7.581889 4.382556
v 0.000000 7.848164 3.738004
v 0.000000 7.581889 4.382556
v -1.637352 6.853271 4.287804
v -1.519644 6.499936 5.796221
v 0.000000 7.051245 5.910416
v 0.000000 7.581889 4.382556
v -1.519644 6.499936 5.796221
v 0.000000 7.051245 5.910416
v -1.519644 6.499936 5.796221
v -1.475055 6.394939 6.311297
v 0.000000 6.826711 6.471848
v 0.000000 7.051245 5.910416
v -1.475055 6.394939 6.311297
v 0.000000 6.826711 6.471848
v -1.475055 6.394939 6.311297
v -1.382303 6.067512 7.280974
v 0.000000 6.505541 7.342766
v 0.000000 6.826711 6.471848
v -1.382303 6.067512 7.280974
v -2.986684 6.045379 4.924342
v -2.734622 6.162637 5.243982
v -1.637352 6.853271 4.287804
v -1.519644 6.499936 5.796221
v -2.734622 6.162637 5.243982
v -3.070880 5.836253 5.903179
v -1.475055 6.394939 6.311297
v -1.519644 6.499936 5.796221
v -3.070880 5.836253 5.903179
v -1.519644 6.499936 5.796221
v -1.637352 6.853271 4.287804
v -2.734622 6.162637 5.243982
v -1.214357 5.556133 8.376809
v 0.000000 6.209827 8.120889
v 0.000000 6.505541 7.342766
v -0.540989 5.677284 8.761633
v 0.000000 6.209827 8.120889
v -1.214357 5.556133 8.376809
v -1.177871 5.433075 8.680581
v -1.214357 5.556133 8.376809
v -2.129021 5.177441 8.584088
v -1.382303 6.067512 7.280974
v -1.214357 5.556133 8.376809
v 0.000000 6.505541 7.342766
v -1.382303 6.067512 7.280974
v -2.129021 5.177441 8.584088
v -1.214357 5.556133 8.376809
v -2.129021 5.177441 8.584088
v -1.382303 6.067512 7.280974
v -2.632845 5.276175 7.875764
v -2.632845 5.276175 7.875764
v -1.382303 6.067512 7.280974
v -2.606691 5.447751 7.147648
v -2.606691 5.447751 7.147648
v -1.382303 6.067512 7.280974
v -1.475055 6.394939 6.311297
v -3.070880 5.836253 5.903179
v -2.606691 5.447751 7.147648
v -1.475055 6.394939 6.311297
v 1.637352 6.853271 4.287804
v 1.693198 7.073202 3.490042
v 0.000000 7.848164 3.738004
v 0.000000 7.581889 4.382556
v 1.637352 6.853271 4.287804
v 0.000000 7.848164 3.738004
v 1.637352 6.853271 4.287804
v 0.000000 7.581889 4.382556
v 1.519644 6.499936 5.796221
v 0.000000 7.581889 4.382556
v 0.000000 7.051245 5.910416
v 1.519644 6.499936 5.796221
v 1.519644 6.499936 5.796221
v 0.000000 7.051245 5.910416
v 1.475055 6.394939 6.311297
v 0.000000 7.051245 5.910416
v 0.000000 6.826711 6.471848
v 1.475055 6.394939 6.311297
v 1.475055 6.394939 6.311297
v 0.000000 6.826711 6.471848
v 1.382303 6.067512 7.280974
v 0.000000 6.826711 6.471848
v 0.000000 6.505541 7.342766
v 1.382303 6.067512 7.280974
v 2.340104 6.838443 3.046887
v 1.693198 7.073202 3.490042
v 1.637352 6.853271 4.287804
v 2.598676 6.319228 4.200176
v 1.637352 6.853271 4.287804
v 2.734622 6.162637 5.243982
v 2.847575 6.053000 5.465414
v 2.734622 6.162637 5.243982
v 1.519644 6.499936 5.796221
v 2.940002 5.892248 5.894155
v 1.519644 6.499936 5.796221
v 1.475055 6.394939 6.311297
v 1.637352 6.853271 4.287804
v 1.519644 6.499936 5.796221
v 2.734622 6.162637 5.243982
v 0.000000 5.892263 8.854395
v 0.000000 5.822894 9.014625
v 0.548883 5.669513 8.770984
v 0.000000 6.209827 8.120889
v 1.214357 5.556133 8.376809
v 0.000000 6.505541 7.342766
v 1.162810 5.382277 8.805979
v 1.214357 5.556133 8.376809
v 0.000000 6.209827 8.120889
v 1.759374 5.162986 8.878610
v 2.129021 5.177441 8.584088
v 1.214357 5.556133 8.376809
v 1.214357 5.556133 8.376809
v 1.382303 6.067512 7.280974
v 0.000000 6.505541 7.342766
v 2.129021 5.177441 8.584088
v 1.382303 6.067512 7.280974
v 1.214357 5.556133 8.376809
v 1.382303 6.067512 7.280974
v 2.129021 5.177441 8.584088
v 2.632845 5.276175 7.875764
v 1.382303 6.067512 7.280974
v 2.632845 5.276175 7.875764
v 2.606691 5.447751 7.147648
v 1.382303 6.067512 7.280974
v 2.606691 5.447751 7.147648
v 1.475055 6.394939 6.311297
v 2.948469 5.879108 5.934484
v 1.475055 6.394939 6.311297
v 2.606691 5.447751 7.147648
v -2.621837 6.600356 3.283451
v -1.637352 6.853271 4.287804
v -1.693255 7.073202 3.490042
v 0.000000 6.209827 8.120889
v 0.548883 5.669513 8.770984
v 1.162810 5.382277 8.805979
v 1.214357 5.556133 8.376809
v 1.162810 5.382277 8.805979
v 1.759374 5.162986 8.878610
v 0.000000 5.822894 9.014625
v 0.000000 5.892263 8.854395
v -0.540989 5.677284 8.761633
v 0.000000 5.892263 8.854395
v 0.000000 6.209827 8.120889
v -0.540989 5.677284 8.761633
v 0.548883 5.669513 8.770984
v 0.000000 6.209827 8.120889
v 0.000000 5.892263 8.854395
v -2.129021 5.177441 8.584088
v -1.810777 5.164996 8.837653
v -1.177871 5.433075 8.680581
v -0.540989 5.677284 8.761633
v -1.214357 5.556133 8.376809
v -1.177871 5.433075 8.680581
v -2.833399 6.188834 4.178780
v -1.637352 6.853271 4.287804
v -2.621837 6.600356 3.283451
v -1.637352 6.853271 4.287804
v -2.833399 6.188834 4.178780
v -2.986684 6.045379 4.924342
v -1.693255 7.073202 3.490042
v -2.534730 6.767828 2.913585
v -2.621837 6.600356 3.283451
v 1.637352 6.853271 4.287804
v 2.435543 6.648214 3.473504
v 2.340104 6.838443 3.046887
v 2.435543 6.648214 3.473504
v 1.637352 6.853271 4.287804
v 2.598676 6.319228 4.200176
v 2.734622 6.162637 5.243982
v 2.787958 6.137825 5.176346
v 2.598676 6.319228 4.200176
v 2.787958 6.137825 5.176346
v 2.734622 6.162637 5.243982
v 2.847575 6.053000 5.465414
v 1.519644 6.499936 5.796221
v 2.940002 5.892248 5.894155
v 2.847575 6.053000 5.465414
v 2.940002 5.892248 5.894155
v 3.070880 5.836253 5.903179
v 2.847575 6.053000 5.465414
v 1.475055 6.394939 6.311297
v 2.948469 5.879108 5.934484
v 2.940002 5.892248 5.894155
v 2.948469 5.879108 5.934484
v 3.070880 5.836253 5.903179
v 2.940002 5.892248 5.894155
v 2.606691 5.447751 7.147648
v 2.992029 5.770258 6.114576
v 2.948469 5.879108 5.934484
v 2.992029 5.770258 6.114576
v 3.070880 5.836253 5.903179
v 2.948469 5.879108 5.934484
vn -0.4794 0.8382 0.2600
vn -0.4712 0.8531 0.2240
vn -0.0000 0.9602 0.2795
vn -0.0000 0.9526 0.3044
vn -0.0000 0.9602 0.2794
vn -0.0000 0.9526 0.3043
vn -0.4712 0.8531 0.2239
vn -0.4004 0.8810 0.2522
vn -0.0001 0.9441 0.3297
vn -0.0000 0.9441 0.3297
vn -0.3926 0.8670 0.3070
vn -0.0000 0.9342 0.3568
vn -0.0001 0.9342 0.3568
vn -0.3751 0.8594 0.3475
vn -0.0000 0.9201 0.3917
vn -0.5003 0.8481 0.1746
vn -0.4435 0.8792 0.1742
vn -0.4435 0.8792 0.1743
vn -0.5018 0.8181 0.2807
vn -0.5019 0.8181 0.2807
vn -0.3581 0.8459 0.3953
vn -0.0000 0.9196 0.3928
vn -0.0000 0.9201 0.3918
vn -0.1868 0.9244 0.3327
vn -0.0000 0.9196 0.3929
vn -0.3580 0.8459 0.3953
vn -0.3620 0.8616 0.3559
vn -0.2531 0.9020 0.3499
vn -0.3711 0.8928 0.2553
vn -0.3711 0.8928 0.2552
vn -0.3751 0.8594 0.3474
vn -0.4298 0.8493 0.3064
vn -0.3926 0.8669 0.3070
vn -0.5018 0.8181 0.2808
vn 0.4712 0.8531 0.2239
vn 0.4794 0.8380 0.2607
vn 0.4004 0.8810 0.2522
vn -0.0000 0.9525 0.3044
vn 0.0001 0.9441 0.3297
vn 0.3926 0.8670 0.3070
vn 0.0001 0.9441 0.3298
vn 0.0001 0.9342 0.3568
vn 0.3751 0.8594 0.3475
vn 0.5235 0.8087 0.2684
vn 0.4794 0.8379 0.2607
vn 0.5534 0.8085 0.2001
vn 0.4435 0.8792 0.1742
vn 0.4641 0.8604 0.2105
vn 0.4435 0.8792 0.1743
vn 0.4936 0.8239 0.2785
vn -0.0000 0.9487 0.3162
vn -0.0000 0.9542 0.2992
vn 0.1895 0.9242 0.3316
vn 0.3581 0.8459 0.3953
vn 0.3635 0.8676 0.3394
vn 0.3580 0.8459 0.3953
vn 0.2950 0.9010 0.3181
vn 0.2531 0.9020 0.3499
vn 0.3750 0.8594 0.3475
vn 0.3696 0.8936 0.2546
vn 0.3751 0.8594 0.3474
vn 0.3697 0.8936 0.2546
vn 0.4298 0.8493 0.3064
vn 0.3926 0.8669 0.3070
vn 0.4937 0.8223 0.2829
vn -0.5402 0.8031 0.2512
vn 0.1895 0.9242 0.3317
vn 0.3634 0.8676 0.3394
vn -0.1868 0.9244 0.3326
vn -0.1867 0.9244 0.3327
vn -0.2892 0.9013 0.3226
vn -0.3620 0.8615 0.3559
vn -0.5727 0.7964 0.1941
vn -0.5728 0.7964 0.1940
vn -0.5003 0.8481 0.1747
vn -0.5364 0.7995 0.2701
vn -0.5402 0.8031 0.2513
vn 0.5275 0.8131 0.2462
vn 0.4712 0.8531 0.2240
vn 0.5534 0.8085 0.2002
vn 0.4556 0.8729 0.1744
vn 0.4557 0.8729 0.1744
vn 0.4641 0.8604 0.2104
vn 0.5018 0.8181 0.2807
vn 0.4640 0.8604 0.2105
vn 0.5019 0.8181 0.2807
vn 0.4898 0.8238 0.2853
vn 0.4937 0.8223 0.2830
vt 0.203359 0.982578
vt 0.213152 0.831171
vt 0.500000 1.032686
vt 0.500000 0.918855
vt 0.233774 0.553643
vt 0.500000 0.613563
vt 0.241585 0.461067
vt 0.500000 0.497243
vt 0.257834 0.268619
vt 0.500000 0.320602
vt -0.023237 0.621823
vt 0.020921 0.589913
vt -0.037988 0.444553
vt 0.287257 0.031342
vt 0.500000 0.161555
vt 0.405224 -0.009878
vt 0.293649 -0.031814
vt 0.127017 -0.053015
vt 0.038752 0.067900
vt 0.043334 0.202007
vt 0.786848 0.831172
vt 0.796632 0.982578
vt 0.766227 0.553643
vt 0.758415 0.461067
vt 0.742166 0.268619
vt 0.909963 1.016712
vt 0.955262 0.769652
vt 0.979079 0.589913
vt 0.998867 0.541085
vt 1.015059 0.453757
vt 0.500000 0.006195
vt 0.500000 -0.027743
vt 0.596159 -0.012380
vt 0.712744 0.031342
vt 0.703713 -0.057886
vt 0.808225 -0.099568
vt 0.872984 -0.053015
vt 0.961248 0.067901
vt 0.956667 0.202007
vt 1.016543 0.445819
vt 0.040680 0.947612
vt 0.182770 -0.093095
vt 0.003617 0.754630
vt 0.055940 1.026979
vt 0.926683 0.925578
vt 0.988423 0.596665
vt 1.037988 0.444553
vt 1.024174 0.403352
s 1
usemtl Number_7
f 7432/886/2743 7433/887/2744 7434/888/2745
f 7435/887/2744 7436/889/2746 7437/888/2747
f 7438/889/2748 7439/887/2749 7440/890/2750
f 7441/891/2751 7442/889/2746 7443/890/2750
f 7444/891/2752 7445/890/2750 7446/892/2753
f 7447/893/2754 7448/891/2751 7449/892/2753
f 7450/893/2755 7451/892/2753 7452/894/2756
f 7453/895/2757 7454/893/2754 7455/894/2756
f 7456/896/2758 7457/897/2759 7458/887/2749
f 7459/890/2750 7460/897/2760 7461/898/2761
f 7462/892/2753 7463/890/2750 7464/898/2762
f 7465/890/2750 7466/887/2749 7467/897/2760
f 7468/899/2763 7469/900/2764 7470/895/2765
f 7471/901/2766 7472/900/2767 7473/899/2768
f 7474/902/2769 7475/899/2768 7476/903/2770
f 7477/894/2756 7478/899/2768 7479/895/2765
f 7480/894/2756 7481/903/2770 7482/899/2768
f 7483/903/2770 7484/894/2756 7485/904/2771
f 7486/904/2772 7487/894/2773 7488/905/2774
f 7489/905/2774 7490/894/2756 7491/892/2775
f 7492/898/2776 7493/905/2774 7494/892/2753
f 7495/906/2777 7496/907/2778 7497/888/2747
f 7498/889/2748 7499/906/2777 7500/888/2745
f 7501/906/2777 7502/889/2748 7503/908/2779
f 7504/889/2780 7505/891/2781 7506/908/2779
f 7507/908/2779 7508/891/2752 7509/909/2782
f 7510/891/2783 7511/893/2754 7512/909/2782
f 7513/909/2782 7514/893/2784 7515/910/2785
f 7516/893/2754 7517/895/2757 7518/910/2785
f 7519/911/2786 7520/907/2787 7521/906/2777
f 7522/912/2788 7523/906/2777 7524/913/2789
f 7525/914/2790 7526/913/2791 7527/908/2779
f 7528/915/2792 7529/908/2779 7530/909/2782
f 7531/906/2777 7532/908/2779 7533/913/2791
f 7534/916/2793 7535/917/2794 7536/918/2795
f 7537/900/2764 7538/919/2796 7539/895/2757
f 7540/920/2797 7541/919/2798 7542/900/2764
f 7543/921/2799 7544/922/2800 7545/919/2798
f 7546/919/2798 7547/910/2801 7548/895/2765
f 7549/922/2800 7550/910/2785 7551/919/2798
f 7552/910/2785 7553/922/2800 7554/923/2802
f 7555/910/2803 7556/923/2804 7557/924/2805
f 7558/910/2785 7559/924/2805 7560/909/2806
f 7561/925/2807 7562/909/2782 7563/924/2805
f 7564/926/2808 7565/887/2744 7566/886/2743
f 7567/900/2767 7568/918/2809 7569/920/2797
f 7570/919/2798 7571/920/2810 7572/921/2799
f 7573/917/2794 7574/916/2793 7575/901/2811
f 7576/916/2793 7577/900/2764 7578/901/2812
f 7579/918/2809 7580/900/2767 7581/916/2793
f 7582/903/2770 7583/927/2813 7584/902/2769
f 7585/901/2766 7586/899/2768 7587/902/2814
f 7588/928/2815 7589/887/2744 7590/926/2808
f 7591/887/2749 7592/928/2816 7593/896/2817
f 7594/886/2743 7595/929/2818 7596/926/2819
f 7597/906/2777 7598/930/2820 7599/911/2786
f 7600/930/2820 7601/906/2821 7602/912/2822
f 7603/913/2789 7604/931/2823 7605/912/2788
f 7606/931/2824 7607/913/2789 7608/914/2825
f 7609/908/2779 7610/915/2792 7611/914/2790
f 7612/915/2792 7613/932/2826 7614/914/2827
f 7615/909/2782 7616/925/2807 7617/915/2792
f 7618/925/2807 7619/932/2828 7620/915/2792
f 7621/924/2805 7622/933/2829 7623/925/2807
f 7624/933/2829 7625/932/2828 7626/925/2830
o Bottom_2
v 1.804140 9.417181 -11.203540
v 1.717141 9.417181 -11.215766
v 1.711789 10.654964 -11.177683
v 1.798787 10.654964 -11.165457
v 1.804140 9.417181 -11.203540
v 1.711789 10.654964 -11.177683
v 1.698908 10.374126 -10.454781
v 1.611910 10.374126 -10.467008
v 1.611085 9.532044 -10.461139
v 1.698083 9.532044 -10.448911
v 1.698908 10.374126 -10.454781
v 1.611085 9.532044 -10.461139
v 1.757024 8.319639 -10.868294
v 1.670025 8.319640 -10.880520
v 1.717141 9.417181 -11.215766
v 1.804140 9.417181 -11.203540
v 1.757024 8.319639 -10.868294
v 1.717141 9.417181 -11.215766
v 1.698083 9.532044 -10.448911
v 1.611085 9.532044 -10.461139
v 1.573391 8.653980 -10.192934
v 1.660390 8.653980 -10.180707
v 1.698083 9.532044 -10.448911
v 1.573391 8.653980 -10.192934
v 1.666975 7.370638 -10.227563
v 1.579976 7.370638 -10.239791
v 1.670025 8.319640 -10.880520
v 1.757024 8.319639 -10.868294
v 1.666975 7.370638 -10.227563
v 1.670025 8.319640 -10.880520
v 1.660390 8.653980 -10.180707
v 1.573391 8.653980 -10.192934
v 1.501355 7.894787 -9.680373
v 1.588354 7.894787 -9.668145
v 1.660390 8.653980 -10.180707
v 1.501355 7.894787 -9.680373
v 1.541999 6.654484 -9.338318
v 1.455001 6.654484 -9.350545
v 1.579976 7.370638 -10.239791
v 1.666975 7.370638 -10.227563
v 1.541999 6.654484 -9.338318
v 1.579976 7.370638 -10.239791
v 1.588354 7.894787 -9.668145
v 1.501355 7.894787 -9.680373
v 1.401375 7.321895 -8.968975
v 1.488373 7.321895 -8.956749
v 1.588354 7.894787 -9.668145
v 1.401375 7.321895 -8.968975
v 1.393198 6.234872 -8.279539
v 1.306199 6.234872 -8.291766
v 1.455001 6.654484 -9.350545
v 1.541999 6.654484 -9.338318
v 1.393198 6.234872 -8.279539
v 1.455001 6.654484 -9.350545
v 1.488373 7.321895 -8.956749
v 1.401375 7.321895 -8.968975
v 1.282336 6.986206 -8.121969
v 1.369334 6.986206 -8.109743
v 1.488373 7.321895 -8.956749
v 1.282336 6.986206 -8.121969
v 1.891138 9.417181 -11.191313
v 1.804140 9.417181 -11.203540
v 1.798787 10.654964 -11.165457
v 1.885786 10.654964 -11.153230
v 1.891138 9.417181 -11.191313
v 1.798787 10.654964 -11.165457
v 1.785907 10.374126 -10.442554
v 1.698908 10.374126 -10.454781
v 1.698083 9.532044 -10.448911
v 1.785082 9.532043 -10.436685
v 1.785907 10.374126 -10.442554
v 1.698083 9.532044 -10.448911
v 1.844022 8.319638 -10.856067
v 1.757024 8.319639 -10.868294
v 1.804140 9.417181 -11.203540
v 1.891138 9.417181 -11.191313
v 1.844022 8.319638 -10.856067
v 1.804140 9.417181 -11.203540
v 1.785082 9.532043 -10.436685
v 1.698083 9.532044 -10.448911
v 1.660390 8.653980 -10.180707
v 1.747388 8.653980 -10.168479
v 1.785082 9.532043 -10.436685
v 1.660390 8.653980 -10.180707
v 1.753974 7.370638 -10.215336
v 1.666975 7.370638 -10.227563
v 1.757024 8.319639 -10.868294
v 1.844022 8.319638 -10.856067
v 1.753974 7.370638 -10.215336
v 1.757024 8.319639 -10.868294
v 1.747388 8.653980 -10.168479
v 1.660390 8.653980 -10.180707
v 1.588354 7.894787 -9.668145
v 1.675353 7.894786 -9.655918
v 1.747388 8.653980 -10.168479
v 1.588354 7.894787 -9.668145
v 1.628998 6.654484 -9.326091
v 1.541999 6.654484 -9.338318
v 1.666975 7.370638 -10.227563
v 1.753974 7.370638 -10.215336
v 1.628998 6.654484 -9.326091
v 1.666975 7.370638 -10.227563
v 1.675353 7.894786 -9.655918
v 1.588354 7.894787 -9.668145
v 1.488373 7.321895 -8.956749
v 1.575372 7.321895 -8.944522
v 1.675353 7.894786 -9.655918
v 1.488373 7.321895 -8.956749
v 1.480197 6.234872 -8.267313
v 1.393198 6.234872 -8.279539
v 1.541999 6.654484 -9.338318
v 1.628998 6.654484 -9.326091
v 1.480197 6.234872 -8.267313
v 1.541999 6.654484 -9.338318
v 1.575372 7.321895 -8.944522
v 1.488373 7.321895 -8.956749
v 1.369334 6.986206 -8.109743
v 1.456333 6.986206 -8.097515
v 1.575372 7.321895 -8.944522
v 1.369334 6.986206 -8.109743
v 1.978137 9.417181 -11.179086
v 1.891138 9.417181 -11.191313
v 1.885786 10.654964 -11.153230
v 1.972785 10.654964 -11.141004
v 1.978137 9.417181 -11.179086
v 1.885786 10.654964 -11.153230
v 1.872906 10.374126 -10.430327
v 1.785907 10.374126 -10.442554
v 1.785082 9.532043 -10.436685
v 1.872081 9.532043 -10.424458
v 1.872906 10.374126 -10.430327
v 1.785082 9.532043 -10.436685
v 1.931021 8.319638 -10.843840
v 1.844022 8.319638 -10.856067
v 1.891138 9.417181 -11.191313
v 1.978137 9.417181 -11.179086
v 1.931021 8.319638 -10.843840
v 1.891138 9.417181 -11.191313
v 1.872081 9.532043 -10.424458
v 1.785082 9.532043 -10.436685
v 1.747388 8.653980 -10.168479
v 1.834387 8.653980 -10.156253
v 1.872081 9.532043 -10.424458
v 1.747388 8.653980 -10.168479
v 1.840972 7.370638 -10.203110
v 1.753974 7.370638 -10.215336
v 1.844022 8.319638 -10.856067
v 1.931021 8.319638 -10.843840
v 1.840972 7.370638 -10.203110
v 1.844022 8.319638 -10.856067
v 1.834387 8.653980 -10.156253
v 1.747388 8.653980 -10.168479
v 1.675353 7.894786 -9.655918
v 1.762352 7.894786 -9.643692
v 1.834387 8.653980 -10.156253
v 1.675353 7.894786 -9.655918
v 1.715997 6.654484 -9.313864
v 1.628998 6.654484 -9.326091
v 1.753974 7.370638 -10.215336
v 1.840972 7.370638 -10.203110
v 1.715997 6.654484 -9.313864
v 1.753974 7.370638 -10.215336
v 1.762352 7.894786 -9.643692
v 1.675353 7.894786 -9.655918
v 1.575372 7.321895 -8.944522
v 1.662371 7.321895 -8.932295
v 1.762352 7.894786 -9.643692
v 1.575372 7.321895 -8.944522
v 1.567196 6.234872 -8.255085
v 1.480197 6.234872 -8.267313
v 1.628998 6.654484 -9.326091
v 1.715997 6.654484 -9.313864
v 1.567196 6.234872 -8.255085
v 1.628998 6.654484 -9.326091
v 1.662371 7.321895 -8.932295
v 1.575372 7.321895 -8.944522
v 1.456333 6.986206 -8.097515
v 1.543332 6.986206 -8.085289
v 1.662371 7.321895 -8.932295
v 1.456333 6.986206 -8.097515
v 2.065136 9.417181 -11.166860
v 1.978137 9.417181 -11.179086
v 1.972785 10.654964 -11.141004
v 2.059784 10.654964 -11.128776
v 2.065136 9.417181 -11.166860
v 1.972785 10.654964 -11.141004
v 1.959905 10.374126 -10.418100
v 1.872906 10.374126 -10.430327
v 1.872081 9.532043 -10.424458
v 1.959080 9.532043 -10.412230
v 1.959905 10.374126 -10.418100
v 1.872081 9.532043 -10.424458
v 2.018020 8.319638 -10.831614
v 1.931021 8.319638 -10.843840
v 1.978137 9.417181 -11.179086
v 2.065136 9.417181 -11.166860
v 2.018020 8.319638 -10.831614
v 1.978137 9.417181 -11.179086
v 1.959080 9.532043 -10.412230
v 1.872081 9.532043 -10.424458
v 1.834387 8.653980 -10.156253
v 1.921386 8.653980 -10.144026
v 1.959080 9.532043 -10.412230
v 1.834387 8.653980 -10.156253
v 1.927971 7.370638 -10.190883
v 1.840972 7.370638 -10.203110
v 1.931021 8.319638 -10.843840
v 2.018020 8.319638 -10.831614
v 1.927971 7.370638 -10.190883
v 1.931021 8.319638 -10.843840
v 1.921386 8.653980 -10.144026
v 1.834387 8.653980 -10.156253
v 1.762352 7.894786 -9.643692
v 1.849350 7.894786 -9.631465
v 1.921386 8.653980 -10.144026
v 1.762352 7.894786 -9.643692
v 1.802996 6.654484 -9.301637
v 1.715997 6.654484 -9.313864
v 1.840972 7.370638 -10.203110
v 1.927971 7.370638 -10.190883
v 1.802996 6.654484 -9.301637
v 1.840972 7.370638 -10.203110
v 1.849350 7.894786 -9.631465
v 1.762352 7.894786 -9.643692
v 1.662371 7.321895 -8.932295
v 1.749370 7.321894 -8.920069
v 1.849350 7.894786 -9.631465
v 1.662371 7.321895 -8.932295
v 1.654194 6.234872 -8.242858
v 1.567196 6.234872 -8.255085
v 1.715997 6.654484 -9.313864
v 1.802996 6.654484 -9.301637
v 1.654194 6.234872 -8.242858
v 1.715997 6.654484 -9.313864
v 1.749370 7.321894 -8.920069
v 1.662371 7.321895 -8.932295
v 1.543332 6.986206 -8.085289
v 1.630331 6.986206 -8.073062
v 1.749370 7.321894 -8.920069
v 1.543332 6.986206 -8.085289
v 2.152135 9.417180 -11.154633
v 2.065136 9.417181 -11.166860
v 2.059784 10.654964 -11.128776
v 2.146783 10.654964 -11.116549
v 2.152135 9.417180 -11.154633
v 2.059784 10.654964 -11.128776
v 2.046904 10.374126 -10.405873
v 1.959905 10.374126 -10.418100
v 1.959080 9.532043 -10.412230
v 2.046079 9.532043 -10.400004
v 2.046904 10.374126 -10.405873
v 1.959080 9.532043 -10.412230
v 2.105019 8.319638 -10.819386
v 2.018020 8.319638 -10.831614
v 2.065136 9.417181 -11.166860
v 2.152135 9.417180 -11.154633
v 2.105019 8.319638 -10.819386
v 2.065136 9.417181 -11.166860
v 2.046079 9.532043 -10.400004
v 1.959080 9.532043 -10.412230
v 1.921386 8.653980 -10.144026
v 2.008384 8.653980 -10.131800
v 2.046079 9.532043 -10.400004
v 1.921386 8.653980 -10.144026
v 2.014970 7.370637 -10.178655
v 1.927971 7.370638 -10.190883
v 2.018020 8.319638 -10.831614
v 2.105019 8.319638 -10.819386
v 2.014970 7.370637 -10.178655
v 2.018020 8.319638 -10.831614
v 2.008384 8.653980 -10.131800
v 1.921386 8.653980 -10.144026
v 1.849350 7.894786 -9.631465
v 1.936349 7.894786 -9.619238
v 2.008384 8.653980 -10.131800
v 1.849350 7.894786 -9.631465
v 1.889994 6.654484 -9.289410
v 1.802996 6.654484 -9.301637
v 1.927971 7.370638 -10.190883
v 2.014970 7.370637 -10.178655
v 1.889994 6.654484 -9.289410
v 1.927971 7.370638 -10.190883
v 1.936349 7.894786 -9.619238
v 1.849350 7.894786 -9.631465
v 1.749370 7.321894 -8.920069
v 1.836368 7.321894 -8.907842
v 1.936349 7.894786 -9.619238
v 1.749370 7.321894 -8.920069
v 1.741193 6.234872 -8.230632
v 1.654194 6.234872 -8.242858
v 1.802996 6.654484 -9.301637
v 1.889994 6.654484 -9.289410
v 1.741193 6.234872 -8.230632
v 1.802996 6.654484 -9.301637
v 1.836368 7.321894 -8.907842
v 1.749370 7.321894 -8.920069
v 1.630331 6.986206 -8.073062
v 1.717329 6.986205 -8.060835
v 1.836368 7.321894 -8.907842
v 1.630331 6.986206 -8.073062
v 2.239133 9.417180 -11.142406
v 2.152135 9.417180 -11.154633
v 2.146783 10.654964 -11.116549
v 2.233781 10.654964 -11.104322
v 2.239133 9.417180 -11.142406
v 2.146783 10.654964 -11.116549
v 2.133902 10.374126 -10.393647
v 2.046904 10.374126 -10.405873
v 2.046079 9.532043 -10.400004
v 2.133077 9.532043 -10.387776
v 2.133902 10.374126 -10.393647
v 2.046079 9.532043 -10.400004
v 2.192018 8.319638 -10.807158
v 2.105019 8.319638 -10.819386
v 2.152135 9.417180 -11.154633
v 2.239133 9.417180 -11.142406
v 2.192018 8.319638 -10.807158
v 2.152135 9.417180 -11.154633
v 2.133077 9.532043 -10.387776
v 2.046079 9.532043 -10.400004
v 2.008384 8.653980 -10.131800
v 2.095383 8.653980 -10.119573
v 2.133077 9.532043 -10.387776
v 2.008384 8.653980 -10.131800
v 2.101968 7.370637 -10.166429
v 2.014970 7.370637 -10.178655
v 2.105019 8.319638 -10.819386
v 2.192018 8.319638 -10.807158
v 2.101968 7.370637 -10.166429
v 2.105019 8.319638 -10.819386
v 2.095383 8.653980 -10.119573
v 2.008384 8.653980 -10.131800
v 1.936349 7.894786 -9.619238
v 2.023347 7.894786 -9.607012
v 2.095383 8.653980 -10.119573
v 1.936349 7.894786 -9.619238
v 1.976993 6.654484 -9.277184
v 1.889994 6.654484 -9.289410
v 2.014970 7.370637 -10.178655
v 2.101968 7.370637 -10.166429
v 1.976993 6.654484 -9.277184
v 2.014970 7.370637 -10.178655
v 2.023347 7.894786 -9.607012
v 1.936349 7.894786 -9.619238
v 1.836368 7.321894 -8.907842
v 1.923367 7.321894 -8.895614
v 2.023347 7.894786 -9.607012
v 1.836368 7.321894 -8.907842
v 1.828192 6.234872 -8.218405
v 1.741193 6.234872 -8.230632
v 1.889994 6.654484 -9.289410
v 1.976993 6.654484 -9.277184
v 1.828192 6.234872 -8.218405
v 1.889994 6.654484 -9.289410
v 1.923367 7.321894 -8.895614
v 1.836368 7.321894 -8.907842
v 1.717329 6.986205 -8.060835
v 1.804328 6.986204 -8.048608
v 1.923367 7.321894 -8.895614
v 1.717329 6.986205 -8.060835
v 2.326132 9.417180 -11.130179
v 2.239133 9.417180 -11.142406
v 2.233781 10.654964 -11.104322
v 2.320780 10.654964 -11.092095
v 2.326132 9.417180 -11.130179
v 2.233781 10.654964 -11.104322
v 2.220901 10.374126 -10.381419
v 2.133902 10.374126 -10.393647
v 2.133077 9.532043 -10.387776
v 2.220076 9.532043 -10.375550
v 2.220901 10.374126 -10.381419
v 2.133077 9.532043 -10.387776
v 2.279016 8.319638 -10.794932
v 2.192018 8.319638 -10.807158
v 2.239133 9.417180 -11.142406
v 2.326132 9.417180 -11.130179
v 2.279016 8.319638 -10.794932
v 2.239133 9.417180 -11.142406
v 2.220076 9.532043 -10.375550
v 2.133077 9.532043 -10.387776
v 2.095383 8.653980 -10.119573
v 2.182382 8.653978 -10.107346
v 2.220076 9.532043 -10.375550
v 2.095383 8.653980 -10.119573
v 2.188967 7.370637 -10.154202
v 2.101968 7.370637 -10.166429
v 2.192018 8.319638 -10.807158
v 2.279016 8.319638 -10.794932
v 2.188967 7.370637 -10.154202
v 2.192018 8.319638 -10.807158
v 2.182382 8.653978 -10.107346
v 2.095383 8.653980 -10.119573
v 2.023347 7.894786 -9.607012
v 2.110346 7.894786 -9.594784
v 2.182382 8.653978 -10.107346
v 2.023347 7.894786 -9.607012
v 2.063992 6.654482 -9.264956
v 1.976993 6.654484 -9.277184
v 2.101968 7.370637 -10.166429
v 2.188967 7.370637 -10.154202
v 2.063992 6.654482 -9.264956
v 2.101968 7.370637 -10.166429
v 2.110346 7.894786 -9.594784
v 2.023347 7.894786 -9.607012
v 1.923367 7.321894 -8.895614
v 2.010366 7.321894 -8.883388
v 2.110346 7.894786 -9.594784
v 1.923367 7.321894 -8.895614
v 1.915190 6.234872 -8.206178
v 1.828192 6.234872 -8.218405
v 1.976993 6.654484 -9.277184
v 2.063992 6.654482 -9.264956
v 1.915190 6.234872 -8.206178
v 1.976993 6.654484 -9.277184
v 2.010366 7.321894 -8.883388
v 1.923367 7.321894 -8.895614
v 1.804328 6.986204 -8.048608
v 1.891327 6.986204 -8.036382
v 2.010366 7.321894 -8.883388
v 1.804328 6.986204 -8.048608
v 2.413131 9.417180 -11.117951
v 2.326132 9.417180 -11.130179
v 2.320780 10.654964 -11.092095
v 2.407778 10.654964 -11.079867
v 2.413131 9.417180 -11.117951
v 2.320780 10.654964 -11.092095
v 2.307899 10.374125 -10.369193
v 2.220901 10.374126 -10.381419
v 2.220076 9.532043 -10.375550
v 2.307075 9.532043 -10.363323
v 2.307899 10.374125 -10.369193
v 2.220076 9.532043 -10.375550
v 2.366015 8.319638 -10.782705
v 2.279016 8.319638 -10.794932
v 2.326132 9.417180 -11.130179
v 2.413131 9.417180 -11.117951
v 2.366015 8.319638 -10.782705
v 2.326132 9.417180 -11.130179
v 2.307075 9.532043 -10.363323
v 2.220076 9.532043 -10.375550
v 2.182382 8.653978 -10.107346
v 2.269381 8.653978 -10.095119
v 2.307075 9.532043 -10.363323
v 2.182382 8.653978 -10.107346
v 2.275966 7.370637 -10.141974
v 2.188967 7.370637 -10.154202
v 2.279016 8.319638 -10.794932
v 2.366015 8.319638 -10.782705
v 2.275966 7.370637 -10.141974
v 2.279016 8.319638 -10.794932
v 2.269381 8.653978 -10.095119
v 2.182382 8.653978 -10.107346
v 2.110346 7.894786 -9.594784
v 2.197345 7.894786 -9.582558
v 2.269381 8.653978 -10.095119
v 2.110346 7.894786 -9.594784
v 2.150991 6.654482 -9.252729
v 2.063992 6.654482 -9.264956
v 2.188967 7.370637 -10.154202
v 2.275966 7.370637 -10.141974
v 2.150991 6.654482 -9.252729
v 2.188967 7.370637 -10.154202
v 2.197345 7.894786 -9.582558
v 2.110346 7.894786 -9.594784
v 2.010366 7.321894 -8.883388
v 2.097365 7.321894 -8.871161
v 2.197345 7.894786 -9.582558
v 2.010366 7.321894 -8.883388
v 2.002189 6.234872 -8.193952
v 1.915190 6.234872 -8.206178
v 2.063992 6.654482 -9.264956
v 2.150991 6.654482 -9.252729
v 2.002189 6.234872 -8.193952
v 2.063992 6.654482 -9.264956
v 2.097365 7.321894 -8.871161
v 2.010366 7.321894 -8.883388
v 1.891327 6.986204 -8.036382
v 1.978326 6.986204 -8.024154
v 2.097365 7.321894 -8.871161
v 1.891327 6.986204 -8.036382
v 1.611085 9.532044 -10.461139
v 1.611910 10.374126 -10.467008
v 1.711789 10.654964 -11.177683
v 1.717141 9.417181 -11.215766
v 1.611085 9.532044 -10.461139
v 1.711789 10.654964 -11.177683
v 2.307075 9.532043 -10.363323
v 2.413131 9.417180 -11.117951
v 2.407778 10.654964 -11.079867
v 2.307899 10.374125 -10.369193
v 2.307075 9.532043 -10.363323
v 2.407778 10.654964 -11.079867
v 1.573391 8.653980 -10.192934
v 1.611085 9.532044 -10.461139
v 1.717141 9.417181 -11.215766
v 1.670025 8.319640 -10.880520
v 1.573391 8.653980 -10.192934
v 1.717141 9.417181 -11.215766
v 2.269381 8.653978 -10.095119
v 2.366015 8.319638 -10.782705
v 2.413131 9.417180 -11.117951
v 2.307075 9.532043 -10.363323
v 2.269381 8.653978 -10.095119
v 2.413131 9.417180 -11.117951
v 1.501355 7.894787 -9.680373
v 1.573391 8.653980 -10.192934
v 1.670025 8.319640 -10.880520
v 1.579976 7.370638 -10.239791
v 1.501355 7.894787 -9.680373
v 1.670025 8.319640 -10.880520
v 2.197345 7.894786 -9.582558
v 2.275966 7.370637 -10.141974
v 2.366015 8.319638 -10.782705
v 2.269381 8.653978 -10.095119
v 2.197345 7.894786 -9.582558
v 2.366015 8.319638 -10.782705
v 1.401375 7.321895 -8.968975
v 1.501355 7.894787 -9.680373
v 1.579976 7.370638 -10.239791
v 1.455001 6.654484 -9.350545
v 1.401375 7.321895 -8.968975
v 1.579976 7.370638 -10.239791
v 2.097365 7.321894 -8.871161
v 2.150991 6.654482 -9.252729
v 2.275966 7.370637 -10.141974
v 2.197345 7.894786 -9.582558
v 2.097365 7.321894 -8.871161
v 2.275966 7.370637 -10.141974
v 1.282336 6.986206 -8.121969
v 1.401375 7.321895 -8.968975
v 1.455001 6.654484 -9.350545
v 1.306199 6.234872 -8.291766
v 1.282336 6.986206 -8.121969
v 1.455001 6.654484 -9.350545
v 1.978326 6.986204 -8.024154
v 2.002189 6.234872 -8.193952
v 2.150991 6.654482 -9.252729
v 2.097365 7.321894 -8.871161
v 1.978326 6.986204 -8.024154
v 2.150991 6.654482 -9.252729
v -1.717141 9.417181 -11.215766
v -1.804140 9.417181 -11.203540
v -1.711789 10.654964 -11.177683
v -1.804140 9.417181 -11.203540
v -1.798787 10.654964 -11.165457
v -1.711789 10.654964 -11.177683
v -1.611910 10.374126 -10.467008
v -1.698908 10.374126 -10.454781
v -1.611085 9.532044 -10.461139
v -1.698908 10.374126 -10.454781
v -1.698083 9.532044 -10.448911
v -1.611085 9.532044 -10.461139
v -1.670025 8.319640 -10.880520
v -1.757024 8.319639 -10.868294
v -1.717141 9.417181 -11.215766
v -1.757024 8.319639 -10.868294
v -1.804140 9.417181 -11.203540
v -1.717141 9.417181 -11.215766
v -1.611085 9.532044 -10.461139
v -1.698083 9.532044 -10.448911
v -1.573391 8.653980 -10.192934
v -1.698083 9.532044 -10.448911
v -1.660390 8.653980 -10.180707
v -1.573391 8.653980 -10.192934
v -1.579976 7.370638 -10.239791
v -1.666975 7.370638 -10.227563
v -1.670025 8.319640 -10.880520
v -1.666975 7.370638 -10.227563
v -1.757024 8.319639 -10.868294
v -1.670025 8.319640 -10.880520
v -1.573391 8.653980 -10.192934
v -1.660390 8.653980 -10.180707
v -1.501355 7.894787 -9.680373
v -1.660390 8.653980 -10.180707
v -1.588354 7.894787 -9.668145
v -1.501355 7.894787 -9.680373
v -1.455001 6.654484 -9.350545
v -1.541999 6.654484 -9.338318
v -1.579976 7.370638 -10.239791
v -1.541999 6.654484 -9.338318
v -1.666975 7.370638 -10.227563
v -1.579976 7.370638 -10.239791
v -1.501355 7.894787 -9.680373
v -1.588354 7.894787 -9.668145
v -1.401375 7.321895 -8.968975
v -1.588354 7.894787 -9.668145
v -1.488373 7.321895 -8.956749
v -1.401375 7.321895 -8.968975
v -1.306199 6.234872 -8.291766
v -1.393198 6.234872 -8.279539
v -1.455001 6.654484 -9.350545
v -1.393198 6.234872 -8.279539
v -1.541999 6.654484 -9.338318
v -1.455001 6.654484 -9.350545
v -1.401375 7.321895 -8.968975
v -1.488373 7.321895 -8.956749
v -1.282336 6.986206 -8.121969
v -1.488373 7.321895 -8.956749
v -1.369334 6.986206 -8.109743
v -1.282336 6.986206 -8.121969
v -1.804140 9.417181 -11.203540
v -1.891138 9.417181 -11.191313
v -1.798787 10.654964 -11.165457
v -1.891138 9.417181 -11.191313
v -1.885786 10.654964 -11.153230
v -1.798787 10.654964 -11.165457
v -1.698908 10.374126 -10.454781
v -1.785907 10.374126 -10.442554
v -1.698083 9.532044 -10.448911
v -1.785907 10.374126 -10.442554
v -1.785082 9.532043 -10.436685
v -1.698083 9.532044 -10.448911
v -1.757024 8.319639 -10.868294
v -1.844022 8.319638 -10.856067
v -1.804140 9.417181 -11.203540
v -1.844022 8.319638 -10.856067
v -1.891138 9.417181 -11.191313
v -1.804140 9.417181 -11.203540
v -1.698083 9.532044 -10.448911
v -1.785082 9.532043 -10.436685
v -1.660390 8.653980 -10.180707
v -1.785082 9.532043 -10.436685
v -1.747388 8.653980 -10.168479
v -1.660390 8.653980 -10.180707
v -1.666975 7.370638 -10.227563
v -1.753974 7.370638 -10.215336
v -1.757024 8.319639 -10.868294
v -1.753974 7.370638 -10.215336
v -1.844022 8.319638 -10.856067
v -1.757024 8.319639 -10.868294
v -1.660390 8.653980 -10.180707
v -1.747388 8.653980 -10.168479
v -1.588354 7.894787 -9.668145
v -1.747388 8.653980 -10.168479
v -1.675353 7.894786 -9.655918
v -1.588354 7.894787 -9.668145
v -1.541999 6.654484 -9.338318
v -1.628998 6.654484 -9.326091
v -1.666975 7.370638 -10.227563
v -1.628998 6.654484 -9.326091
v -1.753974 7.370638 -10.215336
v -1.666975 7.370638 -10.227563
v -1.588354 7.894787 -9.668145
v -1.675353 7.894786 -9.655918
v -1.488373 7.321895 -8.956749
v -1.675353 7.894786 -9.655918
v -1.575372 7.321895 -8.944522
v -1.488373 7.321895 -8.956749
v -1.393198 6.234872 -8.279539
v -1.480197 6.234872 -8.267313
v -1.541999 6.654484 -9.338318
v -1.480197 6.234872 -8.267313
v -1.628998 6.654484 -9.326091
v -1.541999 6.654484 -9.338318
v -1.488373 7.321895 -8.956749
v -1.575372 7.321895 -8.944522
v -1.369334 6.986206 -8.109743
v -1.575372 7.321895 -8.944522
v -1.456333 6.986206 -8.097515
v -1.369334 6.986206 -8.109743
v -1.891138 9.417181 -11.191313
v -1.978137 9.417181 -11.179086
v -1.885786 10.654964 -11.153230
v -1.978137 9.417181 -11.179086
v -1.972785 10.654964 -11.141004
v -1.885786 10.654964 -11.153230
v -1.785907 10.374126 -10.442554
v -1.872906 10.374126 -10.430327
v -1.785082 9.532043 -10.436685
v -1.872906 10.374126 -10.430327
v -1.872081 9.532043 -10.424458
v -1.785082 9.532043 -10.436685
v -1.844022 8.319638 -10.856067
v -1.931021 8.319638 -10.843840
v -1.891138 9.417181 -11.191313
v -1.931021 8.319638 -10.843840
v -1.978137 9.417181 -11.179086
v -1.891138 9.417181 -11.191313
v -1.785082 9.532043 -10.436685
v -1.872081 9.532043 -10.424458
v -1.747388 8.653980 -10.168479
v -1.872081 9.532043 -10.424458
v -1.834387 8.653980 -10.156253
v -1.747388 8.653980 -10.168479
v -1.753974 7.370638 -10.215336
v -1.840972 7.370638 -10.203110
v -1.844022 8.319638 -10.856067
v -1.840972 7.370638 -10.203110
v -1.931021 8.319638 -10.843840
v -1.844022 8.319638 -10.856067
v -1.747388 8.653980 -10.168479
v -1.834387 8.653980 -10.156253
v -1.675353 7.894786 -9.655918
v -1.834387 8.653980 -10.156253
v -1.762352 7.894786 -9.643692
v -1.675353 7.894786 -9.655918
v -1.628998 6.654484 -9.326091
v -1.715997 6.654484 -9.313864
v -1.753974 7.370638 -10.215336
v -1.715997 6.654484 -9.313864
v -1.840972 7.370638 -10.203110
v -1.753974 7.370638 -10.215336
v -1.675353 7.894786 -9.655918
v -1.762352 7.894786 -9.643692
v -1.575372 7.321895 -8.944522
v -1.762352 7.894786 -9.643692
v -1.662371 7.321895 -8.932295
v -1.575372 7.321895 -8.944522
v -1.480197 6.234872 -8.267313
v -1.567196 6.234872 -8.255085
v -1.628998 6.654484 -9.326091
v -1.567196 6.234872 -8.255085
v -1.715997 6.654484 -9.313864
v -1.628998 6.654484 -9.326091
v -1.575372 7.321895 -8.944522
v -1.662371 7.321895 -8.932295
v -1.456333 6.986206 -8.097515
v -1.662371 7.321895 -8.932295
v -1.543332 6.986206 -8.085289
v -1.456333 6.986206 -8.097515
v -1.978137 9.417181 -11.179086
v -2.065136 9.417181 -11.166860
v -1.972785 10.654964 -11.141004
v -2.065136 9.417181 -11.166860
v -2.059784 10.654964 -11.128776
v -1.972785 10.654964 -11.141004
v -1.872906 10.374126 -10.430327
v -1.959905 10.374126 -10.418100
v -1.872081 9.532043 -10.424458
v -1.959905 10.374126 -10.418100
v -1.959080 9.532043 -10.412230
v -1.872081 9.532043 -10.424458
v -1.931021 8.319638 -10.843840
v -2.018020 8.319638 -10.831614
v -1.978137 9.417181 -11.179086
v -2.018020 8.319638 -10.831614
v -2.065136 9.417181 -11.166860
v -1.978137 9.417181 -11.179086
v -1.872081 9.532043 -10.424458
v -1.959080 9.532043 -10.412230
v -1.834387 8.653980 -10.156253
v -1.959080 9.532043 -10.412230
v -1.921386 8.653980 -10.144026
v -1.834387 8.653980 -10.156253
v -1.840972 7.370638 -10.203110
v -1.927971 7.370638 -10.190883
v -1.931021 8.319638 -10.843840
v -1.927971 7.370638 -10.190883
v -2.018020 8.319638 -10.831614
v -1.931021 8.319638 -10.843840
v -1.834387 8.653980 -10.156253
v -1.921386 8.653980 -10.144026
v -1.762352 7.894786 -9.643692
v -1.921386 8.653980 -10.144026
v -1.849350 7.894786 -9.631465
v -1.762352 7.894786 -9.643692
v -1.715997 6.654484 -9.313864
v -1.802996 6.654484 -9.301637
v -1.840972 7.370638 -10.203110
v -1.802996 6.654484 -9.301637
v -1.927971 7.370638 -10.190883
v -1.840972 7.370638 -10.203110
v -1.762352 7.894786 -9.643692
v -1.849350 7.894786 -9.631465
v -1.662371 7.321895 -8.932295
v -1.849350 7.894786 -9.631465
v -1.749370 7.321894 -8.920069
v -1.662371 7.321895 -8.932295
v -1.567196 6.234872 -8.255085
v -1.654194 6.234872 -8.242858
v -1.715997 6.654484 -9.313864
v -1.654194 6.234872 -8.242858
v -1.802996 6.654484 -9.301637
v -1.715997 6.654484 -9.313864
v -1.662371 7.321895 -8.932295
v -1.749370 7.321894 -8.920069
v -1.543332 6.986206 -8.085289
v -1.749370 7.321894 -8.920069
v -1.630331 6.986206 -8.073062
v -1.543332 6.986206 -8.085289
v -2.065136 9.417181 -11.166860
v -2.152135 9.417180 -11.154633
v -2.059784 10.654964 -11.128776
v -2.152135 9.417180 -11.154633
v -2.146783 10.654964 -11.116549
v -2.059784 10.654964 -11.128776
v -1.959905 10.374126 -10.418100
v -2.046904 10.374126 -10.405873
v -1.959080 9.532043 -10.412230
v -2.046904 10.374126 -10.405873
v -2.046079 9.532043 -10.400004
v -1.959080 9.532043 -10.412230
v -2.018020 8.319638 -10.831614
v -2.105019 8.319638 -10.819386
v -2.065136 9.417181 -11.166860
v -2.105019 8.319638 -10.819386
v -2.152135 9.417180 -11.154633
v -2.065136 9.417181 -11.166860
v -1.959080 9.532043 -10.412230
v -2.046079 9.532043 -10.400004
v -1.921386 8.653980 -10.144026
v -2.046079 9.532043 -10.400004
v -2.008384 8.653980 -10.131800
v -1.921386 8.653980 -10.144026
v -1.927971 7.370638 -10.190883
v -2.014970 7.370637 -10.178655
v -2.018020 8.319638 -10.831614
v -2.014970 7.370637 -10.178655
v -2.105019 8.319638 -10.819386
v -2.018020 8.319638 -10.831614
v -1.921386 8.653980 -10.144026
v -2.008384 8.653980 -10.131800
v -1.849350 7.894786 -9.631465
v -2.008384 8.653980 -10.131800
v -1.936349 7.894786 -9.619238
v -1.849350 7.894786 -9.631465
v -1.802996 6.654484 -9.301637
v -1.889994 6.654484 -9.289410
v -1.927971 7.370638 -10.190883
v -1.889994 6.654484 -9.289410
v -2.014970 7.370637 -10.178655
v -1.927971 7.370638 -10.190883
v -1.849350 7.894786 -9.631465
v -1.936349 7.894786 -9.619238
v -1.749370 7.321894 -8.920069
v -1.936349 7.894786 -9.619238
v -1.836368 7.321894 -8.907842
v -1.749370 7.321894 -8.920069
v -1.654194 6.234872 -8.242858
v -1.741193 6.234872 -8.230632
v -1.802996 6.654484 -9.301637
v -1.741193 6.234872 -8.230632
v -1.889994 6.654484 -9.289410
v -1.802996 6.654484 -9.301637
v -1.749370 7.321894 -8.920069
v -1.836368 7.321894 -8.907842
v -1.630331 6.986206 -8.073062
v -1.836368 7.321894 -8.907842
v -1.717329 6.986205 -8.060835
v -1.630331 6.986206 -8.073062
v -2.152135 9.417180 -11.154633
v -2.239133 9.417180 -11.142406
v -2.146783 10.654964 -11.116549
v -2.239133 9.417180 -11.142406
v -2.233781 10.654964 -11.104322
v -2.146783 10.654964 -11.116549
v -2.046904 10.374126 -10.405873
v -2.133902 10.374126 -10.393647
v -2.046079 9.532043 -10.400004
v -2.133902 10.374126 -10.393647
v -2.133077 9.532043 -10.387776
v -2.046079 9.532043 -10.400004
v -2.105019 8.319638 -10.819386
v -2.192018 8.319638 -10.807158
v -2.152135 9.417180 -11.154633
v -2.192018 8.319638 -10.807158
v -2.239133 9.417180 -11.142406
v -2.152135 9.417180 -11.154633
v -2.046079 9.532043 -10.400004
v -2.133077 9.532043 -10.387776
v -2.008384 8.653980 -10.131800
v -2.133077 9.532043 -10.387776
v -2.095383 8.653980 -10.119573
v -2.008384 8.653980 -10.131800
v -2.014970 7.370637 -10.178655
v -2.101968 7.370637 -10.166429
v -2.105019 8.319638 -10.819386
v -2.101968 7.370637 -10.166429
v -2.192018 8.319638 -10.807158
v -2.105019 8.319638 -10.819386
v -2.008384 8.653980 -10.131800
v -2.095383 8.653980 -10.119573
v -1.936349 7.894786 -9.619238
v -2.095383 8.653980 -10.119573
v -2.023347 7.894786 -9.607012
v -1.936349 7.894786 -9.619238
v -1.889994 6.654484 -9.289410
v -1.976993 6.654484 -9.277184
v -2.014970 7.370637 -10.178655
v -1.976993 6.654484 -9.277184
v -2.101968 7.370637 -10.166429
v -2.014970 7.370637 -10.178655
v -1.936349 7.894786 -9.619238
v -2.023347 7.894786 -9.607012
v -1.836368 7.321894 -8.907842
v -2.023347 7.894786 -9.607012
v -1.923367 7.321894 -8.895614
v -1.836368 7.321894 -8.907842
v -1.741193 6.234872 -8.230632
v -1.828192 6.234872 -8.218405
v -1.889994 6.654484 -9.289410
v -1.828192 6.234872 -8.218405
v -1.976993 6.654484 -9.277184
v -1.889994 6.654484 -9.289410
v -1.836368 7.321894 -8.907842
v -1.923367 7.321894 -8.895614
v -1.717329 6.986205 -8.060835
v -1.923367 7.321894 -8.895614
v -1.804328 6.986204 -8.048608
v -1.717329 6.986205 -8.060835
v -2.239133 9.417180 -11.142406
v -2.326132 9.417180 -11.130179
v -2.233781 10.654964 -11.104322
v -2.326132 9.417180 -11.130179
v -2.320780 10.654964 -11.092095
v -2.233781 10.654964 -11.104322
v -2.133902 10.374126 -10.393647
v -2.220901 10.374126 -10.381419
v -2.133077 9.532043 -10.387776
v -2.220901 10.374126 -10.381419
v -2.220076 9.532043 -10.375550
v -2.133077 9.532043 -10.387776
v -2.192018 8.319638 -10.807158
v -2.279016 8.319638 -10.794932
v -2.239133 9.417180 -11.142406
v -2.279016 8.319638 -10.794932
v -2.326132 9.417180 -11.130179
v -2.239133 9.417180 -11.142406
v -2.133077 9.532043 -10.387776
v -2.220076 9.532043 -10.375550
v -2.095383 8.653980 -10.119573
v -2.220076 9.532043 -10.375550
v -2.182382 8.653978 -10.107346
v -2.095383 8.653980 -10.119573
v -2.101968 7.370637 -10.166429
v -2.188967 7.370637 -10.154202
v -2.192018 8.319638 -10.807158
v -2.188967 7.370637 -10.154202
v -2.279016 8.319638 -10.794932
v -2.192018 8.319638 -10.807158
v -2.095383 8.653980 -10.119573
v -2.182382 8.653978 -10.107346
v -2.023347 7.894786 -9.607012
v -2.182382 8.653978 -10.107346
v -2.110346 7.894786 -9.594784
v -2.023347 7.894786 -9.607012
v -1.976993 6.654484 -9.277184
v -2.063992 6.654482 -9.264956
v -2.101968 7.370637 -10.166429
v -2.063992 6.654482 -9.264956
v -2.188967 7.370637 -10.154202
v -2.101968 7.370637 -10.166429
v -2.023347 7.894786 -9.607012
v -2.110346 7.894786 -9.594784
v -1.923367 7.321894 -8.895614
v -2.110346 7.894786 -9.594784
v -2.010366 7.321894 -8.883388
v -1.923367 7.321894 -8.895614
v -1.828192 6.234872 -8.218405
v -1.915190 6.234872 -8.206178
v -1.976993 6.654484 -9.277184
v -1.915190 6.234872 -8.206178
v -2.063992 6.654482 -9.264956
v -1.976993 6.654484 -9.277184
v -1.923367 7.321894 -8.895614
v -2.010366 7.321894 -8.883388
v -1.804328 6.986204 -8.048608
v -2.010366 7.321894 -8.883388
v -1.891327 6.986204 -8.036382
v -1.804328 6.986204 -8.048608
v -2.326132 9.417180 -11.130179
v -2.413131 9.417180 -11.117951
v -2.320780 10.654964 -11.092095
v -2.413131 9.417180 -11.117951
v -2.407778 10.654964 -11.079867
v -2.320780 10.654964 -11.092095
v -2.220901 10.374126 -10.381419
v -2.307899 10.374125 -10.369193
v -2.220076 9.532043 -10.375550
v -2.307899 10.374125 -10.369193
v -2.307075 9.532043 -10.363323
v -2.220076 9.532043 -10.375550
v -2.279016 8.319638 -10.794932
v -2.366015 8.319638 -10.782705
v -2.326132 9.417180 -11.130179
v -2.366015 8.319638 -10.782705
v -2.413131 9.417180 -11.117951
v -2.326132 9.417180 -11.130179
v -2.220076 9.532043 -10.375550
v -2.307075 9.532043 -10.363323
v -2.182382 8.653978 -10.107346
v -2.307075 9.532043 -10.363323
v -2.269381 8.653978 -10.095119
v -2.182382 8.653978 -10.107346
v -2.188967 7.370637 -10.154202
v -2.275966 7.370637 -10.141974
v -2.279016 8.319638 -10.794932
v -2.275966 7.370637 -10.141974
v -2.366015 8.319638 -10.782705
v -2.279016 8.319638 -10.794932
v -2.182382 8.653978 -10.107346
v -2.269381 8.653978 -10.095119
v -2.110346 7.894786 -9.594784
v -2.269381 8.653978 -10.095119
v -2.197345 7.894786 -9.582558
v -2.110346 7.894786 -9.594784
v -2.063992 6.654482 -9.264956
v -2.150991 6.654482 -9.252729
v -2.188967 7.370637 -10.154202
v -2.150991 6.654482 -9.252729
v -2.275966 7.370637 -10.141974
v -2.188967 7.370637 -10.154202
v -2.110346 7.894786 -9.594784
v -2.197345 7.894786 -9.582558
v -2.010366 7.321894 -8.883388
v -2.197345 7.894786 -9.582558
v -2.097365 7.321894 -8.871161
v -2.010366 7.321894 -8.883388
v -1.915190 6.234872 -8.206178
v -2.002189 6.234872 -8.193952
v -2.063992 6.654482 -9.264956
v -2.002189 6.234872 -8.193952
v -2.150991 6.654482 -9.252729
v -2.063992 6.654482 -9.264956
v -2.010366 7.321894 -8.883388
v -2.097365 7.321894 -8.871161
v -1.891327 6.986204 -8.036382
v -2.097365 7.321894 -8.871161
v -1.978326 6.986204 -8.024154
v -1.891327 6.986204 -8.036382
v -1.611910 10.374126 -10.467008
v -1.611085 9.532044 -10.461139
v -1.711789 10.654964 -11.177683
v -1.611085 9.532044 -10.461139
v -1.717141 9.417181 -11.215766
v -1.711789 10.654964 -11.177683
v -2.413131 9.417180 -11.117951
v -2.307075 9.532043 -10.363323
v -2.407778 10.654964 -11.079867
v -2.307075 9.532043 -10.363323
v -2.307899 10.374125 -10.369193
v -2.407778 10.654964 -11.079867
v -1.611085 9.532044 -10.461139
v -1.573391 8.653980 -10.192934
v -1.717141 9.417181 -11.215766
v -1.573391 8.653980 -10.192934
v -1.670025 8.319640 -10.880520
v -1.717141 9.417181 -11.215766
v -2.366015 8.319638 -10.782705
v -2.269381 8.653978 -10.095119
v -2.413131 9.417180 -11.117951
v -2.269381 8.653978 -10.095119
v -2.307075 9.532043 -10.363323
v -2.413131 9.417180 -11.117951
v -1.573391 8.653980 -10.192934
v -1.501355 7.894787 -9.680373
v -1.670025 8.319640 -10.880520
v -1.501355 7.894787 -9.680373
v -1.579976 7.370638 -10.239791
v -1.670025 8.319640 -10.880520
v -2.275966 7.370637 -10.141974
v -2.197345 7.894786 -9.582558
v -2.366015 8.319638 -10.782705
v -2.197345 7.894786 -9.582558
v -2.269381 8.653978 -10.095119
v -2.366015 8.319638 -10.782705
v -1.501355 7.894787 -9.680373
v -1.401375 7.321895 -8.968975
v -1.579976 7.370638 -10.239791
v -1.401375 7.321895 -8.968975
v -1.455001 6.654484 -9.350545
v -1.579976 7.370638 -10.239791
v -2.150991 6.654482 -9.252729
v -2.097365 7.321894 -8.871161
v -2.275966 7.370637 -10.141974
v -2.097365 7.321894 -8.871161
v -2.197345 7.894786 -9.582558
v -2.275966 7.370637 -10.141974
v -1.401375 7.321895 -8.968975
v -1.282336 6.986206 -8.121969
v -1.455001 6.654484 -9.350545
v -1.282336 6.986206 -8.121969
v -1.306199 6.234872 -8.291766
v -1.455001 6.654484 -9.350545
v -2.002189 6.234872 -8.193952
v -1.978326 6.986204 -8.024154
v -2.150991 6.654482 -9.252729
v -1.978326 6.986204 -8.024154
v -2.097365 7.321894 -8.871161
v -2.150991 6.654482 -9.252729
vn 0.1376 -0.1490 -0.9792
vn 0.1296 0.3644 -0.9222
vn -0.1296 -0.3644 0.9222
vn -0.1376 0.1490 0.9792
vn 0.1254 -0.4339 -0.8922
vn 0.1255 -0.4339 -0.8922
vn 0.1376 -0.1491 -0.9792
vn -0.1376 0.1491 0.9792
vn -0.1377 0.1491 0.9792
vn -0.1254 0.4338 0.8922
vn 0.1020 -0.6802 -0.7259
vn -0.1254 0.4339 0.8922
vn -0.1020 0.6801 0.7259
vn 0.0696 -0.8660 -0.4952
vn 0.0695 -0.8660 -0.4952
vn -0.1020 0.6802 0.7259
vn -0.0696 0.8660 0.4952
vn 0.0310 -0.9749 -0.2204
vn 0.0696 -0.8660 -0.4951
vn -0.0696 0.8660 0.4951
vn -0.0310 0.9749 0.2204
vn 0.1254 -0.4338 -0.8922
vn 0.1021 -0.6802 -0.7259
vn 0.0695 -0.8660 -0.4951
vn -0.9903 -0.0000 -0.1392
vn 0.9903 -0.0000 0.1392
vn -0.1376 -0.1490 -0.9792
vn -0.1296 0.3644 -0.9222
vn 0.1296 -0.3644 0.9222
vn 0.1376 0.1490 0.9792
vn -0.1254 -0.4339 -0.8922
vn -0.1376 -0.1491 -0.9792
vn 0.1376 0.1491 0.9792
vn 0.1254 0.4338 0.8922
vn -0.1020 -0.6802 -0.7259
vn 0.1254 0.4339 0.8922
vn 0.1020 0.6801 0.7259
vn -0.0696 -0.8660 -0.4952
vn 0.1020 0.6802 0.7259
vn 0.0696 0.8660 0.4952
vn -0.0310 -0.9749 -0.2204
vn -0.0696 -0.8660 -0.4951
vn -0.0309 -0.9749 -0.2204
vn 0.0696 0.8660 0.4951
vn 0.0310 0.9749 0.2204
vn -0.1254 -0.4338 -0.8922
vn -0.1377 -0.1491 -0.9792
vn 0.9903 -0.0000 -0.1392
vn -0.9903 -0.0000 0.1392
vt 0.947821 0.389602
vt 0.947726 0.389602
vt 0.948019 0.401826
vt 0.948113 0.401826
vt 0.953579 0.399052
vt 0.953485 0.399052
vt 0.953530 0.390736
vt 0.953624 0.390736
vt 0.950399 0.378763
vt 0.950305 0.378763
vt 0.955593 0.382065
vt 0.955687 0.382065
vt 0.955327 0.369391
vt 0.955233 0.369391
vt 0.959535 0.374567
vt 0.959629 0.374567
vt 0.962166 0.362318
vt 0.962072 0.362318
vt 0.965007 0.368909
vt 0.965101 0.368909
vt 0.970309 0.358174
vt 0.970215 0.358174
vt 0.971521 0.365594
vt 0.971615 0.365594
vt 0.947915 0.389602
vt 0.948207 0.401826
vt 0.953673 0.399052
vt 0.953718 0.390736
vt 0.950493 0.378763
vt 0.955781 0.382065
vt 0.955421 0.369391
vt 0.959723 0.374567
vt 0.962260 0.362318
vt 0.965195 0.368909
vt 0.970403 0.358174
vt 0.971709 0.365594
vt 0.948009 0.389602
vt 0.948301 0.401826
vt 0.953767 0.399052
vt 0.953813 0.390736
vt 0.950587 0.378763
vt 0.955875 0.382065
vt 0.955515 0.369391
vt 0.959818 0.374567
vt 0.962354 0.362318
vt 0.965289 0.368909
vt 0.970497 0.358174
vt 0.971803 0.365594
vt 0.948103 0.389602
vt 0.948396 0.401826
vt 0.953861 0.399052
vt 0.953907 0.390736
vt 0.950681 0.378763
vt 0.955969 0.382065
vt 0.955609 0.369391
vt 0.959912 0.374567
vt 0.962448 0.362318
vt 0.965383 0.368909
vt 0.970591 0.358174
vt 0.971897 0.365594
vt 0.948197 0.389602
vt 0.948490 0.401826
vt 0.953955 0.399052
vt 0.954001 0.390736
vt 0.950775 0.378763
vt 0.956063 0.382065
vt 0.955703 0.369391
vt 0.960006 0.374567
vt 0.962542 0.362318
vt 0.965477 0.368909
vt 0.970686 0.358174
vt 0.971991 0.365594
vt 0.948291 0.389602
vt 0.948584 0.401826
vt 0.954050 0.399052
vt 0.954095 0.390736
vt 0.950869 0.378763
vt 0.956157 0.382065
vt 0.955797 0.369391
vt 0.960100 0.374567
vt 0.962636 0.362318
vt 0.965571 0.368909
vt 0.970780 0.358174
vt 0.972086 0.365594
vt 0.948385 0.389602
vt 0.948678 0.401826
vt 0.954144 0.399052
vt 0.954189 0.390736
vt 0.950963 0.378763
vt 0.956252 0.382065
vt 0.955891 0.369391
vt 0.960194 0.374567
vt 0.962730 0.362318
vt 0.965665 0.368909
vt 0.970874 0.358174
vt 0.972180 0.365594
vt 0.948479 0.389602
vt 0.948772 0.401826
vt 0.954238 0.399052
vt 0.954283 0.390736
vt 0.951057 0.378763
vt 0.956345 0.382065
vt 0.955985 0.369391
vt 0.960288 0.374567
vt 0.962824 0.362318
vt 0.965759 0.368909
vt 0.970968 0.358174
vt 0.972274 0.365594
vt 0.971521 0.365594
vt 0.948207 0.401826
vt 0.965289 0.368909
vt 0.950681 0.378763
vt 0.962636 0.362318
vt 0.960194 0.374567
s 1
usemtl Fin_Bars
f 7627/934/2831 7628/935/2831 7629/936/2832
f 7630/937/2832 7631/934/2831 7632/936/2832
f 7633/938/2833 7634/939/2833 7635/940/2834
f 7636/941/2834 7637/938/2833 7638/940/2834
f 7639/942/2835 7640/943/2836 7641/935/2837
f 7642/934/2837 7643/942/2835 7644/935/2837
f 7645/941/2838 7646/940/2839 7647/944/2840
f 7648/945/2840 7649/941/2838 7650/944/2840
f 7651/946/2841 7652/947/2841 7653/943/2835
f 7654/942/2835 7655/946/2841 7656/943/2835
f 7657/945/2842 7658/944/2842 7659/948/2843
f 7660/949/2843 7661/945/2842 7662/948/2843
f 7663/950/2844 7664/951/2845 7665/947/2841
f 7666/946/2841 7667/950/2844 7668/947/2841
f 7669/949/2846 7670/948/2846 7671/952/2847
f 7672/953/2847 7673/949/2846 7674/952/2847
f 7675/954/2848 7676/955/2848 7677/951/2849
f 7678/950/2849 7679/954/2848 7680/951/2849
f 7681/953/2850 7682/952/2850 7683/956/2851
f 7684/957/2851 7685/953/2850 7686/956/2851
f 7687/958/2831 7688/934/2831 7689/937/2832
f 7690/959/2832 7691/958/2831 7692/937/2832
f 7693/960/2833 7694/938/2833 7695/941/2834
f 7696/961/2834 7697/960/2833 7698/941/2834
f 7699/962/2835 7700/942/2835 7701/934/2837
f 7702/958/2837 7703/962/2835 7704/934/2837
f 7705/961/2838 7706/941/2838 7707/945/2840
f 7708/963/2842 7709/961/2838 7710/945/2842
f 7711/964/2841 7712/946/2841 7713/942/2835
f 7714/962/2835 7715/964/2841 7716/942/2835
f 7717/963/2842 7718/945/2842 7719/949/2843
f 7720/965/2843 7721/963/2842 7722/949/2843
f 7723/966/2844 7724/950/2844 7725/946/2841
f 7726/964/2841 7727/966/2844 7728/946/2841
f 7729/965/2846 7730/949/2846 7731/953/2847
f 7732/967/2847 7733/965/2846 7734/953/2847
f 7735/968/2848 7736/954/2848 7737/950/2849
f 7738/966/2849 7739/968/2848 7740/950/2849
f 7741/967/2850 7742/953/2850 7743/957/2851
f 7744/969/2851 7745/967/2850 7746/957/2851
f 7747/970/2831 7748/958/2831 7749/959/2832
f 7750/971/2832 7751/970/2831 7752/959/2832
f 7753/972/2833 7754/960/2833 7755/961/2834
f 7756/973/2834 7757/972/2833 7758/961/2834
f 7759/974/2852 7760/962/2852 7761/958/2837
f 7762/970/2837 7763/974/2835 7764/958/2837
f 7765/973/2838 7766/961/2838 7767/963/2840
f 7768/975/2842 7769/973/2838 7770/963/2840
f 7771/976/2841 7772/964/2841 7773/962/2835
f 7774/974/2835 7775/976/2841 7776/962/2835
f 7777/975/2842 7778/963/2842 7779/965/2843
f 7780/977/2843 7781/975/2842 7782/965/2843
f 7783/978/2844 7784/966/2844 7785/964/2841
f 7786/976/2841 7787/978/2844 7788/964/2841
f 7789/977/2846 7790/965/2846 7791/967/2847
f 7792/979/2847 7793/977/2846 7794/967/2847
f 7795/980/2848 7796/968/2848 7797/966/2849
f 7798/978/2849 7799/980/2848 7800/966/2849
f 7801/979/2850 7802/967/2850 7803/969/2851
f 7804/981/2851 7805/979/2850 7806/969/2851
f 7807/982/2831 7808/970/2831 7809/971/2832
f 7810/983/2832 7811/982/2831 7812/971/2832
f 7813/984/2833 7814/972/2833 7815/973/2834
f 7816/985/2834 7817/984/2833 7818/973/2834
f 7819/986/2852 7820/974/2852 7821/970/2837
f 7822/982/2837 7823/986/2835 7824/970/2837
f 7825/985/2838 7826/973/2838 7827/975/2840
f 7828/987/2842 7829/985/2838 7830/975/2842
f 7831/988/2841 7832/976/2841 7833/974/2835
f 7834/986/2835 7835/988/2841 7836/974/2835
f 7837/987/2842 7838/975/2842 7839/977/2843
f 7840/989/2843 7841/987/2842 7842/977/2843
f 7843/990/2844 7844/978/2844 7845/976/2841
f 7846/988/2841 7847/990/2844 7848/976/2841
f 7849/989/2846 7850/977/2846 7851/979/2847
f 7852/991/2847 7853/989/2846 7854/979/2847
f 7855/992/2848 7856/980/2848 7857/978/2849
f 7858/990/2849 7859/992/2848 7860/978/2849
f 7861/991/2850 7862/979/2850 7863/981/2851
f 7864/993/2851 7865/991/2850 7866/981/2851
f 7867/994/2831 7868/982/2831 7869/983/2832
f 7870/995/2832 7871/994/2831 7872/983/2832
f 7873/996/2833 7874/984/2833 7875/985/2834
f 7876/997/2834 7877/996/2833 7878/985/2834
f 7879/998/2852 7880/986/2835 7881/982/2837
f 7882/994/2837 7883/998/2835 7884/982/2837
f 7885/997/2838 7886/985/2838 7887/987/2840
f 7888/999/2842 7889/997/2838 7890/987/2842
f 7891/1000/2841 7892/988/2853 7893/986/2835
f 7894/998/2835 7895/1000/2841 7896/986/2835
f 7897/999/2842 7898/987/2842 7899/989/2843
f 7900/1001/2843 7901/999/2842 7902/989/2843
f 7903/1002/2844 7904/990/2844 7905/988/2841
f 7906/1000/2841 7907/1002/2844 7908/988/2841
f 7909/1001/2846 7910/989/2846 7911/991/2847
f 7912/1003/2847 7913/1001/2846 7914/991/2847
f 7915/1004/2848 7916/992/2848 7917/990/2849
f 7918/1002/2849 7919/1004/2848 7920/990/2849
f 7921/1003/2850 7922/991/2850 7923/993/2851
f 7924/1005/2851 7925/1003/2850 7926/993/2851
f 7927/1006/2831 7928/994/2831 7929/995/2832
f 7930/1007/2832 7931/1006/2831 7932/995/2832
f 7933/1008/2833 7934/996/2833 7935/997/2834
f 7936/1009/2834 7937/1008/2833 7938/997/2834
f 7939/1010/2835 7940/998/2852 7941/994/2837
f 7942/1006/2837 7943/1010/2835 7944/994/2837
f 7945/1009/2838 7946/997/2839 7947/999/2840
f 7948/1011/2842 7949/1009/2838 7950/999/2842
f 7951/1012/2841 7952/1000/2841 7953/998/2835
f 7954/1010/2835 7955/1012/2841 7956/998/2835
f 7957/1011/2842 7958/999/2842 7959/1001/2843
f 7960/1013/2843 7961/1011/2842 7962/1001/2843
f 7963/1014/2844 7964/1002/2844 7965/1000/2841
f 7966/1012/2841 7967/1014/2844 7968/1000/2841
f 7969/1013/2846 7970/1001/2846 7971/1003/2847
f 7972/1015/2847 7973/1013/2846 7974/1003/2847
f 7975/1016/2848 7976/1004/2848 7977/1002/2849
f 7978/1014/2849 7979/1016/2848 7980/1002/2849
f 7981/1015/2850 7982/1003/2850 7983/1005/2851
f 7984/1017/2851 7985/1015/2850 7986/1005/2851
f 7987/1018/2831 7988/1006/2831 7989/1007/2832
f 7990/1019/2832 7991/1018/2831 7992/1007/2832
f 7993/1020/2833 7994/1008/2833 7995/1009/2834
f 7996/1021/2834 7997/1020/2833 7998/1009/2834
f 7999/1022/2835 8000/1010/2852 8001/1006/2837
f 8002/1018/2837 8003/1022/2835 8004/1006/2837
f 8005/1021/2838 8006/1009/2838 8007/1011/2840
f 8008/1023/2842 8009/1021/2838 8010/1011/2842
f 8011/1024/2841 8012/1012/2841 8013/1010/2835
f 8014/1022/2835 8015/1024/2841 8016/1010/2835
f 8017/1023/2842 8018/1011/2842 8019/1013/2843
f 8020/1025/2843 8021/1023/2842 8022/1013/2843
f 8023/1026/2844 8024/1014/2844 8025/1012/2841
f 8026/1024/2841 8027/1026/2844 8028/1012/2841
f 8029/1025/2846 8030/1013/2846 8031/1015/2847
f 8032/1027/2847 8033/1025/2846 8034/1015/2847
f 8035/1028/2848 8036/1016/2848 8037/1014/2849
f 8038/1026/2849 8039/1028/2848 8040/1014/2849
f 8041/1027/2850 8042/1015/2850 8043/1017/2851
f 8044/1029/2851 8045/1027/2850 8046/1017/2851
f 8047/1030/2831 8048/1018/2831 8049/1019/2832
f 8050/1031/2832 8051/1030/2831 8052/1019/2832
f 8053/1032/2833 8054/1020/2833 8055/1021/2834
f 8056/1033/2834 8057/1032/2833 8058/1021/2834
f 8059/1034/2852 8060/1022/2835 8061/1018/2837
f 8062/1030/2837 8063/1034/2835 8064/1018/2837
f 8065/1033/2838 8066/1021/2838 8067/1023/2840
f 8068/1035/2840 8069/1033/2838 8070/1023/2840
f 8071/1036/2841 8072/1024/2841 8073/1022/2835
f 8074/1034/2835 8075/1036/2841 8076/1022/2835
f 8077/1035/2842 8078/1023/2842 8079/1025/2843
f 8080/1037/2843 8081/1035/2842 8082/1025/2843
f 8083/1038/2844 8084/1026/2844 8085/1024/2841
f 8086/1036/2841 8087/1038/2844 8088/1024/2841
f 8089/1037/2846 8090/1025/2846 8091/1027/2847
f 8092/1039/2847 8093/1037/2846 8094/1027/2847
f 8095/1040/2848 8096/1028/2848 8097/1026/2849
f 8098/1038/2854 8099/1040/2848 8100/1026/2849
f 8101/1039/2850 8102/1027/2850 8103/1029/2851
f 8104/1041/2851 8105/1039/2850 8106/1029/2851
f 8107/940/2855 8108/939/2855 8109/936/2855
f 8110/935/2855 8111/940/2855 8112/936/2855
f 8113/1033/2856 8114/1030/2856 8115/1031/2856
f 8116/1032/2856 8117/1033/2856 8118/1031/2856
f 8119/944/2855 8120/940/2855 8121/935/2855
f 8122/943/2855 8123/944/2855 8124/935/2855
f 8125/1035/2856 8126/1034/2856 8127/1030/2856
f 8128/1033/2856 8129/1035/2856 8130/1030/2856
f 8131/948/2855 8132/944/2855 8133/943/2855
f 8134/947/2855 8135/948/2855 8136/943/2855
f 8137/1037/2856 8138/1036/2856 8139/1034/2856
f 8140/1035/2856 8141/1037/2856 8142/1034/2856
f 8143/952/2855 8144/948/2855 8145/947/2855
f 8146/951/2855 8147/952/2855 8148/947/2855
f 8149/1039/2856 8150/1038/2856 8151/1036/2856
f 8152/1037/2856 8153/1039/2856 8154/1036/2856
f 8155/956/2855 8156/952/2855 8157/951/2855
f 8158/955/2855 8159/956/2855 8160/951/2855
f 8161/1041/2856 8162/1040/2856 8163/1038/2856
f 8164/1039/2856 8165/1041/2856 8166/1038/2856
f 8167/935/2857 8168/934/2857 8169/936/2858
f 8170/934/2857 8171/937/2858 8172/936/2858
f 8173/939/2859 8174/938/2859 8175/940/2860
f 8176/938/2859 8177/941/2860 8178/940/2860
f 8179/943/2861 8180/942/2861 8181/935/2862
f 8182/942/2861 8183/934/2862 8184/935/2862
f 8185/940/2863 8186/941/2863 8187/944/2864
f 8188/941/2863 8189/945/2864 8190/944/2864
f 8191/947/2865 8192/946/2865 8193/943/2861
f 8194/946/2865 8195/942/2861 8196/943/2861
f 8197/944/2866 8198/945/2866 8199/948/2867
f 8200/945/2866 8201/949/2867 8202/948/2867
f 8203/951/2868 8204/950/2868 8205/947/2865
f 8206/950/2868 8207/946/2865 8208/947/2865
f 8209/948/2869 8210/949/2869 8211/952/2870
f 8212/949/2869 8213/953/2870 8214/952/2870
f 8215/955/2871 8216/954/2871 8217/951/2872
f 8218/954/2873 8219/950/2872 8220/951/2872
f 8221/952/2874 8222/953/2874 8223/1042/2875
f 8224/953/2874 8225/957/2875 8226/1042/2875
f 8227/934/2857 8228/958/2857 8229/937/2858
f 8230/958/2857 8231/1043/2858 8232/937/2858
f 8233/938/2859 8234/960/2859 8235/941/2860
f 8236/960/2859 8237/961/2860 8238/941/2860
f 8239/942/2861 8240/962/2861 8241/934/2862
f 8242/962/2861 8243/958/2862 8244/934/2862
f 8245/941/2863 8246/961/2863 8247/945/2864
f 8248/961/2863 8249/963/2866 8250/945/2866
f 8251/946/2865 8252/964/2865 8253/942/2861
f 8254/964/2865 8255/962/2861 8256/942/2861
f 8257/945/2866 8258/963/2866 8259/949/2867
f 8260/963/2866 8261/965/2867 8262/949/2867
f 8263/950/2872 8264/966/2868 8265/946/2865
f 8266/966/2868 8267/964/2865 8268/946/2865
f 8269/949/2869 8270/965/2869 8271/953/2870
f 8272/965/2869 8273/967/2870 8274/953/2870
f 8275/954/2871 8276/968/2871 8277/950/2872
f 8278/968/2871 8279/966/2872 8280/950/2872
f 8281/953/2874 8282/967/2874 8283/957/2875
f 8284/967/2874 8285/969/2875 8286/957/2875
f 8287/958/2857 8288/970/2857 8289/1043/2858
f 8290/970/2857 8291/971/2858 8292/1043/2858
f 8293/960/2859 8294/972/2859 8295/961/2860
f 8296/972/2859 8297/973/2860 8298/961/2860
f 8299/962/2876 8300/974/2876 8301/958/2862
f 8302/974/2861 8303/970/2862 8304/958/2862
f 8305/961/2863 8306/973/2863 8307/963/2864
f 8308/973/2863 8309/975/2866 8310/963/2864
f 8311/964/2865 8312/976/2865 8313/962/2861
f 8314/976/2865 8315/974/2861 8316/962/2861
f 8317/963/2866 8318/975/2866 8319/965/2867
f 8320/975/2866 8321/977/2867 8322/965/2867
f 8323/966/2868 8324/978/2868 8325/964/2865
f 8326/978/2868 8327/976/2865 8328/964/2865
f 8329/965/2869 8330/977/2869 8331/967/2870
f 8332/977/2869 8333/1044/2870 8334/967/2870
f 8335/968/2871 8336/980/2871 8337/966/2872
f 8338/980/2871 8339/978/2872 8340/966/2872
f 8341/967/2874 8342/1044/2874 8343/969/2875
f 8344/1044/2874 8345/981/2875 8346/969/2875
f 8347/970/2857 8348/982/2857 8349/971/2858
f 8350/982/2857 8351/983/2858 8352/971/2858
f 8353/972/2859 8354/984/2859 8355/973/2860
f 8356/984/2859 8357/985/2860 8358/973/2860
f 8359/974/2876 8360/1045/2876 8361/970/2862
f 8362/1045/2861 8363/982/2862 8364/970/2862
f 8365/973/2863 8366/985/2863 8367/975/2864
f 8368/985/2863 8369/987/2864 8370/975/2866
f 8371/976/2865 8372/988/2865 8373/974/2861
f 8374/988/2865 8375/1045/2861 8376/974/2861
f 8377/975/2866 8378/987/2866 8379/977/2867
f 8380/987/2866 8381/989/2867 8382/977/2867
f 8383/978/2868 8384/990/2868 8385/976/2865
f 8386/990/2868 8387/988/2865 8388/976/2865
f 8389/977/2869 8390/989/2869 8391/1044/2870
f 8392/989/2869 8393/991/2870 8394/1044/2870
f 8395/980/2871 8396/992/2871 8397/978/2872
f 8398/992/2871 8399/990/2872 8400/978/2872
f 8401/1044/2874 8402/991/2874 8403/981/2875
f 8404/991/2874 8405/993/2875 8406/981/2875
f 8407/982/2857 8408/994/2857 8409/983/2858
f 8410/994/2857 8411/995/2858 8412/983/2858
f 8413/984/2859 8414/996/2859 8415/985/2860
f 8416/996/2859 8417/997/2860 8418/985/2860
f 8419/1045/2861 8420/998/2876 8421/982/2877
f 8422/998/2861 8423/994/2862 8424/982/2862
f 8425/985/2863 8426/997/2863 8427/987/2864
f 8428/997/2863 8429/999/2866 8430/987/2866
f 8431/988/2865 8432/1000/2865 8433/1045/2861
f 8434/1000/2865 8435/998/2861 8436/1045/2861
f 8437/987/2866 8438/999/2866 8439/989/2867
f 8440/999/2866 8441/1001/2867 8442/989/2867
f 8443/990/2868 8444/1002/2868 8445/988/2865
f 8446/1002/2868 8447/1000/2865 8448/988/2865
f 8449/989/2869 8450/1001/2869 8451/991/2870
f 8452/1001/2869 8453/1003/2870 8454/991/2870
f 8455/992/2871 8456/1004/2871 8457/990/2872
f 8458/1004/2871 8459/1002/2872 8460/990/2872
f 8461/991/2874 8462/1003/2874 8463/993/2875
f 8464/1003/2874 8465/1005/2875 8466/993/2875
f 8467/994/2857 8468/1006/2857 8469/995/2858
f 8470/1006/2857 8471/1007/2858 8472/995/2858
f 8473/996/2859 8474/1008/2859 8475/997/2860
f 8476/1008/2859 8477/1009/2860 8478/997/2860
f 8479/998/2876 8480/1010/2861 8481/994/2862
f 8482/1010/2861 8483/1006/2862 8484/994/2862
f 8485/997/2863 8486/1009/2863 8487/999/2864
f 8488/1009/2863 8489/1011/2866 8490/999/2864
f 8491/1000/2865 8492/1012/2865 8493/998/2861
f 8494/1012/2865 8495/1010/2861 8496/998/2861
f 8497/999/2866 8498/1011/2866 8499/1001/2867
f 8500/1011/2866 8501/1013/2867 8502/1001/2867
f 8503/1002/2868 8504/1046/2868 8505/1000/2865
f 8506/1046/2868 8507/1012/2865 8508/1000/2865
f 8509/1001/2869 8510/1013/2869 8511/1003/2870
f 8512/1013/2869 8513/1015/2870 8514/1003/2870
f 8515/1004/2871 8516/1016/2871 8517/1002/2872
f 8518/1016/2871 8519/1046/2872 8520/1002/2872
f 8521/1003/2874 8522/1015/2874 8523/1005/2875
f 8524/1015/2874 8525/1017/2875 8526/1005/2875
f 8527/1006/2857 8528/1018/2857 8529/1007/2858
f 8530/1018/2857 8531/1019/2858 8532/1007/2858
f 8533/1008/2859 8534/1020/2859 8535/1009/2860
f 8536/1020/2859 8537/1021/2860 8538/1009/2860
f 8539/1010/2876 8540/1022/2861 8541/1006/2862
f 8542/1022/2861 8543/1018/2862 8544/1006/2862
f 8545/1009/2863 8546/1021/2863 8547/1011/2864
f 8548/1021/2863 8549/1023/2866 8550/1011/2866
f 8551/1012/2865 8552/1024/2865 8553/1010/2861
f 8554/1024/2865 8555/1022/2861 8556/1010/2861
f 8557/1011/2866 8558/1023/2866 8559/1013/2867
f 8560/1023/2866 8561/1047/2867 8562/1013/2867
f 8563/1046/2868 8564/1026/2868 8565/1012/2865
f 8566/1026/2868 8567/1024/2865 8568/1012/2865
f 8569/1013/2869 8570/1047/2869 8571/1015/2870
f 8572/1047/2869 8573/1027/2870 8574/1015/2870
f 8575/1016/2871 8576/1028/2871 8577/1046/2872
f 8578/1028/2871 8579/1026/2872 8580/1046/2872
f 8581/1015/2874 8582/1027/2874 8583/1017/2875
f 8584/1027/2874 8585/1029/2875 8586/1017/2875
f 8587/1018/2857 8588/1030/2857 8589/1019/2858
f 8590/1030/2857 8591/1031/2858 8592/1019/2858
f 8593/1020/2859 8594/1032/2859 8595/1021/2860
f 8596/1032/2859 8597/1033/2860 8598/1021/2860
f 8599/1022/2861 8600/1034/2876 8601/1018/2862
f 8602/1034/2861 8603/1030/2862 8604/1018/2862
f 8605/1021/2863 8606/1033/2863 8607/1023/2864
f 8608/1033/2863 8609/1035/2864 8610/1023/2864
f 8611/1024/2865 8612/1036/2865 8613/1022/2861
f 8614/1036/2865 8615/1034/2861 8616/1022/2861
f 8617/1023/2866 8618/1035/2866 8619/1047/2867
f 8620/1035/2866 8621/1037/2867 8622/1047/2867
f 8623/1026/2868 8624/1038/2868 8625/1024/2865
f 8626/1038/2868 8627/1036/2865 8628/1024/2865
f 8629/1047/2869 8630/1037/2869 8631/1027/2870
f 8632/1037/2869 8633/1039/2870 8634/1027/2870
f 8635/1028/2871 8636/1040/2871 8637/1026/2872
f 8638/1040/2871 8639/1038/2872 8640/1026/2872
f 8641/1027/2874 8642/1039/2874 8643/1029/2875
f 8644/1039/2874 8645/1041/2875 8646/1029/2875
f 8647/939/2878 8648/940/2878 8649/936/2878
f 8650/940/2878 8651/935/2878 8652/936/2878
f 8653/1030/2879 8654/1033/2879 8655/1031/2879
f 8656/1033/2879 8657/1032/2879 8658/1031/2879
f 8659/940/2878 8660/944/2878 8661/935/2878
f 8662/944/2878 8663/943/2878 8664/935/2878
f 8665/1034/2879 8666/1035/2879 8667/1030/2879
f 8668/1035/2879 8669/1033/2879 8670/1030/2879
f 8671/944/2878 8672/948/2878 8673/943/2878
f 8674/948/2878 8675/947/2878 8676/943/2878
f 8677/1036/2879 8678/1037/2879 8679/1034/2879
f 8680/1037/2879 8681/1035/2879 8682/1034/2879
f 8683/948/2878 8684/952/2878 8685/947/2878
f 8686/952/2878 8687/951/2878 8688/947/2878
f 8689/1038/2879 8690/1039/2879 8691/1036/2879
f 8692/1039/2879 8693/1037/2879 8694/1036/2879
f 8695/952/2878 8696/1042/2878 8697/951/2878
f 8698/1042/2878 8699/955/2878 8700/951/2878
f 8701/1040/2879 8702/1041/2879 8703/1038/2879
f 8704/1041/2879 8705/1039/2879 8706/1038/2879
o Bottom_20
v -1.693255 7.073202 3.490042
v -1.637352 6.853271 4.287804
v 0.000000 7.848164 3.738004
v -1.637352 6.853271 4.287804
v 0.000000 7.581889 4.382556
v 0.000000 7.848164 3.738004
v 0.000000 7.581889 4.382556
v -1.637352 6.853271 4.287804
v -1.519644 6.499936 5.796221
v 0.000000 7.051245 5.910416
v 0.000000 7.581889 4.382556
v -1.519644 6.499936 5.796221
v 0.000000 7.051245 5.910416
v -1.519644 6.499936 5.796221
v -1.475055 6.394939 6.311297
v 0.000000 6.826711 6.471848
v 0.000000 7.051245 5.910416
v -1.475055 6.394939 6.311297
v 0.000000 6.826711 6.471848
v -1.475055 6.394939 6.311297
v -1.382303 6.067512 7.280974
v 0.000000 6.505541 7.342766
v 0.000000 6.826711 6.471848
v -1.382303 6.067512 7.280974
v -2.986684 6.045379 4.924342
v -2.734622 6.162637 5.243982
v -1.637352 6.853271 4.287804
v -1.519644 6.499936 5.796221
v -2.734622 6.162637 5.243982
v -3.070880 5.836253 5.903179
v -1.475055 6.394939 6.311297
v -1.519644 6.499936 5.796221
v -3.070880 5.836253 5.903179
v -1.519644 6.499936 5.796221
v -1.637352 6.853271 4.287804
v -2.734622 6.162637 5.243982
v -1.214357 5.556133 8.376809
v 0.000000 6.209827 8.120889
v 0.000000 6.505541 7.342766
v -0.540989 5.677284 8.761633
v 0.000000 6.209827 8.120889
v -1.214357 5.556133 8.376809
v -1.177871 5.433075 8.680581
v -1.214357 5.556133 8.376809
v -2.129021 5.177441 8.584088
v -1.382303 6.067512 7.280974
v -1.214357 5.556133 8.376809
v 0.000000 6.505541 7.342766
v -1.382303 6.067512 7.280974
v -2.129021 5.177441 8.584088
v -1.214357 5.556133 8.376809
v -2.129021 5.177441 8.584088
v -1.382303 6.067512 7.280974
v -2.632845 5.276175 7.875764
v -2.632845 5.276175 7.875764
v -1.382303 6.067512 7.280974
v -2.606691 5.447751 7.147648
v -2.606691 5.447751 7.147648
v -1.382303 6.067512 7.280974
v -1.475055 6.394939 6.311297
v -3.070880 5.836253 5.903179
v -2.606691 5.447751 7.147648
v -1.475055 6.394939 6.311297
v 1.637352 6.853271 4.287804
v 1.693198 7.073202 3.490042
v 0.000000 7.848164 3.738004
v 0.000000 7.581889 4.382556
v 1.637352 6.853271 4.287804
v 0.000000 7.848164 3.738004
v 1.637352 6.853271 4.287804
v 0.000000 7.581889 4.382556
v 1.519644 6.499936 5.796221
v 0.000000 7.581889 4.382556
v 0.000000 7.051245 5.910416
v 1.519644 6.499936 5.796221
v 1.519644 6.499936 5.796221
v 0.000000 7.051245 5.910416
v 1.475055 6.394939 6.311297
v 0.000000 7.051245 5.910416
v 0.000000 6.826711 6.471848
v 1.475055 6.394939 6.311297
v 1.475055 6.394939 6.311297
v 0.000000 6.826711 6.471848
v 1.382303 6.067512 7.280974
v 0.000000 6.826711 6.471848
v 0.000000 6.505541 7.342766
v 1.382303 6.067512 7.280974
v 2.340104 6.838443 3.046887
v 1.693198 7.073202 3.490042
v 1.637352 6.853271 4.287804
v 2.598676 6.319228 4.200176
v 1.637352 6.853271 4.287804
v 2.734622 6.162637 5.243982
v 2.847575 6.053000 5.465414
v 2.734622 6.162637 5.243982
v 1.519644 6.499936 5.796221
v 2.940002 5.892248 5.894155
v 1.519644 6.499936 5.796221
v 1.475055 6.394939 6.311297
v 1.637352 6.853271 4.287804
v 1.519644 6.499936 5.796221
v 2.734622 6.162637 5.243982
v 0.000000 5.892263 8.854395
v 0.000000 5.822894 9.014625
v 0.548883 5.669513 8.770984
v 0.000000 6.209827 8.120889
v 1.214357 5.556133 8.376809
v 0.000000 6.505541 7.342766
v 1.162810 5.382277 8.805979
v 1.214357 5.556133 8.376809
v 0.000000 6.209827 8.120889
v 1.759374 5.162986 8.878610
v 2.129021 5.177441 8.584088
v 1.214357 5.556133 8.376809
v 1.214357 5.556133 8.376809
v 1.382303 6.067512 7.280974
v 0.000000 6.505541 7.342766
v 2.129021 5.177441 8.584088
v 1.382303 6.067512 7.280974
v 1.214357 5.556133 8.376809
v 1.382303 6.067512 7.280974
v 2.129021 5.177441 8.584088
v 2.632845 5.276175 7.875764
v 1.382303 6.067512 7.280974
v 2.632845 5.276175 7.875764
v 2.606691 5.447751 7.147648
v 1.382303 6.067512 7.280974
v 2.606691 5.447751 7.147648
v 1.475055 6.394939 6.311297
v 2.948469 5.879108 5.934484
v 1.475055 6.394939 6.311297
v 2.606691 5.447751 7.147648
v -2.621837 6.600356 3.283451
v -1.637352 6.853271 4.287804
v -1.693255 7.073202 3.490042
v 0.000000 6.209827 8.120889
v 0.548883 5.669513 8.770984
v 1.162810 5.382277 8.805979
v 1.214357 5.556133 8.376809
v 1.162810 5.382277 8.805979
v 1.759374 5.162986 8.878610
v 0.000000 5.822894 9.014625
v 0.000000 5.892263 8.854395
v -0.540989 5.677284 8.761633
v 0.000000 5.892263 8.854395
v 0.000000 6.209827 8.120889
v -0.540989 5.677284 8.761633
v 0.548883 5.669513 8.770984
v 0.000000 6.209827 8.120889
v 0.000000 5.892263 8.854395
v -2.129021 5.177441 8.584088
v -1.810777 5.164996 8.837653
v -1.177871 5.433075 8.680581
v -0.540989 5.677284 8.761633
v -1.214357 5.556133 8.376809
v -1.177871 5.433075 8.680581
v -2.833399 6.188834 4.178780
v -1.637352 6.853271 4.287804
v -2.621837 6.600356 3.283451
v -1.637352 6.853271 4.287804
v -2.833399 6.188834 4.178780
v -2.986684 6.045379 4.924342
v -1.693255 7.073202 3.490042
v -2.534730 6.767828 2.913585
v -2.621837 6.600356 3.283451
v 1.637352 6.853271 4.287804
v 2.435543 6.648214 3.473504
v 2.340104 6.838443 3.046887
v 2.435543 6.648214 3.473504
v 1.637352 6.853271 4.287804
v 2.598676 6.319228 4.200176
v 2.734622 6.162637 5.243982
v 2.787958 6.137825 5.176346
v 2.598676 6.319228 4.200176
v 2.787958 6.137825 5.176346
v 2.734622 6.162637 5.243982
v 2.847575 6.053000 5.465414
v 1.519644 6.499936 5.796221
v 2.940002 5.892248 5.894155
v 2.847575 6.053000 5.465414
v 2.940002 5.892248 5.894155
v 3.070880 5.836253 5.903179
v 2.847575 6.053000 5.465414
v 1.475055 6.394939 6.311297
v 2.948469 5.879108 5.934484
v 2.940002 5.892248 5.894155
v 2.948469 5.879108 5.934484
v 3.070880 5.836253 5.903179
v 2.940002 5.892248 5.894155
v 2.606691 5.447751 7.147648
v 2.992029 5.770258 6.114576
v 2.948469 5.879108 5.934484
v 2.992029 5.770258 6.114576
v 3.070880 5.836253 5.903179
v 2.948469 5.879108 5.934484
vn -0.4794 0.8382 0.2600
vn -0.4712 0.8531 0.2240
vn -0.0000 0.9602 0.2795
vn -0.0000 0.9526 0.3044
vn -0.0000 0.9602 0.2794
vn -0.0000 0.9526 0.3043
vn -0.4712 0.8531 0.2239
vn -0.4004 0.8810 0.2522
vn -0.0001 0.9441 0.3297
vn -0.0000 0.9441 0.3297
vn -0.3926 0.8670 0.3070
vn -0.0000 0.9342 0.3568
vn -0.0001 0.9342 0.3568
vn -0.3751 0.8594 0.3475
vn -0.0000 0.9201 0.3917
vn -0.5003 0.8481 0.1746
vn -0.4435 0.8792 0.1742
vn -0.4435 0.8792 0.1743
vn -0.5018 0.8181 0.2807
vn -0.5019 0.8181 0.2807
vn -0.3581 0.8459 0.3953
vn -0.0000 0.9196 0.3928
vn -0.0000 0.9201 0.3918
vn -0.1868 0.9244 0.3327
vn -0.0000 0.9196 0.3929
vn -0.3580 0.8459 0.3953
vn -0.3620 0.8616 0.3559
vn -0.2531 0.9020 0.3499
vn -0.3711 0.8928 0.2553
vn -0.3711 0.8928 0.2552
vn -0.3751 0.8594 0.3474
vn -0.4298 0.8493 0.3064
vn -0.3926 0.8669 0.3070
vn -0.5018 0.8181 0.2808
vn 0.4712 0.8531 0.2239
vn 0.4794 0.8380 0.2607
vn 0.4004 0.8810 0.2522
vn -0.0000 0.9525 0.3044
vn 0.0001 0.9441 0.3297
vn 0.3926 0.8670 0.3070
vn 0.0001 0.9441 0.3298
vn 0.0001 0.9342 0.3568
vn 0.3751 0.8594 0.3475
vn 0.5235 0.8087 0.2684
vn 0.4794 0.8379 0.2607
vn 0.5534 0.8085 0.2001
vn 0.4435 0.8792 0.1742
vn 0.4641 0.8604 0.2105
vn 0.4435 0.8792 0.1743
vn 0.4936 0.8239 0.2785
vn -0.0000 0.9487 0.3162
vn -0.0000 0.9542 0.2992
vn 0.1895 0.9242 0.3316
vn 0.3581 0.8459 0.3953
vn 0.3635 0.8676 0.3394
vn 0.3580 0.8459 0.3953
vn 0.2950 0.9010 0.3181
vn 0.2531 0.9020 0.3499
vn 0.3750 0.8594 0.3475
vn 0.3696 0.8936 0.2546
vn 0.3751 0.8594 0.3474
vn 0.3697 0.8936 0.2546
vn 0.4298 0.8493 0.3064
vn 0.3926 0.8669 0.3070
vn 0.4937 0.8223 0.2829
vn -0.5402 0.8031 0.2512
vn 0.1895 0.9242 0.3317
vn 0.3634 0.8676 0.3394
vn -0.1868 0.9244 0.3326
vn -0.1867 0.9244 0.3327
vn -0.2892 0.9013 0.3226
vn -0.3620 0.8615 0.3559
vn -0.5727 0.7964 0.1941
vn -0.5728 0.7964 0.1940
vn -0.5003 0.8481 0.1747
vn -0.5364 0.7995 0.2701
vn -0.5402 0.8031 0.2513
vn 0.5275 0.8131 0.2462
vn 0.4712 0.8531 0.2240
vn 0.5534 0.8085 0.2002
vn 0.4556 0.8729 0.1744
vn 0.4557 0.8729 0.1744
vn 0.4641 0.8604 0.2104
vn 0.5018 0.8181 0.2807
vn 0.4640 0.8604 0.2105
vn 0.5019 0.8181 0.2807
vn 0.4898 0.8238 0.2853
vn 0.4937 0.8223 0.2830
vt 0.203359 0.982578
vt 0.213152 0.831171
vt 0.500000 1.032686
vt 0.500000 0.918855
vt 0.233774 0.553643
vt 0.500000 0.613563
vt 0.241585 0.461067
vt 0.500000 0.497243
vt 0.257834 0.268619
vt 0.500000 0.320602
vt -0.023237 0.621823
vt 0.020921 0.589913
vt -0.037988 0.444553
vt 0.287257 0.031342
vt 0.500000 0.161555
vt 0.405224 -0.009878
vt 0.293649 -0.031814
vt 0.127017 -0.053015
vt 0.038752 0.067900
vt 0.043334 0.202007
vt 0.786848 0.831172
vt 0.796632 0.982578
vt 0.766227 0.553643
vt 0.758415 0.461067
vt 0.742166 0.268619
vt 0.909963 1.016712
vt 0.955262 0.769652
vt 0.979079 0.589913
vt 0.998867 0.541085
vt 1.015059 0.453757
vt 0.500000 0.006195
vt 0.500000 -0.027743
vt 0.596159 -0.012380
vt 0.712744 0.031342
vt 0.703713 -0.057886
vt 0.808225 -0.099568
vt 0.872984 -0.053015
vt 0.961248 0.067901
vt 0.956667 0.202007
vt 1.016543 0.445819
vt 0.040680 0.947612
vt 0.182770 -0.093095
vt 0.003617 0.754630
vt 0.055940 1.026979
vt 0.926683 0.925578
vt 0.988423 0.596665
vt 1.037988 0.444553
vt 1.024174 0.403352
s 1
usemtl Number_8
f 8707/1048/2880 8708/1049/2881 8709/1050/2882
f 8710/1049/2881 8711/1051/2883 8712/1050/2884
f 8713/1051/2885 8714/1049/2886 8715/1052/2887
f 8716/1053/2888 8717/1051/2883 8718/1052/2887
f 8719/1053/2889 8720/1052/2887 8721/1054/2890
f 8722/1055/2891 8723/1053/2888 8724/1054/2890
f 8725/1055/2892 8726/1054/2890 8727/1056/2893
f 8728/1057/2894 8729/1055/2891 8730/1056/2893
f 8731/1058/2895 8732/1059/2896 8733/1049/2886
f 8734/1052/2887 8735/1059/2897 8736/1060/2898
f 8737/1054/2890 8738/1052/2887 8739/1060/2899
f 8740/1052/2887 8741/1049/2886 8742/1059/2897
f 8743/1061/2900 8744/1062/2901 8745/1057/2902
f 8746/1063/2903 8747/1062/2904 8748/1061/2905
f 8749/1064/2906 8750/1061/2905 8751/1065/2907
f 8752/1056/2893 8753/1061/2905 8754/1057/2902
f 8755/1056/2893 8756/1065/2907 8757/1061/2905
f 8758/1065/2907 8759/1056/2893 8760/1066/2908
f 8761/1066/2909 8762/1056/2910 8763/1067/2911
f 8764/1067/2911 8765/1056/2893 8766/1054/2912
f 8767/1060/2913 8768/1067/2911 8769/1054/2890
f 8770/1068/2914 8771/1069/2915 8772/1050/2884
f 8773/1051/2885 8774/1068/2914 8775/1050/2882
f 8776/1068/2914 8777/1051/2885 8778/1070/2916
f 8779/1051/2917 8780/1053/2918 8781/1070/2916
f 8782/1070/2916 8783/1053/2889 8784/1071/2919
f 8785/1053/2920 8786/1055/2891 8787/1071/2919
f 8788/1071/2919 8789/1055/2921 8790/1072/2922
f 8791/1055/2891 8792/1057/2894 8793/1072/2922
f 8794/1073/2923 8795/1069/2924 8796/1068/2914
f 8797/1074/2925 8798/1068/2914 8799/1075/2926
f 8800/1076/2927 8801/1075/2928 8802/1070/2916
f 8803/1077/2929 8804/1070/2916 8805/1071/2919
f 8806/1068/2914 8807/1070/2916 8808/1075/2928
f 8809/1078/2930 8810/1079/2931 8811/1080/2932
f 8812/1062/2901 8813/1081/2933 8814/1057/2894
f 8815/1082/2934 8816/1081/2935 8817/1062/2901
f 8818/1083/2936 8819/1084/2937 8820/1081/2935
f 8821/1081/2935 8822/1072/2938 8823/1057/2902
f 8824/1084/2937 8825/1072/2922 8826/1081/2935
f 8827/1072/2922 8828/1084/2937 8829/1085/2939
f 8830/1072/2940 8831/1085/2941 8832/1086/2942
f 8833/1072/2922 8834/1086/2942 8835/1071/2943
f 8836/1087/2944 8837/1071/2919 8838/1086/2942
f 8839/1088/2945 8840/1049/2881 8841/1048/2880
f 8842/1062/2904 8843/1080/2946 8844/1082/2934
f 8845/1081/2935 8846/1082/2947 8847/1083/2936
f 8848/1079/2931 8849/1078/2930 8850/1063/2948
f 8851/1078/2930 8852/1062/2901 8853/1063/2949
f 8854/1080/2946 8855/1062/2904 8856/1078/2930
f 8857/1065/2907 8858/1089/2950 8859/1064/2906
f 8860/1063/2903 8861/1061/2905 8862/1064/2951
f 8863/1090/2952 8864/1049/2881 8865/1088/2945
f 8866/1049/2886 8867/1090/2953 8868/1058/2954
f 8869/1048/2880 8870/1091/2955 8871/1088/2956
f 8872/1068/2914 8873/1092/2957 8874/1073/2923
f 8875/1092/2957 8876/1068/2958 8877/1074/2959
f 8878/1075/2926 8879/1093/2960 8880/1074/2925
f 8881/1093/2961 8882/1075/2926 8883/1076/2962
f 8884/1070/2916 8885/1077/2929 8886/1076/2927
f 8887/1077/2929 8888/1094/2963 8889/1076/2964
f 8890/1071/2919 8891/1087/2944 8892/1077/2929
f 8893/1087/2944 8894/1094/2965 8895/1077/2929
f 8896/1086/2942 8897/1095/2966 8898/1087/2944
f 8899/1095/2966 8900/1094/2965 8901/1087/2967
o Bottom_21
v -1.693255 7.073202 3.490042
v -1.637352 6.853271 4.287804
v 0.000000 7.848164 3.738004
v -1.637352 6.853271 4.287804
v 0.000000 7.581889 4.382556
v 0.000000 7.848164 3.738004
v 0.000000 7.581889 4.382556
v -1.637352 6.853271 4.287804
v -1.519644 6.499936 5.796221
v 0.000000 7.051245 5.910416
v 0.000000 7.581889 4.382556
v -1.519644 6.499936 5.796221
v 0.000000 7.051245 5.910416
v -1.519644 6.499936 5.796221
v -1.475055 6.394939 6.311297
v 0.000000 6.826711 6.471848
v 0.000000 7.051245 5.910416
v -1.475055 6.394939 6.311297
v 0.000000 6.826711 6.471848
v -1.475055 6.394939 6.311297
v -1.382303 6.067512 7.280974
v 0.000000 6.505541 7.342766
v 0.000000 6.826711 6.471848
v -1.382303 6.067512 7.280974
v -2.986684 6.045379 4.924342
v -2.734622 6.162637 5.243982
v -1.637352 6.853271 4.287804
v -1.519644 6.499936 5.796221
v -2.734622 6.162637 5.243982
v -3.070880 5.836253 5.903179
v -1.475055 6.394939 6.311297
v -1.519644 6.499936 5.796221
v -3.070880 5.836253 5.903179
v -1.519644 6.499936 5.796221
v -1.637352 6.853271 4.287804
v -2.734622 6.162637 5.243982
v -1.214357 5.556133 8.376809
v 0.000000 6.209827 8.120889
v 0.000000 6.505541 7.342766
v -0.540989 5.677284 8.761633
v 0.000000 6.209827 8.120889
v -1.214357 5.556133 8.376809
v -1.177871 5.433075 8.680581
v -1.214357 5.556133 8.376809
v -2.129021 5.177441 8.584088
v -1.382303 6.067512 7.280974
v -1.214357 5.556133 8.376809
v 0.000000 6.505541 7.342766
v -1.382303 6.067512 7.280974
v -2.129021 5.177441 8.584088
v -1.214357 5.556133 8.376809
v -2.129021 5.177441 8.584088
v -1.382303 6.067512 7.280974
v -2.632845 5.276175 7.875764
v -2.632845 5.276175 7.875764
v -1.382303 6.067512 7.280974
v -2.606691 5.447751 7.147648
v -2.606691 5.447751 7.147648
v -1.382303 6.067512 7.280974
v -1.475055 6.394939 6.311297
v -3.070880 5.836253 5.903179
v -2.606691 5.447751 7.147648
v -1.475055 6.394939 6.311297
v 1.637352 6.853271 4.287804
v 1.693198 7.073202 3.490042
v 0.000000 7.848164 3.738004
v 0.000000 7.581889 4.382556
v 1.637352 6.853271 4.287804
v 0.000000 7.848164 3.738004
v 1.637352 6.853271 4.287804
v 0.000000 7.581889 4.382556
v 1.519644 6.499936 5.796221
v 0.000000 7.581889 4.382556
v 0.000000 7.051245 5.910416
v 1.519644 6.499936 5.796221
v 1.519644 6.499936 5.796221
v 0.000000 7.051245 5.910416
v 1.475055 6.394939 6.311297
v 0.000000 7.051245 5.910416
v 0.000000 6.826711 6.471848
v 1.475055 6.394939 6.311297
v 1.475055 6.394939 6.311297
v 0.000000 6.826711 6.471848
v 1.382303 6.067512 7.280974
v 0.000000 6.826711 6.471848
v 0.000000 6.505541 7.342766
v 1.382303 6.067512 7.280974
v 2.340104 6.838443 3.046887
v 1.693198 7.073202 3.490042
v 1.637352 6.853271 4.287804
v 2.598676 6.319228 4.200176
v 1.637352 6.853271 4.287804
v 2.734622 6.162637 5.243982
v 2.847575 6.053000 5.465414
v 2.734622 6.162637 5.243982
v 1.519644 6.499936 5.796221
v 2.940002 5.892248 5.894155
v 1.519644 6.499936 5.796221
v 1.475055 6.394939 6.311297
v 1.637352 6.853271 4.287804
v 1.519644 6.499936 5.796221
v 2.734622 6.162637 5.243982
v 0.000000 5.892263 8.854395
v 0.000000 5.822894 9.014625
v 0.548883 5.669513 8.770984
v 0.000000 6.209827 8.120889
v 1.214357 5.556133 8.376809
v 0.000000 6.505541 7.342766
v 1.162810 5.382277 8.805979
v 1.214357 5.556133 8.376809
v 0.000000 6.209827 8.120889
v 1.759374 5.162986 8.878610
v 2.129021 5.177441 8.584088
v 1.214357 5.556133 8.376809
v 1.214357 5.556133 8.376809
v 1.382303 6.067512 7.280974
v 0.000000 6.505541 7.342766
v 2.129021 5.177441 8.584088
v 1.382303 6.067512 7.280974
v 1.214357 5.556133 8.376809
v 1.382303 6.067512 7.280974
v 2.129021 5.177441 8.584088
v 2.632845 5.276175 7.875764
v 1.382303 6.067512 7.280974
v 2.632845 5.276175 7.875764
v 2.606691 5.447751 7.147648
v 1.382303 6.067512 7.280974
v 2.606691 5.447751 7.147648
v 1.475055 6.394939 6.311297
v 2.948469 5.879108 5.934484
v 1.475055 6.394939 6.311297
v 2.606691 5.447751 7.147648
v -2.621837 6.600356 3.283451
v -1.637352 6.853271 4.287804
v -1.693255 7.073202 3.490042
v 0.000000 6.209827 8.120889
v 0.548883 5.669513 8.770984
v 1.162810 5.382277 8.805979
v 1.214357 5.556133 8.376809
v 1.162810 5.382277 8.805979
v 1.759374 5.162986 8.878610
v 0.000000 5.822894 9.014625
v 0.000000 5.892263 8.854395
v -0.540989 5.677284 8.761633
v 0.000000 5.892263 8.854395
v 0.000000 6.209827 8.120889
v -0.540989 5.677284 8.761633
v 0.548883 5.669513 8.770984
v 0.000000 6.209827 8.120889
v 0.000000 5.892263 8.854395
v -2.129021 5.177441 8.584088
v -1.810777 5.164996 8.837653
v -1.177871 5.433075 8.680581
v -0.540989 5.677284 8.761633
v -1.214357 5.556133 8.376809
v -1.177871 5.433075 8.680581
v -2.833399 6.188834 4.178780
v -1.637352 6.853271 4.287804
v -2.621837 6.600356 3.283451
v -1.637352 6.853271 4.287804
v -2.833399 6.188834 4.178780
v -2.986684 6.045379 4.924342
v -1.693255 7.073202 3.490042
v -2.534730 6.767828 2.913585
v -2.621837 6.600356 3.283451
v 1.637352 6.853271 4.287804
v 2.435543 6.648214 3.473504
v 2.340104 6.838443 3.046887
v 2.435543 6.648214 3.473504
v 1.637352 6.853271 4.287804
v 2.598676 6.319228 4.200176
v 2.734622 6.162637 5.243982
v 2.787958 6.137825 5.176346
v 2.598676 6.319228 4.200176
v 2.787958 6.137825 5.176346
v 2.734622 6.162637 5.243982
v 2.847575 6.053000 5.465414
v 1.519644 6.499936 5.796221
v 2.940002 5.892248 5.894155
v 2.847575 6.053000 5.465414
v 2.940002 5.892248 5.894155
v 3.070880 5.836253 5.903179
v 2.847575 6.053000 5.465414
v 1.475055 6.394939 6.311297
v 2.948469 5.879108 5.934484
v 2.940002 5.892248 5.894155
v 2.948469 5.879108 5.934484
v 3.070880 5.836253 5.903179
v 2.940002 5.892248 5.894155
v 2.606691 5.447751 7.147648
v 2.992029 5.770258 6.114576
v 2.948469 5.879108 5.934484
v 2.992029 5.770258 6.114576
v 3.070880 5.836253 5.903179
v 2.948469 5.879108 5.934484
vn -0.4794 0.8382 0.2600
vn -0.4712 0.8531 0.2240
vn -0.0000 0.9602 0.2795
vn -0.0000 0.9526 0.3044
vn -0.0000 0.9602 0.2794
vn -0.0000 0.9526 0.3043
vn -0.4712 0.8531 0.2239
vn -0.4004 0.8810 0.2522
vn -0.0001 0.9441 0.3297
vn -0.0000 0.9441 0.3297
vn -0.3926 0.8670 0.3070
vn -0.0000 0.9342 0.3568
vn -0.0001 0.9342 0.3568
vn -0.3751 0.8594 0.3475
vn -0.0000 0.9201 0.3917
vn -0.5003 0.8481 0.1746
vn -0.4435 0.8792 0.1742
vn -0.4435 0.8792 0.1743
vn -0.5018 0.8181 0.2807
vn -0.5019 0.8181 0.2807
vn -0.3581 0.8459 0.3953
vn -0.0000 0.9196 0.3928
vn -0.0000 0.9201 0.3918
vn -0.1868 0.9244 0.3327
vn -0.0000 0.9196 0.3929
vn -0.3580 0.8459 0.3953
vn -0.3620 0.8616 0.3559
vn -0.2531 0.9020 0.3499
vn -0.3711 0.8928 0.2553
vn -0.3711 0.8928 0.2552
vn -0.3751 0.8594 0.3474
vn -0.4298 0.8493 0.3064
vn -0.3926 0.8669 0.3070
vn -0.5018 0.8181 0.2808
vn 0.4712 0.8531 0.2239
vn 0.4794 0.8380 0.2607
vn 0.4004 0.8810 0.2522
vn -0.0000 0.9525 0.3044
vn 0.0001 0.9441 0.3297
vn 0.3926 0.8670 0.3070
vn 0.0001 0.9441 0.3298
vn 0.0001 0.9342 0.3568
vn 0.3751 0.8594 0.3475
vn 0.5235 0.8087 0.2684
vn 0.4794 0.8379 0.2607
vn 0.5534 0.8085 0.2001
vn 0.4435 0.8792 0.1742
vn 0.4641 0.8604 0.2105
vn 0.4435 0.8792 0.1743
vn 0.4936 0.8239 0.2785
vn -0.0000 0.9487 0.3162
vn -0.0000 0.9542 0.2992
vn 0.1895 0.9242 0.3316
vn 0.3581 0.8459 0.3953
vn 0.3635 0.8676 0.3394
vn 0.3580 0.8459 0.3953
vn 0.2950 0.9010 0.3181
vn 0.2531 0.9020 0.3499
vn 0.3750 0.8594 0.3475
vn 0.3696 0.8936 0.2546
vn 0.3751 0.8594 0.3474
vn 0.3697 0.8936 0.2546
vn 0.4298 0.8493 0.3064
vn 0.3926 0.8669 0.3070
vn 0.4937 0.8223 0.2829
vn -0.5402 0.8031 0.2512
vn 0.1895 0.9242 0.3317
vn 0.3634 0.8676 0.3394
vn -0.1868 0.9244 0.3326
vn -0.1867 0.9244 0.3327
vn -0.2892 0.9013 0.3226
vn -0.3620 0.8615 0.3559
vn -0.5727 0.7964 0.1941
vn -0.5728 0.7964 0.1940
vn -0.5003 0.8481 0.1747
vn -0.5364 0.7995 0.2701
vn -0.5402 0.8031 0.2513
vn 0.5275 0.8131 0.2462
vn 0.4712 0.8531 0.2240
vn 0.5534 0.8085 0.2002
vn 0.4556 0.8729 0.1744
vn 0.4557 0.8729 0.1744
vn 0.4641 0.8604 0.2104
vn 0.5018 0.8181 0.2807
vn 0.4640 0.8604 0.2105
vn 0.5019 0.8181 0.2807
vn 0.4898 0.8238 0.2853
vn 0.4937 0.8223 0.2830
vt 0.203359 0.982578
vt 0.213152 0.831171
vt 0.500000 1.032686
vt 0.500000 0.918855
vt 0.233774 0.553643
vt 0.500000 0.613563
vt 0.241585 0.461067
vt 0.500000 0.497243
vt 0.257834 0.268619
vt 0.500000 0.320602
vt -0.023237 0.621823
vt 0.020921 0.589913
vt -0.037988 0.444553
vt 0.287257 0.031342
vt 0.500000 0.161555
vt 0.405224 -0.009878
vt 0.293649 -0.031814
vt 0.127017 -0.053015
vt 0.038752 0.067900
vt 0.043334 0.202007
vt 0.786848 0.831172
vt 0.796632 0.982578
vt 0.766227 0.553643
vt 0.758415 0.461067
vt 0.742166 0.268619
vt 0.909963 1.016712
vt 0.955262 0.769652
vt 0.979079 0.589913
vt 0.998867 0.541085
vt 1.015059 0.453757
vt 0.500000 0.006195
vt 0.500000 -0.027743
vt 0.596159 -0.012380
vt 0.712744 0.031342
vt 0.703713 -0.057886
vt 0.808225 -0.099568
vt 0.872984 -0.053015
vt 0.961248 0.067901
vt 0.956667 0.202007
vt 1.016543 0.445819
vt 0.040680 0.947612
vt 0.182770 -0.093095
vt 0.003617 0.754630
vt 0.055940 1.026979
vt 0.926683 0.925578
vt 0.988423 0.596665
vt 1.037988 0.444553
vt 1.024174 0.403352
s 1
usemtl Number_9
f 8902/1096/2968 8903/1097/2969 8904/1098/2970
f 8905/1097/2969 8906/1099/2971 8907/1098/2972
f 8908/1099/2973 8909/1097/2974 8910/1100/2975
f 8911/1101/2976 8912/1099/2971 8913/1100/2975
f 8914/1101/2977 8915/1100/2975 8916/1102/2978
f 8917/1103/2979 8918/1101/2976 8919/1102/2978
f 8920/1103/2980 8921/1102/2978 8922/1104/2981
f 8923/1105/2982 8924/1103/2979 8925/1104/2981
f 8926/1106/2983 8927/1107/2984 8928/1097/2974
f 8929/1100/2975 8930/1107/2985 8931/1108/2986
f 8932/1102/2978 8933/1100/2975 8934/1108/2987
f 8935/1100/2975 8936/1097/2974 8937/1107/2985
f 8938/1109/2988 8939/1110/2989 8940/1105/2990
f 8941/1111/2991 8942/1110/2992 8943/1109/2993
f 8944/1112/2994 8945/1109/2993 8946/1113/2995
f 8947/1104/2981 8948/1109/2993 8949/1105/2990
f 8950/1104/2981 8951/1113/2995 8952/1109/2993
f 8953/1113/2995 8954/1104/2981 8955/1114/2996
f 8956/1114/2997 8957/1104/2998 8958/1115/2999
f 8959/1115/2999 8960/1104/2981 8961/1102/3000
f 8962/1108/3001 8963/1115/2999 8964/1102/2978
f 8965/1116/3002 8966/1117/3003 8967/1098/2972
f 8968/1099/2973 8969/1116/3002 8970/1098/2970
f 8971/1116/3002 8972/1099/2973 8973/1118/3004
f 8974/1099/3005 8975/1101/3006 8976/1118/3004
f 8977/1118/3004 8978/1101/2977 8979/1119/3007
f 8980/1101/3008 8981/1103/2979 8982/1119/3007
f 8983/1119/3007 8984/1103/3009 8985/1120/3010
f 8986/1103/2979 8987/1105/2982 8988/1120/3010
f 8989/1121/3011 8990/1117/3012 8991/1116/3002
f 8992/1122/3013 8993/1116/3002 8994/1123/3014
f 8995/1124/3015 8996/1123/3016 8997/1118/3004
f 8998/1125/3017 8999/1118/3004 9000/1119/3007
f 9001/1116/3002 9002/1118/3004 9003/1123/3016
f 9004/1126/3018 9005/1127/3019 9006/1128/3020
f 9007/1110/2989 9008/1129/3021 9009/1105/2982
f 9010/1130/3022 9011/1129/3023 9012/1110/2989
f 9013/1131/3024 9014/1132/3025 9015/1129/3023
f 9016/1129/3023 9017/1120/3026 9018/1105/2990
f 9019/1132/3025 9020/1120/3010 9021/1129/3023
f 9022/1120/3010 9023/1132/3025 9024/1133/3027
f 9025/1120/3028 9026/1133/3029 9027/1134/3030
f 9028/1120/3010 9029/1134/3030 9030/1119/3031
f 9031/1135/3032 9032/1119/3007 9033/1134/3030
f 9034/1136/3033 9035/1097/2969 9036/1096/2968
f 9037/1110/2992 9038/1128/3034 9039/1130/3022
f 9040/1129/3023 9041/1130/3035 9042/1131/3024
f 9043/1127/3019 9044/1126/3018 9045/1111/3036
f 9046/1126/3018 9047/1110/2989 9048/1111/3037
f 9049/1128/3034 9050/1110/2992 9051/1126/3018
f 9052/1113/2995 9053/1137/3038 9054/1112/2994
f 9055/1111/2991 9056/1109/2993 9057/1112/3039
f 9058/1138/3040 9059/1097/2969 9060/1136/3033
f 9061/1097/2974 9062/1138/3041 9063/1106/3042
f 9064/1096/2968 9065/1139/3043 9066/1136/3044
f 9067/1116/3002 9068/1140/3045 9069/1121/3011
f 9070/1140/3045 9071/1116/3046 9072/1122/3047
f 9073/1123/3014 9074/1141/3048 9075/1122/3013
f 9076/1141/3049 9077/1123/3014 9078/1124/3050
f 9079/1118/3004 9080/1125/3017 9081/1124/3015
f 9082/1125/3017 9083/1142/3051 9084/1124/3052
f 9085/1119/3007 9086/1135/3032 9087/1125/3017
f 9088/1135/3032 9089/1142/3053 9090/1125/3017
f 9091/1134/3030 9092/1143/3054 9093/1135/3032
f 9094/1143/3054 9095/1142/3053 9096/1135/3055
o Bottom_22
v -3.003033 6.224233 3.771649
v -2.440977 6.647624 3.477084
v -3.912499 6.269586 1.975864
v -2.882639 7.041726 1.877690
v -3.912499 6.269586 1.975864
v -2.206574 7.107260 2.456741
v -2.206574 7.107260 2.456741
v -3.912499 6.269586 1.975864
v -2.334261 6.842333 3.057044
v -2.334262 6.842333 3.057044
v -3.912499 6.269586 1.975864
v -2.440977 6.647624 3.477084
v -3.912499 6.269586 1.975864
v -3.759936 5.974095 3.172713
v -3.003033 6.224233 3.771649
vn -0.5798 0.7867 0.2121
vn -0.5272 0.8133 0.2461
vn -0.6236 0.7284 0.2838
vn -0.5306 0.7777 0.3371
vn -0.4877 0.8069 0.3333
vn -0.5224 0.8096 0.2677
vn -0.6236 0.7285 0.2838
vn -0.6316 0.7430 0.2216
vt -0.257141 -1.965451
vt -0.010844 -1.613631
vt -1.128466 -1.370702
vt -0.577645 -0.897743
vt -0.095157 -1.009309
vt -0.039986 -1.361389
vt -0.039986 -1.361389
vt -0.010844 -1.613631
vt -0.795965 -1.929239
s 1
usemtl N64
f 9097/1144/3056 9098/1145/3057 9099/1146/3058
f 9100/1147/3059 9101/1146/3058 9102/1148/3060
f 9103/1148/3060 9104/1146/3058 9105/1149/3061
f 9106/1150/3061 9107/1146/3062 9108/1151/3057
f 9109/1146/3058 9110/1152/3063 9111/1144/3056
o Bottom_6
v 0.000000 3.014585 7.121956
v -7.274786 3.014585 7.121956
v -7.274786 2.856355 7.145807
v -0.000000 2.856355 7.145807
v 0.000000 3.014585 7.121956
v -7.274786 2.856355 7.145807
v 0.000000 3.158751 7.052530
v -7.274785 3.158751 7.052530
v -7.274786 3.014585 7.121956
v 0.000000 3.014585 7.121956
v 0.000000 3.158751 7.052530
v -7.274786 3.014585 7.121956
v 0.000000 3.276048 6.943693
v -7.274783 3.276049 6.943693
v -7.274785 3.158751 7.052530
v 0.000000 3.158751 7.052530
v 0.000000 3.276048 6.943693
v -7.274785 3.158751 7.052530
v 0.000000 3.356055 6.805115
v -7.274783 3.356055 6.805115
v -7.274783 3.276049 6.943693
v 0.000000 3.276048 6.943693
v 0.000000 3.356055 6.805115
v -7.274783 3.276049 6.943693
v 0.000000 3.391661 6.649113
v -7.274783 3.391661 6.649113
v -7.274783 3.356055 6.805115
v 0.000000 3.356055 6.805115
v 0.000000 3.391661 6.649113
v -7.274783 3.356055 6.805115
v 0.000000 3.379706 6.489545
v -7.274783 3.379707 6.489545
v -7.274783 3.391661 6.649113
v 0.000000 3.391661 6.649113
v 0.000000 3.379706 6.489545
v -7.274783 3.391661 6.649113
v 0.000000 3.321248 6.340592
v -7.274783 3.321249 6.340592
v -7.274783 3.379707 6.489545
v 0.000000 3.379706 6.489545
v 0.000000 3.321248 6.340592
v -7.274783 3.379707 6.489545
v 0.000000 3.221477 6.215489
v -7.274785 3.221477 6.215488
v -7.274783 3.321249 6.340592
v 0.000000 3.321248 6.340592
v 0.000000 3.221477 6.215489
v -7.274783 3.321249 6.340592
v 0.000000 3.089266 6.125348
v -7.274785 3.089266 6.125348
v -7.274785 3.221477 6.215488
v 0.000000 3.221477 6.215489
v 0.000000 3.089266 6.125348
v -7.274785 3.221477 6.215488
v 0.000000 2.936361 6.078185
v -7.274786 2.936361 6.078185
v -7.274785 3.089266 6.125348
v 0.000000 3.089266 6.125348
v 0.000000 2.936361 6.078185
v -7.274785 3.089266 6.125348
v -0.000000 2.776349 6.078185
v -7.274786 2.776349 6.078185
v -7.274786 2.936361 6.078185
v 0.000000 2.936361 6.078185
v -0.000000 2.776349 6.078185
v -7.274786 2.936361 6.078185
v -0.000000 2.623444 6.125348
v -7.274787 2.623445 6.125348
v -7.274786 2.776349 6.078185
v -0.000000 2.776349 6.078185
v -0.000000 2.623444 6.125348
v -7.274786 2.776349 6.078185
v -0.000000 2.491233 6.215489
v -7.274788 2.491234 6.215489
v -7.274787 2.623445 6.125348
v -0.000000 2.623444 6.125348
v -0.000000 2.491233 6.215489
v -7.274787 2.623445 6.125348
v -0.000000 2.391462 6.340592
v -7.274789 2.391462 6.340592
v -7.274788 2.491234 6.215489
v -0.000000 2.491233 6.215489
v -0.000000 2.391462 6.340592
v -7.274788 2.491234 6.215489
v -0.000000 2.333004 6.489546
v -7.274789 2.333004 6.489546
v -7.274789 2.391462 6.340592
v -0.000000 2.391462 6.340592
v -0.000000 2.333004 6.489546
v -7.274789 2.391462 6.340592
v -0.000000 2.321049 6.649113
v -7.274789 2.321049 6.649113
v -7.274789 2.333004 6.489546
v -0.000000 2.333004 6.489546
v -0.000000 2.321049 6.649113
v -7.274789 2.333004 6.489546
v -0.000000 2.356656 6.805115
v -7.274789 2.356656 6.805115
v -7.274789 2.321049 6.649113
v -0.000000 2.321049 6.649113
v -0.000000 2.356656 6.805115
v -7.274789 2.321049 6.649113
v -0.000000 2.436661 6.943693
v -7.274789 2.436662 6.943693
v -7.274789 2.356656 6.805115
v -0.000000 2.356656 6.805115
v -0.000000 2.436661 6.943693
v -7.274789 2.356656 6.805115
v -0.000000 2.553960 7.052530
v -7.274788 2.553960 7.052530
v -7.274789 2.436662 6.943693
v -0.000000 2.436661 6.943693
v -0.000000 2.553960 7.052530
v -7.274789 2.436662 6.943693
v -0.000000 2.698125 7.121956
v -7.274786 2.698125 7.121956
v -7.274788 2.553960 7.052530
v -0.000000 2.553960 7.052530
v -0.000000 2.698125 7.121956
v -7.274788 2.553960 7.052530
v -0.000000 2.856355 7.145807
v -7.274786 2.856355 7.145807
v -7.274786 2.698125 7.121956
v -0.000000 2.698125 7.121956
v -0.000000 2.856355 7.145807
v -7.274786 2.698125 7.121956
v 0.000000 3.014585 7.121956
v 0.000000 3.014585 7.121956
v -0.000000 2.856355 7.145807
v -0.000000 2.856355 7.145807
v 0.000000 3.014585 7.121956
v -0.000000 2.856355 7.145807
v 0.000000 3.158751 7.052530
v 0.000000 3.158751 7.052530
v 0.000000 3.014585 7.121956
v 0.000000 3.014585 7.121956
v 0.000000 3.158751 7.052530
v 0.000000 3.014585 7.121956
v 0.000000 3.276048 6.943693
v 0.000000 3.276048 6.943693
v 0.000000 3.158751 7.052530
v 0.000000 3.158751 7.052530
v 0.000000 3.276048 6.943693
v 0.000000 3.158751 7.052530
v 0.000000 3.356055 6.805115
v 0.000000 3.356055 6.805115
v 0.000000 3.276048 6.943693
v 0.000000 3.276048 6.943693
v 0.000000 3.356055 6.805115
v 0.000000 3.276048 6.943693
v 0.000000 3.391661 6.649113
v 0.000000 3.391661 6.649113
v 0.000000 3.356055 6.805115
v 0.000000 3.356055 6.805115
v 0.000000 3.391661 6.649113
v 0.000000 3.356055 6.805115
v 0.000000 3.379706 6.489545
v 0.000000 3.379706 6.489545
v 0.000000 3.391661 6.649113
v 0.000000 3.391661 6.649113
v 0.000000 3.379706 6.489545
v 0.000000 3.391661 6.649113
v 0.000000 3.321248 6.340592
v 0.000000 3.321248 6.340592
v 0.000000 3.379706 6.489545
v 0.000000 3.379706 6.489545
v 0.000000 3.321248 6.340592
v 0.000000 3.379706 6.489545
v 0.000000 3.221477 6.215489
v 0.000000 3.221477 6.215489
v 0.000000 3.321248 6.340592
v 0.000000 3.321248 6.340592
v 0.000000 3.221477 6.215489
v 0.000000 3.321248 6.340592
v 0.000000 3.089266 6.125348
v 0.000000 3.089266 6.125348
v 0.000000 3.221477 6.215489
v 0.000000 3.221477 6.215489
v 0.000000 3.089266 6.125348
v 0.000000 3.221477 6.215489
v 0.000000 2.936361 6.078185
v 0.000000 2.936361 6.078185
v 0.000000 3.089266 6.125348
v 0.000000 3.089266 6.125348
v 0.000000 2.936361 6.078185
v 0.000000 3.089266 6.125348
v -0.000000 2.776349 6.078185
v -0.000000 2.776349 6.078185
v 0.000000 2.936361 6.078185
v 0.000000 2.936361 6.078185
v -0.000000 2.776349 6.078185
v 0.000000 2.936361 6.078185
v -0.000000 2.623444 6.125348
v -0.000000 2.623444 6.125348
v -0.000000 2.776349 6.078185
v -0.000000 2.776349 6.078185
v -0.000000 2.623444 6.125348
v -0.000000 2.776349 6.078185
v -0.000000 2.491233 6.215489
v -0.000000 2.491233 6.215489
v -0.000000 2.623444 6.125348
v -0.000000 2.623444 6.125348
v -0.000000 2.491233 6.215489
v -0.000000 2.623444 6.125348
v -0.000000 2.391462 6.340592
v -0.000000 2.391462 6.340592
v -0.000000 2.491233 6.215489
v -0.000000 2.491233 6.215489
v -0.000000 2.391462 6.340592
v -0.000000 2.491233 6.215489
v -0.000000 2.333004 6.489546
v -0.000000 2.333004 6.489546
v -0.000000 2.391462 6.340592
v -0.000000 2.391462 6.340592
v -0.000000 2.333004 6.489546
v -0.000000 2.391462 6.340592
v -0.000000 2.321049 6.649113
v -0.000000 2.321049 6.649113
v -0.000000 2.333004 6.489546
v -0.000000 2.333004 6.489546
v -0.000000 2.321049 6.649113
v -0.000000 2.333004 6.489546
v -0.000000 2.356656 6.805115
v -0.000000 2.356656 6.805115
v -0.000000 2.321049 6.649113
v -0.000000 2.321049 6.649113
v -0.000000 2.356656 6.805115
v -0.000000 2.321049 6.649113
v -0.000000 2.436661 6.943693
v -0.000000 2.436661 6.943693
v -0.000000 2.356656 6.805115
v -0.000000 2.356656 6.805115
v -0.000000 2.436661 6.943693
v -0.000000 2.356656 6.805115
v -0.000000 2.553960 7.052530
v -0.000000 2.553960 7.052530
v -0.000000 2.436661 6.943693
v -0.000000 2.436661 6.943693
v -0.000000 2.553960 7.052530
v -0.000000 2.436661 6.943693
v -0.000000 2.698125 7.121956
v -0.000000 2.698125 7.121956
v -0.000000 2.553960 7.052530
v -0.000000 2.553960 7.052530
v -0.000000 2.698125 7.121956
v -0.000000 2.553960 7.052530
v -0.000000 2.856355 7.145807
v -0.000000 2.856355 7.145807
v -0.000000 2.698125 7.121956
v -0.000000 2.698125 7.121956
v -0.000000 2.856355 7.145807
v -0.000000 2.698125 7.121956
v 0.000000 3.014585 7.121956
v 0.000000 3.014585 7.121956
v -0.000000 2.856355 7.145807
v -0.000000 2.856355 7.145807
v 0.000000 3.014585 7.121956
v -0.000000 2.856355 7.145807
v 0.000000 3.158751 7.052530
v 0.000000 3.158751 7.052530
v 0.000000 3.014585 7.121956
v 0.000000 3.014585 7.121956
v 0.000000 3.158751 7.052530
v 0.000000 3.014585 7.121956
v 0.000000 3.276048 6.943693
v 0.000000 3.276048 6.943693
v 0.000000 3.158751 7.052530
v 0.000000 3.158751 7.052530
v 0.000000 3.276048 6.943693
v 0.000000 3.158751 7.052530
v 0.000000 3.356055 6.805115
v 0.000000 3.356055 6.805115
v 0.000000 3.276048 6.943693
v 0.000000 3.276048 6.943693
v 0.000000 3.356055 6.805115
v 0.000000 3.276048 6.943693
v 0.000000 3.391661 6.649113
v 0.000000 3.391661 6.649113
v 0.000000 3.356055 6.805115
v 0.000000 3.356055 6.805115
v 0.000000 3.391661 6.649113
v 0.000000 3.356055 6.805115
v 0.000000 3.379706 6.489545
v 0.000000 3.379706 6.489545
v 0.000000 3.391661 6.649113
v 0.000000 3.391661 6.649113
v 0.000000 3.379706 6.489545
v 0.000000 3.391661 6.649113
v 0.000000 3.321248 6.340592
v 0.000000 3.321248 6.340592
v 0.000000 3.379706 6.489545
v 0.000000 3.379706 6.489545
v 0.000000 3.321248 6.340592
v 0.000000 3.379706 6.489545
v 0.000000 3.221477 6.215489
v 0.000000 3.221477 6.215489
v 0.000000 3.321248 6.340592
v 0.000000 3.321248 6.340592
v 0.000000 3.221477 6.215489
v 0.000000 3.321248 6.340592
v 0.000000 3.089266 6.125348
v 0.000000 3.089266 6.125348
v 0.000000 3.221477 6.215489
v 0.000000 3.221477 6.215489
v 0.000000 3.089266 6.125348
v 0.000000 3.221477 6.215489
v 0.000000 2.936361 6.078185
v 0.000000 2.936361 6.078185
v 0.000000 3.089266 6.125348
v 0.000000 3.089266 6.125348
v 0.000000 2.936361 6.078185
v 0.000000 3.089266 6.125348
v -0.000000 2.776349 6.078185
v -0.000000 2.776349 6.078185
v 0.000000 2.936361 6.078185
v 0.000000 2.936361 6.078185
v -0.000000 2.776349 6.078185
v 0.000000 2.936361 6.078185
v -0.000000 2.623444 6.125348
v -0.000000 2.623444 6.125348
v -0.000000 2.776349 6.078185
v -0.000000 2.776349 6.078185
v -0.000000 2.623444 6.125348
v -0.000000 2.776349 6.078185
v -0.000000 2.491233 6.215489
v -0.000000 2.491233 6.215489
v -0.000000 2.623444 6.125348
v -0.000000 2.623444 6.125348
v -0.000000 2.491233 6.215489
v -0.000000 2.623444 6.125348
v -0.000000 2.391462 6.340592
v -0.000000 2.391462 6.340592
v -0.000000 2.491233 6.215489
v -0.000000 2.491233 6.215489
v -0.000000 2.391462 6.340592
v -0.000000 2.491233 6.215489
v -0.000000 2.333004 6.489546
v -0.000000 2.333004 6.489546
v -0.000000 2.391462 6.340592
v -0.000000 2.391462 6.340592
v -0.000000 2.333004 6.489546
v -0.000000 2.391462 6.340592
v -0.000000 2.321049 6.649113
v -0.000000 2.321049 6.649113
v -0.000000 2.333004 6.489546
v -0.000000 2.333004 6.489546
v -0.000000 2.321049 6.649113
v -0.000000 2.333004 6.489546
v -0.000000 2.356656 6.805115
v -0.000000 2.356656 6.805115
v -0.000000 2.321049 6.649113
v -0.000000 2.321049 6.649113
v -0.000000 2.356656 6.805115
v -0.000000 2.321049 6.649113
v -0.000000 2.436661 6.943693
v -0.000000 2.436661 6.943693
v -0.000000 2.356656 6.805115
v -0.000000 2.356656 6.805115
v -0.000000 2.436661 6.943693
v -0.000000 2.356656 6.805115
v -0.000000 2.553960 7.052530
v -0.000000 2.553960 7.052530
v -0.000000 2.436661 6.943693
v -0.000000 2.436661 6.943693
v -0.000000 2.553960 7.052530
v -0.000000 2.436661 6.943693
v -0.000000 2.698125 7.121956
v -0.000000 2.698125 7.121956
v -0.000000 2.553960 7.052530
v -0.000000 2.553960 7.052530
v -0.000000 2.698125 7.121956
v -0.000000 2.553960 7.052530
v -0.000000 2.856355 7.145807
v -0.000000 2.856355 7.145807
v -0.000000 2.698125 7.121956
v -0.000000 2.698125 7.121956
v -0.000000 2.856355 7.145807
v -0.000000 2.698125 7.121956
v 0.000000 3.014585 7.121956
v 0.000000 3.014585 7.121956
v -0.000000 2.856355 7.145807
v -0.000000 2.856355 7.145807
v 0.000000 3.014585 7.121956
v -0.000000 2.856355 7.145807
v 0.000000 3.158751 7.052530
v 0.000000 3.158751 7.052530
v 0.000000 3.014585 7.121956
v 0.000000 3.014585 7.121956
v 0.000000 3.158751 7.052530
v 0.000000 3.014585 7.121956
v 0.000000 3.276048 6.943693
v 0.000000 3.276048 6.943693
v 0.000000 3.158751 7.052530
v 0.000000 3.158751 7.052530
v 0.000000 3.276048 6.943693
v 0.000000 3.158751 7.052530
v 0.000000 3.356055 6.805115
v 0.000000 3.356055 6.805115
v 0.000000 3.276048 6.943693
v 0.000000 3.276048 6.943693
v 0.000000 3.356055 6.805115
v 0.000000 3.276048 6.943693
v 0.000000 3.391661 6.649113
v 0.000000 3.391661 6.649113
v 0.000000 3.356055 6.805115
v 0.000000 3.356055 6.805115
v 0.000000 3.391661 6.649113
v 0.000000 3.356055 6.805115
v 0.000000 3.379706 6.489545
v 0.000000 3.379706 6.489545
v 0.000000 3.391661 6.649113
v 0.000000 3.391661 6.649113
v 0.000000 3.379706 6.489545
v 0.000000 3.391661 6.649113
v 0.000000 3.321248 6.340592
v 0.000000 3.321248 6.340592
v 0.000000 3.379706 6.489545
v 0.000000 3.379706 6.489545
v 0.000000 3.321248 6.340592
v 0.000000 3.379706 6.489545
v 0.000000 3.221477 6.215489
v 0.000000 3.221477 6.215489
v 0.000000 3.321248 6.340592
v 0.000000 3.321248 6.340592
v 0.000000 3.221477 6.215489
v 0.000000 3.321248 6.340592
v 0.000000 3.089266 6.125348
v 0.000000 3.089266 6.125348
v 0.000000 3.221477 6.215489
v 0.000000 3.221477 6.215489
v 0.000000 3.089266 6.125348
v 0.000000 3.221477 6.215489
v 0.000000 2.936361 6.078185
v 0.000000 2.936361 6.078185
v 0.000000 3.089266 6.125348
v 0.000000 3.089266 6.125348
v 0.000000 2.936361 6.078185
v 0.000000 3.089266 6.125348
v -0.000000 2.776349 6.078185
v -0.000000 2.776349 6.078185
v 0.000000 2.936361 6.078185
v 0.000000 2.936361 6.078185
v -0.000000 2.776349 6.078185
v 0.000000 2.936361 6.078185
v -0.000000 2.623444 6.125348
v -0.000000 2.623444 6.125348
v -0.000000 2.776349 6.078185
v -0.000000 2.776349 6.078185
v -0.000000 2.623444 6.125348
v -0.000000 2.776349 6.078185
v -0.000000 2.491233 6.215489
v -0.000000 2.491233 6.215489
v -0.000000 2.623444 6.125348
v -0.000000 2.623444 6.125348
v -0.000000 2.491233 6.215489
v -0.000000 2.623444 6.125348
v -0.000000 2.391462 6.340592
v -0.000000 2.391462 6.340592
v -0.000000 2.491233 6.215489
v -0.000000 2.491233 6.215489
v -0.000000 2.391462 6.340592
v -0.000000 2.491233 6.215489
v -0.000000 2.333004 6.489546
v -0.000000 2.333004 6.489546
v -0.000000 2.391462 6.340592
v -0.000000 2.391462 6.340592
v -0.000000 2.333004 6.489546
v -0.000000 2.391462 6.340592
v -0.000000 2.321049 6.649113
v -0.000000 2.321049 6.649113
v -0.000000 2.333004 6.489546
v -0.000000 2.333004 6.489546
v -0.000000 2.321049 6.649113
v -0.000000 2.333004 6.489546
v -0.000000 2.356656 6.805115
v -0.000000 2.356656 6.805115
v -0.000000 2.321049 6.649113
v -0.000000 2.321049 6.649113
v -0.000000 2.356656 6.805115
v -0.000000 2.321049 6.649113
v -0.000000 2.436661 6.943693
v -0.000000 2.436661 6.943693
v -0.000000 2.356656 6.805115
v -0.000000 2.356656 6.805115
v -0.000000 2.436661 6.943693
v -0.000000 2.356656 6.805115
v -0.000000 2.553960 7.052530
v -0.000000 2.553960 7.052530
v -0.000000 2.436661 6.943693
v -0.000000 2.436661 6.943693
v -0.000000 2.553960 7.052530
v -0.000000 2.436661 6.943693
v -0.000000 2.698125 7.121956
v -0.000000 2.698125 7.121956
v -0.000000 2.553960 7.052530
v -0.000000 2.553960 7.052530
v -0.000000 2.698125 7.121956
v -0.000000 2.553960 7.052530
v -0.000000 2.856355 7.145807
v -0.000000 2.856355 7.145807
v -0.000000 2.698125 7.121956
v -0.000000 2.698125 7.121956
v -0.000000 2.856355 7.145807
v -0.000000 2.698125 7.121956
v 0.000000 3.014585 7.121956
v 0.000000 3.014585 7.121956
v -0.000000 2.856355 7.145807
v -0.000000 2.856355 7.145807
v 0.000000 3.014585 7.121956
v -0.000000 2.856355 7.145807
v 0.000000 3.158751 7.052530
v 0.000000 3.158751 7.052530
v 0.000000 3.014585 7.121956
v 0.000000 3.014585 7.121956
v 0.000000 3.158751 7.052530
v 0.000000 3.014585 7.121956
v 0.000000 3.276048 6.943693
v 0.000000 3.276048 6.943693
v 0.000000 3.158751 7.052530
v 0.000000 3.158751 7.052530
v 0.000000 3.276048 6.943693
v 0.000000 3.158751 7.052530
v 0.000000 3.356055 6.805115
v 0.000000 3.356055 6.805115
v 0.000000 3.276048 6.943693
v 0.000000 3.276048 6.943693
v 0.000000 3.356055 6.805115
v 0.000000 3.276048 6.943693
v 0.000000 3.391661 6.649113
v 0.000000 3.391661 6.649113
v 0.000000 3.356055 6.805115
v 0.000000 3.356055 6.805115
v 0.000000 3.391661 6.649113
v 0.000000 3.356055 6.805115
v 0.000000 3.379706 6.489545
v 0.000000 3.379706 6.489545
v 0.000000 3.391661 6.649113
v 0.000000 3.391661 6.649113
v 0.000000 3.379706 6.489545
v 0.000000 3.391661 6.649113
v 0.000000 3.321248 6.340592
v 0.000000 3.321248 6.340592
v 0.000000 3.379706 6.489545
v 0.000000 3.379706 6.489545
v 0.000000 3.321248 6.340592
v 0.000000 3.379706 6.489545
v 0.000000 3.221477 6.215489
v 0.000000 3.221477 6.215489
v 0.000000 3.321248 6.340592
v 0.000000 3.321248 6.340592
v 0.000000 3.221477 6.215489
v 0.000000 3.321248 6.340592
v 0.000000 3.089266 6.125348
v 0.000000 3.089266 6.125348
v 0.000000 3.221477 6.215489
v 0.000000 3.221477 6.215489
v 0.000000 3.089266 6.125348
v 0.000000 3.221477 6.215489
v 0.000000 2.936361 6.078185
v 0.000000 2.936361 6.078185
v 0.000000 3.089266 6.125348
v 0.000000 3.089266 6.125348
v 0.000000 2.936361 6.078185
v 0.000000 3.089266 6.125348
v -0.000000 2.776349 6.078185
v -0.000000 2.776349 6.078185
v 0.000000 2.936361 6.078185
v 0.000000 2.936361 6.078185
v -0.000000 2.776349 6.078185
v 0.000000 2.936361 6.078185
v -0.000000 2.623444 6.125348
v -0.000000 2.623444 6.125348
v -0.000000 2.776349 6.078185
v -0.000000 2.776349 6.078185
v -0.000000 2.623444 6.125348
v -0.000000 2.776349 6.078185
v -0.000000 2.491233 6.215489
v -0.000000 2.491233 6.215489
v -0.000000 2.623444 6.125348
v -0.000000 2.623444 6.125348
v -0.000000 2.491233 6.215489
v -0.000000 2.623444 6.125348
v -0.000000 2.391462 6.340592
v -0.000000 2.391462 6.340592
v -0.000000 2.491233 6.215489
v -0.000000 2.491233 6.215489
v -0.000000 2.391462 6.340592
v -0.000000 2.491233 6.215489
v -0.000000 2.333004 6.489546
v -0.000000 2.333004 6.489546
v -0.000000 2.391462 6.340592
v -0.000000 2.391462 6.340592
v -0.000000 2.333004 6.489546
v -0.000000 2.391462 6.340592
v -0.000000 2.321049 6.649113
v -0.000000 2.321049 6.649113
v -0.000000 2.333004 6.489546
v -0.000000 2.333004 6.489546
v -0.000000 2.321049 6.649113
v -0.000000 2.333004 6.489546
v -0.000000 2.356656 6.805115
v -0.000000 2.356656 6.805115
v -0.000000 2.321049 6.649113
v -0.000000 2.321049 6.649113
v -0.000000 2.356656 6.805115
v -0.000000 2.321049 6.649113
v -0.000000 2.436661 6.943693
v -0.000000 2.436661 6.943693
v -0.000000 2.356656 6.805115
v -0.000000 2.356656 6.805115
v -0.000000 2.436661 6.943693
v -0.000000 2.356656 6.805115
v -0.000000 2.553960 7.052530
v -0.000000 2.553960 7.052530
v -0.000000 2.436661 6.943693
v -0.000000 2.436661 6.943693
v -0.000000 2.553960 7.052530
v -0.000000 2.436661 6.943693
v -0.000000 2.698125 7.121956
v -0.000000 2.698125 7.121956
v -0.000000 2.553960 7.052530
v -0.000000 2.553960 7.052530
v -0.000000 2.698125 7.121956
v -0.000000 2.553960 7.052530
v -0.000000 2.856355 7.145807
v -0.000000 2.856355 7.145807
v -0.000000 2.698125 7.121956
v -0.000000 2.698125 7.121956
v -0.000000 2.856355 7.145807
v -0.000000 2.698125 7.121956
v 0.000000 3.014585 7.121956
v 0.000000 3.014585 7.121956
v -0.000000 2.856355 7.145807
v -0.000000 2.856355 7.145807
v 0.000000 3.014585 7.121956
v -0.000000 2.856355 7.145807
v 0.000000 3.158751 7.052530
v 0.000000 3.158751 7.052530
v 0.000000 3.014585 7.121956
v 0.000000 3.014585 7.121956
v 0.000000 3.158751 7.052530
v 0.000000 3.014585 7.121956
v 0.000000 3.276048 6.943693
v 0.000000 3.276048 6.943693
v 0.000000 3.158751 7.052530
v 0.000000 3.158751 7.052530
v 0.000000 3.276048 6.943693
v 0.000000 3.158751 7.052530
v 0.000000 3.356055 6.805115
v 0.000000 3.356055 6.805115
v 0.000000 3.276048 6.943693
v 0.000000 3.276048 6.943693
v 0.000000 3.356055 6.805115
v 0.000000 3.276048 6.943693
v 0.000000 3.391661 6.649113
v 0.000000 3.391661 6.649113
v 0.000000 3.356055 6.805115
v 0.000000 3.356055 6.805115
v 0.000000 3.391661 6.649113
v 0.000000 3.356055 6.805115
v 0.000000 3.379706 6.489545
v 0.000000 3.379706 6.489545
v 0.000000 3.391661 6.649113
v 0.000000 3.391661 6.649113
v 0.000000 3.379706 6.489545
v 0.000000 3.391661 6.649113
v 0.000000 3.321248 6.340592
v 0.000000 3.321248 6.340592
v 0.000000 3.379706 6.489545
v 0.000000 3.379706 6.489545
v 0.000000 3.321248 6.340592
v 0.000000 3.379706 6.489545
v 0.000000 3.221477 6.215489
v 0.000000 3.221477 6.215489
v 0.000000 3.321248 6.340592
v 0.000000 3.321248 6.340592
v 0.000000 3.221477 6.215489
v 0.000000 3.321248 6.340592
v 0.000000 3.089266 6.125348
v 0.000000 3.089266 6.125348
v 0.000000 3.221477 6.215489
v 0.000000 3.221477 6.215489
v 0.000000 3.089266 6.125348
v 0.000000 3.221477 6.215489
v 0.000000 2.936361 6.078185
v 0.000000 2.936361 6.078185
v 0.000000 3.089266 6.125348
v 0.000000 3.089266 6.125348
v 0.000000 2.936361 6.078185
v 0.000000 3.089266 6.125348
v -0.000000 2.776349 6.078185
v -0.000000 2.776349 6.078185
v 0.000000 2.936361 6.078185
v 0.000000 2.936361 6.078185
v -0.000000 2.776349 6.078185
v 0.000000 2.936361 6.078185
v -0.000000 2.623444 6.125348
v -0.000000 2.623444 6.125348
v -0.000000 2.776349 6.078185
v -0.000000 2.776349 6.078185
v -0.000000 2.623444 6.125348
v -0.000000 2.776349 6.078185
v -0.000000 2.491233 6.215489
v -0.000000 2.491233 6.215489
v -0.000000 2.623444 6.125348
v -0.000000 2.623444 6.125348
v -0.000000 2.491233 6.215489
v -0.000000 2.623444 6.125348
v -0.000000 2.391462 6.340592
v -0.000000 2.391462 6.340592
v -0.000000 2.491233 6.215489
v -0.000000 2.491233 6.215489
v -0.000000 2.391462 6.340592
v -0.000000 2.491233 6.215489
v -0.000000 2.333004 6.489546
v -0.000000 2.333004 6.489546
v -0.000000 2.391462 6.340592
v -0.000000 2.391462 6.340592
v -0.000000 2.333004 6.489546
v -0.000000 2.391462 6.340592
v -0.000000 2.321049 6.649113
v -0.000000 2.321049 6.649113
v -0.000000 2.333004 6.489546
v -0.000000 2.333004 6.489546
v -0.000000 2.321049 6.649113
v -0.000000 2.333004 6.489546
v -0.000000 2.356656 6.805115
v -0.000000 2.356656 6.805115
v -0.000000 2.321049 6.649113
v -0.000000 2.321049 6.649113
v -0.000000 2.356656 6.805115
v -0.000000 2.321049 6.649113
v -0.000000 2.436661 6.943693
v -0.000000 2.436661 6.943693
v -0.000000 2.356656 6.805115
v -0.000000 2.356656 6.805115
v -0.000000 2.436661 6.943693
v -0.000000 2.356656 6.805115
v -0.000000 2.553960 7.052530
v -0.000000 2.553960 7.052530
v -0.000000 2.436661 6.943693
v -0.000000 2.436661 6.943693
v -0.000000 2.553960 7.052530
v -0.000000 2.436661 6.943693
v -0.000000 2.698125 7.121956
v -0.000000 2.698125 7.121956
v -0.000000 2.553960 7.052530
v -0.000000 2.553960 7.052530
v -0.000000 2.698125 7.121956
v -0.000000 2.553960 7.052530
v -0.000000 2.856355 7.145807
v -0.000000 2.856355 7.145807
v -0.000000 2.698125 7.121956
v -0.000000 2.698125 7.121956
v -0.000000 2.856355 7.145807
v -0.000000 2.698125 7.121956
v 0.000000 3.014585 7.121956
v 0.000000 3.014585 7.121956
v -0.000000 2.856355 7.145807
v -0.000000 2.856355 7.145807
v 0.000000 3.014585 7.121956
v -0.000000 2.856355 7.145807
v 0.000000 3.158751 7.052530
v 0.000000 3.158751 7.052530
v 0.000000 3.014585 7.121956
v 0.000000 3.014585 7.121956
v 0.000000 3.158751 7.052530
v 0.000000 3.014585 7.121956
v 0.000000 3.276048 6.943693
v 0.000000 3.276048 6.943693
v 0.000000 3.158751 7.052530
v 0.000000 3.158751 7.052530
v 0.000000 3.276048 6.943693
v 0.000000 3.158751 7.052530
v 0.000000 3.356055 6.805115
v 0.000000 3.356055 6.805115
v 0.000000 3.276048 6.943693
v 0.000000 3.276048 6.943693
v 0.000000 3.356055 6.805115
v 0.000000 3.276048 6.943693
v 0.000000 3.391661 6.649113
v 0.000000 3.391661 6.649113
v 0.000000 3.356055 6.805115
v 0.000000 3.356055 6.805115
v 0.000000 3.391661 6.649113
v 0.000000 3.356055 6.805115
v 0.000000 3.379706 6.489545
v 0.000000 3.379706 6.489545
v 0.000000 3.391661 6.649113
v 0.000000 3.391661 6.649113
v 0.000000 3.379706 6.489545
v 0.000000 3.391661 6.649113
v 0.000000 3.321248 6.340592
v 0.000000 3.321248 6.340592
v 0.000000 3.379706 6.489545
v 0.000000 3.379706 6.489545
v 0.000000 3.321248 6.340592
v 0.000000 3.379706 6.489545
v 0.000000 3.221477 6.215489
v 0.000000 3.221477 6.215489
v 0.000000 3.321248 6.340592
v 0.000000 3.321248 6.340592
v 0.000000 3.221477 6.215489
v 0.000000 3.321248 6.340592
v 0.000000 3.089266 6.125348
v 0.000000 3.089266 6.125348
v 0.000000 3.221477 6.215489
v 0.000000 3.221477 6.215489
v 0.000000 3.089266 6.125348
v 0.000000 3.221477 6.215489
v 0.000000 2.936361 6.078185
v 0.000000 2.936361 6.078185
v 0.000000 3.089266 6.125348
v 0.000000 3.089266 6.125348
v 0.000000 2.936361 6.078185
v 0.000000 3.089266 6.125348
v -0.000000 2.776349 6.078185
v -0.000000 2.776349 6.078185
v 0.000000 2.936361 6.078185
v 0.000000 2.936361 6.078185
v -0.000000 2.776349 6.078185
v 0.000000 2.936361 6.078185
v -0.000000 2.623444 6.125348
v -0.000000 2.623444 6.125348
v -0.000000 2.776349 6.078185
v -0.000000 2.776349 6.078185
v -0.000000 2.623444 6.125348
v -0.000000 2.776349 6.078185
v -0.000000 2.491233 6.215489
v -0.000000 2.491233 6.215489
v -0.000000 2.623444 6.125348
v -0.000000 2.623444 6.125348
v -0.000000 2.491233 6.215489
v -0.000000 2.623444 6.125348
v -0.000000 2.391462 6.340592
v -0.000000 2.391462 6.340592
v -0.000000 2.491233 6.215489
v -0.000000 2.491233 6.215489
v -0.000000 2.391462 6.340592
v -0.000000 2.491233 6.215489
v -0.000000 2.333004 6.489546
v -0.000000 2.333004 6.489546
v -0.000000 2.391462 6.340592
v -0.000000 2.391462 6.340592
v -0.000000 2.333004 6.489546
v -0.000000 2.391462 6.340592
v -0.000000 2.321049 6.649113
v -0.000000 2.321049 6.649113
v -0.000000 2.333004 6.489546
v -0.000000 2.333004 6.489546
v -0.000000 2.321049 6.649113
v -0.000000 2.333004 6.489546
v -0.000000 2.356656 6.805115
v -0.000000 2.356656 6.805115
v -0.000000 2.321049 6.649113
v -0.000000 2.321049 6.649113
v -0.000000 2.356656 6.805115
v -0.000000 2.321049 6.649113
v -0.000000 2.436661 6.943693
v -0.000000 2.436661 6.943693
v -0.000000 2.356656 6.805115
v -0.000000 2.356656 6.805115
v -0.000000 2.436661 6.943693
v -0.000000 2.356656 6.805115
v -0.000000 2.553960 7.052530
v -0.000000 2.553960 7.052530
v -0.000000 2.436661 6.943693
v -0.000000 2.436661 6.943693
v -0.000000 2.553960 7.052530
v -0.000000 2.436661 6.943693
v -0.000000 2.698125 7.121956
v -0.000000 2.698125 7.121956
v -0.000000 2.553960 7.052530
v -0.000000 2.553960 7.052530
v -0.000000 2.698125 7.121956
v -0.000000 2.553960 7.052530
v -0.000000 2.856355 7.145807
v -0.000000 2.856355 7.145807
v -0.000000 2.698125 7.121956
v -0.000000 2.698125 7.121956
v -0.000000 2.856355 7.145807
v -0.000000 2.698125 7.121956
v 0.000000 3.014585 7.121956
v 0.000000 3.014585 7.121956
v -0.000000 2.856355 7.145807
v -0.000000 2.856355 7.145807
v 0.000000 3.014585 7.121956
v -0.000000 2.856355 7.145807
v 0.000000 3.158751 7.052530
v 0.000000 3.158751 7.052530
v 0.000000 3.014585 7.121956
v 0.000000 3.014585 7.121956
v 0.000000 3.158751 7.052530
v 0.000000 3.014585 7.121956
v 0.000000 3.276048 6.943693
v 0.000000 3.276048 6.943693
v 0.000000 3.158751 7.052530
v 0.000000 3.158751 7.052530
v 0.000000 3.276048 6.943693
v 0.000000 3.158751 7.052530
v 0.000000 3.356055 6.805115
v 0.000000 3.356055 6.805115
v 0.000000 3.276048 6.943693
v 0.000000 3.276048 6.943693
v 0.000000 3.356055 6.805115
v 0.000000 3.276048 6.943693
v 0.000000 3.391661 6.649113
v 0.000000 3.391661 6.649113
v 0.000000 3.356055 6.805115
v 0.000000 3.356055 6.805115
v 0.000000 3.391661 6.649113
v 0.000000 3.356055 6.805115
v 0.000000 3.379706 6.489545
v 0.000000 3.379706 6.489545
v 0.000000 3.391661 6.649113
v 0.000000 3.391661 6.649113
v 0.000000 3.379706 6.489545
v 0.000000 3.391661 6.649113
v 0.000000 3.321248 6.340592
v 0.000000 3.321248 6.340592
v 0.000000 3.379706 6.489545
v 0.000000 3.379706 6.489545
v 0.000000 3.321248 6.340592
v 0.000000 3.379706 6.489545
v 0.000000 3.221477 6.215489
v 0.000000 3.221477 6.215489
v 0.000000 3.321248 6.340592
v 0.000000 3.321248 6.340592
v 0.000000 3.221477 6.215489
v 0.000000 3.321248 6.340592
v 0.000000 3.089266 6.125348
v 0.000000 3.089266 6.125348
v 0.000000 3.221477 6.215489
v 0.000000 3.221477 6.215489
v 0.000000 3.089266 6.125348
v 0.000000 3.221477 6.215489
v 0.000000 2.936361 6.078185
v 0.000000 2.936361 6.078185
v 0.000000 3.089266 6.125348
v 0.000000 3.089266 6.125348
v 0.000000 2.936361 6.078185
v 0.000000 3.089266 6.125348
v -0.000000 2.776349 6.078185
v -0.000000 2.776349 6.078185
v 0.000000 2.936361 6.078185
v 0.000000 2.936361 6.078185
v -0.000000 2.776349 6.078185
v 0.000000 2.936361 6.078185
v -0.000000 2.623444 6.125348
v -0.000000 2.623444 6.125348
v -0.000000 2.776349 6.078185
v -0.000000 2.776349 6.078185
v -0.000000 2.623444 6.125348
v -0.000000 2.776349 6.078185
v -0.000000 2.491233 6.215489
v -0.000000 2.491233 6.215489
v -0.000000 2.623444 6.125348
v -0.000000 2.623444 6.125348
v -0.000000 2.491233 6.215489
v -0.000000 2.623444 6.125348
v -0.000000 2.391462 6.340592
v -0.000000 2.391462 6.340592
v -0.000000 2.491233 6.215489
v -0.000000 2.491233 6.215489
v -0.000000 2.391462 6.340592
v -0.000000 2.491233 6.215489
v -0.000000 2.333004 6.489546
v -0.000000 2.333004 6.489546
v -0.000000 2.391462 6.340592
v -0.000000 2.391462 6.340592
v -0.000000 2.333004 6.489546
v -0.000000 2.391462 6.340592
v -0.000000 2.321049 6.649113
v -0.000000 2.321049 6.649113
v -0.000000 2.333004 6.489546
v -0.000000 2.333004 6.489546
v -0.000000 2.321049 6.649113
v -0.000000 2.333004 6.489546
v -0.000000 2.356656 6.805115
v -0.000000 2.356656 6.805115
v -0.000000 2.321049 6.649113
v -0.000000 2.321049 6.649113
v -0.000000 2.356656 6.805115
v -0.000000 2.321049 6.649113
v -0.000000 2.436661 6.943693
v -0.000000 2.436661 6.943693
v -0.000000 2.356656 6.805115
v -0.000000 2.356656 6.805115
v -0.000000 2.436661 6.943693
v -0.000000 2.356656 6.805115
v -0.000000 2.553960 7.052530
v -0.000000 2.553960 7.052530
v -0.000000 2.436661 6.943693
v -0.000000 2.436661 6.943693
v -0.000000 2.553960 7.052530
v -0.000000 2.436661 6.943693
v -0.000000 2.698125 7.121956
v -0.000000 2.698125 7.121956
v -0.000000 2.553960 7.052530
v -0.000000 2.553960 7.052530
v -0.000000 2.698125 7.121956
v -0.000000 2.553960 7.052530
v -0.000000 2.856355 7.145807
v -0.000000 2.856355 7.145807
v -0.000000 2.698125 7.121956
v -0.000000 2.698125 7.121956
v -0.000000 2.856355 7.145807
v -0.000000 2.698125 7.121956
v 0.000000 3.014585 7.121956
v 0.000000 3.014585 7.121956
v -0.000000 2.856355 7.145807
v -0.000000 2.856355 7.145807
v 0.000000 3.014585 7.121956
v -0.000000 2.856355 7.145807
v 0.000000 3.158751 7.052530
v 0.000000 3.158751 7.052530
v 0.000000 3.014585 7.121956
v 0.000000 3.014585 7.121956
v 0.000000 3.158751 7.052530
v 0.000000 3.014585 7.121956
v 0.000000 3.276048 6.943693
v 0.000000 3.276048 6.943693
v 0.000000 3.158751 7.052530
v 0.000000 3.158751 7.052530
v 0.000000 3.276048 6.943693
v 0.000000 3.158751 7.052530
v 0.000000 3.356055 6.805115
v 0.000000 3.356055 6.805115
v 0.000000 3.276048 6.943693
v 0.000000 3.276048 6.943693
v 0.000000 3.356055 6.805115
v 0.000000 3.276048 6.943693
v 0.000000 3.391661 6.649113
v 0.000000 3.391661 6.649113
v 0.000000 3.356055 6.805115
v 0.000000 3.356055 6.805115
v 0.000000 3.391661 6.649113
v 0.000000 3.356055 6.805115
v 0.000000 3.379706 6.489545
v 0.000000 3.379706 6.489545
v 0.000000 3.391661 6.649113
v 0.000000 3.391661 6.649113
v 0.000000 3.379706 6.489545
v 0.000000 3.391661 6.649113
v 0.000000 3.321248 6.340592
v 0.000000 3.321248 6.340592
v 0.000000 3.379706 6.489545
v 0.000000 3.379706 6.489545
v 0.000000 3.321248 6.340592
v 0.000000 3.379706 6.489545
v 0.000000 3.221477 6.215489
v 0.000000 3.221477 6.215489
v 0.000000 3.321248 6.340592
v 0.000000 3.321248 6.340592
v 0.000000 3.221477 6.215489
v 0.000000 3.321248 6.340592
v 0.000000 3.089266 6.125348
v 0.000000 3.089266 6.125348
v 0.000000 3.221477 6.215489
v 0.000000 3.221477 6.215489
v 0.000000 3.089266 6.125348
v 0.000000 3.221477 6.215489
v 0.000000 2.936361 6.078185
v 0.000000 2.936361 6.078185
v 0.000000 3.089266 6.125348
v 0.000000 3.089266 6.125348
v 0.000000 2.936361 6.078185
v 0.000000 3.089266 6.125348
v -0.000000 2.776349 6.078185
v -0.000000 2.776349 6.078185
v 0.000000 2.936361 6.078185
v 0.000000 2.936361 6.078185
v -0.000000 2.776349 6.078185
v 0.000000 2.936361 6.078185
v -0.000000 2.623444 6.125348
v -0.000000 2.623444 6.125348
v -0.000000 2.776349 6.078185
v -0.000000 2.776349 6.078185
v -0.000000 2.623444 6.125348
v -0.000000 2.776349 6.078185
v -0.000000 2.491233 6.215489
v -0.000000 2.491233 6.215489
v -0.000000 2.623444 6.125348
v -0.000000 2.623444 6.125348
v -0.000000 2.491233 6.215489
v -0.000000 2.623444 6.125348
v -0.000000 2.391462 6.340592
v -0.000000 2.391462 6.340592
v -0.000000 2.491233 6.215489
v -0.000000 2.491233 6.215489
v -0.000000 2.391462 6.340592
v -0.000000 2.491233 6.215489
v -0.000000 2.333004 6.489546
v -0.000000 2.333004 6.489546
v -0.000000 2.391462 6.340592
v -0.000000 2.391462 6.340592
v -0.000000 2.333004 6.489546
v -0.000000 2.391462 6.340592
v -0.000000 2.321049 6.649113
v -0.000000 2.321049 6.649113
v -0.000000 2.333004 6.489546
v -0.000000 2.333004 6.489546
v -0.000000 2.321049 6.649113
v -0.000000 2.333004 6.489546
v -0.000000 2.356656 6.805115
v -0.000000 2.356656 6.805115
v -0.000000 2.321049 6.649113
v -0.000000 2.321049 6.649113
v -0.000000 2.356656 6.805115
v -0.000000 2.321049 6.649113
v -0.000000 2.436661 6.943693
v -0.000000 2.436661 6.943693
v -0.000000 2.356656 6.805115
v -0.000000 2.356656 6.805115
v -0.000000 2.436661 6.943693
v -0.000000 2.356656 6.805115
v -0.000000 2.553960 7.052530
v -0.000000 2.553960 7.052530
v -0.000000 2.436661 6.943693
v -0.000000 2.436661 6.943693
v -0.000000 2.553960 7.052530
v -0.000000 2.436661 6.943693
v -0.000000 2.698125 7.121956
v -0.000000 2.698125 7.121956
v -0.000000 2.553960 7.052530
v -0.000000 2.553960 7.052530
v -0.000000 2.698125 7.121956
v -0.000000 2.553960 7.052530
v -0.000000 2.856355 7.145807
v -0.000000 2.856355 7.145807
v -0.000000 2.698125 7.121956
v -0.000000 2.698125 7.121956
v -0.000000 2.856355 7.145807
v -0.000000 2.698125 7.121956
v 7.274786 3.014585 7.121956
v 0.000000 3.014585 7.121956
v -0.000000 2.856355 7.145807
v 7.274786 2.856355 7.145807
v 7.274786 3.014585 7.121956
v -0.000000 2.856355 7.145807
v 7.274788 3.158750 7.052530
v 0.000000 3.158751 7.052530
v 0.000000 3.014585 7.121956
v 7.274786 3.014585 7.121956
v 7.274788 3.158750 7.052530
v 0.000000 3.014585 7.121956
v 7.274789 3.276048 6.943693
v 0.000000 3.276048 6.943693
v 0.000000 3.158751 7.052530
v 7.274788 3.158750 7.052530
v 7.274789 3.276048 6.943693
v 0.000000 3.158751 7.052530
v 7.274789 3.356055 6.805115
v 0.000000 3.356055 6.805115
v 0.000000 3.276048 6.943693
v 7.274789 3.276048 6.943693
v 7.274789 3.356055 6.805115
v 0.000000 3.276048 6.943693
v 7.274789 3.391661 6.649113
v 0.000000 3.391661 6.649113
v 0.000000 3.356055 6.805115
v 7.274789 3.356055 6.805115
v 7.274789 3.391661 6.649113
v 0.000000 3.356055 6.805115
v 7.274789 3.379706 6.489545
v 0.000000 3.379706 6.489545
v 0.000000 3.391661 6.649113
v 7.274789 3.391661 6.649113
v 7.274789 3.379706 6.489545
v 0.000000 3.391661 6.649113
v 7.274789 3.321248 6.340592
v 0.000000 3.321248 6.340592
v 0.000000 3.379706 6.489545
v 7.274789 3.379706 6.489545
v 7.274789 3.321248 6.340592
v 0.000000 3.379706 6.489545
v 7.274788 3.221476 6.215488
v 0.000000 3.221477 6.215489
v 0.000000 3.321248 6.340592
v 7.274789 3.321248 6.340592
v 7.274788 3.221476 6.215488
v 0.000000 3.321248 6.340592
v 7.274787 3.089266 6.125348
v 0.000000 3.089266 6.125348
v 0.000000 3.221477 6.215489
v 7.274788 3.221476 6.215488
v 7.274787 3.089266 6.125348
v 0.000000 3.221477 6.215489
v 7.274786 2.936361 6.078185
v 0.000000 2.936361 6.078185
v 0.000000 3.089266 6.125348
v 7.274787 3.089266 6.125348
v 7.274786 2.936361 6.078185
v 0.000000 3.089266 6.125348
v 7.274786 2.776349 6.078185
v -0.000000 2.776349 6.078185
v 0.000000 2.936361 6.078185
v 7.274786 2.936361 6.078185
v 7.274786 2.776349 6.078185
v 0.000000 2.936361 6.078185
v 7.274785 2.623444 6.125348
v -0.000000 2.623444 6.125348
v -0.000000 2.776349 6.078185
v 7.274786 2.776349 6.078185
v 7.274785 2.623444 6.125348
v -0.000000 2.776349 6.078185
v 7.274785 2.491233 6.215489
v -0.000000 2.491233 6.215489
v -0.000000 2.623444 6.125348
v 7.274785 2.623444 6.125348
v 7.274785 2.491233 6.215489
v -0.000000 2.623444 6.125348
v 7.274783 2.391462 6.340592
v -0.000000 2.391462 6.340592
v -0.000000 2.491233 6.215489
v 7.274785 2.491233 6.215489
v 7.274783 2.391462 6.340592
v -0.000000 2.491233 6.215489
v 7.274783 2.333003 6.489546
v -0.000000 2.333004 6.489546
v -0.000000 2.391462 6.340592
v 7.274783 2.391462 6.340592
v 7.274783 2.333003 6.489546
v -0.000000 2.391462 6.340592
v 7.274783 2.321048 6.649113
v -0.000000 2.321049 6.649113
v -0.000000 2.333004 6.489546
v 7.274783 2.333003 6.489546
v 7.274783 2.321048 6.649113
v -0.000000 2.333004 6.489546
v 7.274783 2.356655 6.805115
v -0.000000 2.356656 6.805115
v -0.000000 2.321049 6.649113
v 7.274783 2.321048 6.649113
v 7.274783 2.356655 6.805115
v -0.000000 2.321049 6.649113
v 7.274783 2.436661 6.943693
v -0.000000 2.436661 6.943693
v -0.000000 2.356656 6.805115
v 7.274783 2.356655 6.805115
v 7.274783 2.436661 6.943693
v -0.000000 2.356656 6.805115
v 7.274785 2.553959 7.052530
v -0.000000 2.553960 7.052530
v -0.000000 2.436661 6.943693
v 7.274783 2.436661 6.943693
v 7.274785 2.553959 7.052530
v -0.000000 2.436661 6.943693
v 7.274786 2.698125 7.121956
v -0.000000 2.698125 7.121956
v -0.000000 2.553960 7.052530
v 7.274785 2.553959 7.052530
v 7.274786 2.698125 7.121956
v -0.000000 2.553960 7.052530
v 7.274786 2.856355 7.145807
v -0.000000 2.856355 7.145807
v -0.000000 2.698125 7.121956
v 7.274786 2.698125 7.121956
v 7.274786 2.856355 7.145807
v -0.000000 2.698125 7.121956
v -7.274786 2.856355 7.145807
v -7.274786 3.014585 7.121956
v -7.274786 2.856355 6.608997
v -7.274786 3.014585 7.121956
v -7.274785 3.158751 7.052530
v -7.274786 2.856355 6.608997
v -7.274785 3.158751 7.052530
v -7.274783 3.276049 6.943693
v -7.274786 2.856355 6.608997
v -7.274783 3.276049 6.943693
v -7.274783 3.356055 6.805115
v -7.274786 2.856355 6.608997
v -7.274783 3.356055 6.805115
v -7.274783 3.391661 6.649113
v -7.274786 2.856355 6.608997
v -7.274783 3.391661 6.649113
v -7.274783 3.379707 6.489545
v -7.274786 2.856355 6.608997
v -7.274783 3.379707 6.489545
v -7.274783 3.321249 6.340592
v -7.274786 2.856355 6.608997
v -7.274783 3.321249 6.340592
v -7.274785 3.221477 6.215488
v -7.274786 2.856355 6.608997
v -7.274785 3.221477 6.215488
v -7.274785 3.089266 6.125348
v -7.274786 2.856355 6.608997
v -7.274785 3.089266 6.125348
v -7.274786 2.936361 6.078185
v -7.274786 2.856355 6.608997
v -7.274786 2.936361 6.078185
v -7.274786 2.776349 6.078185
v -7.274786 2.856355 6.608997
v -7.274786 2.776349 6.078185
v -7.274787 2.623445 6.125348
v -7.274786 2.856355 6.608997
v -7.274787 2.623445 6.125348
v -7.274788 2.491234 6.215489
v -7.274786 2.856355 6.608997
v -7.274788 2.491234 6.215489
v -7.274789 2.391462 6.340592
v -7.274786 2.856355 6.608997
v -7.274789 2.391462 6.340592
v -7.274789 2.333004 6.489546
v -7.274786 2.856355 6.608997
v -7.274789 2.333004 6.489546
v -7.274789 2.321049 6.649113
v -7.274786 2.856355 6.608997
v -7.274789 2.321049 6.649113
v -7.274789 2.356656 6.805115
v -7.274786 2.856355 6.608997
v -7.274789 2.356656 6.805115
v -7.274789 2.436662 6.943693
v -7.274786 2.856355 6.608997
v -7.274789 2.436662 6.943693
v -7.274788 2.553960 7.052530
v -7.274786 2.856355 6.608997
v -7.274788 2.553960 7.052530
v -7.274786 2.698125 7.121956
v -7.274786 2.856355 6.608997
v -7.274786 2.698125 7.121956
v -7.274786 2.856355 7.145807
v -7.274786 2.856355 6.608997
v 7.274786 3.014585 7.121956
v 7.274786 2.856355 7.145807
v 7.274786 2.856355 6.608997
v 7.274788 3.158750 7.052530
v 7.274786 3.014585 7.121956
v 7.274786 2.856355 6.608997
v 7.274789 3.276048 6.943693
v 7.274788 3.158750 7.052530
v 7.274786 2.856355 6.608997
v 7.274789 3.356055 6.805115
v 7.274789 3.276048 6.943693
v 7.274786 2.856355 6.608997
v 7.274789 3.391661 6.649113
v 7.274789 3.356055 6.805115
v 7.274786 2.856355 6.608997
v 7.274789 3.379706 6.489545
v 7.274789 3.391661 6.649113
v 7.274786 2.856355 6.608997
v 7.274789 3.321248 6.340592
v 7.274789 3.379706 6.489545
v 7.274786 2.856355 6.608997
v 7.274788 3.221476 6.215488
v 7.274789 3.321248 6.340592
v 7.274786 2.856355 6.608997
v 7.274787 3.089266 6.125348
v 7.274788 3.221476 6.215488
v 7.274786 2.856355 6.608997
v 7.274786 2.936361 6.078185
v 7.274787 3.089266 6.125348
v 7.274786 2.856355 6.608997
v 7.274786 2.776349 6.078185
v 7.274786 2.936361 6.078185
v 7.274786 2.856355 6.608997
v 7.274785 2.623444 6.125348
v 7.274786 2.776349 6.078185
v 7.274786 2.856355 6.608997
v 7.274785 2.491233 6.215489
v 7.274785 2.623444 6.125348
v 7.274786 2.856355 6.608997
v 7.274783 2.391462 6.340592
v 7.274785 2.491233 6.215489
v 7.274786 2.856355 6.608997
v 7.274783 2.333003 6.489546
v 7.274783 2.391462 6.340592
v 7.274786 2.856355 6.608997
v 7.274783 2.321048 6.649113
v 7.274783 2.333003 6.489546
v 7.274786 2.856355 6.608997
v 7.274783 2.356655 6.805115
v 7.274783 2.321048 6.649113
v 7.274786 2.856355 6.608997
v 7.274783 2.436661 6.943693
v 7.274783 2.356655 6.805115
v 7.274786 2.856355 6.608997
v 7.274785 2.553959 7.052530
v 7.274783 2.436661 6.943693
v 7.274786 2.856355 6.608997
v 7.274786 2.698125 7.121956
v 7.274785 2.553959 7.052530
v 7.274786 2.856355 6.608997
v 7.274786 2.856355 7.145807
v 7.274786 2.698125 7.121956
v 7.274786 2.856355 6.608997
v 0.000000 3.477826 -6.629813
v -7.342099 3.477826 -6.629813
v -7.342100 3.319596 -6.605962
v -0.000000 3.319595 -6.605962
v 0.000000 3.477826 -6.629813
v -7.342100 3.319596 -6.605962
v 0.000000 3.621991 -6.699238
v -7.342098 3.621991 -6.699238
v -7.342099 3.477826 -6.629813
v 0.000000 3.477826 -6.629813
v 0.000000 3.621991 -6.699238
v -7.342099 3.477826 -6.629813
v 0.000000 3.739289 -6.808076
v -7.342096 3.739290 -6.808076
v -7.342098 3.621991 -6.699238
v 0.000000 3.621991 -6.699238
v 0.000000 3.739289 -6.808076
v -7.342098 3.621991 -6.699238
v 0.000000 3.819295 -6.946654
v -7.342096 3.819295 -6.946654
v -7.342096 3.739290 -6.808076
v 0.000000 3.739289 -6.808076
v 0.000000 3.819295 -6.946654
v -7.342096 3.739290 -6.808076
v 0.000000 3.854902 -7.102656
v -7.342096 3.854902 -7.102656
v -7.342096 3.819295 -6.946654
v 0.000000 3.819295 -6.946654
v 0.000000 3.854902 -7.102656
v -7.342096 3.819295 -6.946654
v 0.000000 3.842947 -7.262223
v -7.342096 3.842947 -7.262223
v -7.342096 3.854902 -7.102656
v 0.000000 3.854902 -7.102656
v 0.000000 3.842947 -7.262223
v -7.342096 3.854902 -7.102656
v 0.000000 3.784489 -7.411176
v -7.342096 3.784489 -7.411176
v -7.342096 3.842947 -7.262223
v 0.000000 3.842947 -7.262223
v 0.000000 3.784489 -7.411176
v -7.342096 3.842947 -7.262223
v 0.000000 3.684717 -7.536279
v -7.342098 3.684717 -7.536280
v -7.342096 3.784489 -7.411176
v 0.000000 3.784489 -7.411176
v 0.000000 3.684717 -7.536279
v -7.342096 3.784489 -7.411176
v 0.000000 3.552506 -7.626420
v -7.342098 3.552506 -7.626420
v -7.342098 3.684717 -7.536280
v 0.000000 3.684717 -7.536279
v 0.000000 3.552506 -7.626420
v -7.342098 3.684717 -7.536280
v 0.000000 3.399601 -7.673584
v -7.342099 3.399602 -7.673584
v -7.342098 3.552506 -7.626420
v 0.000000 3.552506 -7.626420
v 0.000000 3.399601 -7.673584
v -7.342098 3.552506 -7.626420
v -0.000000 3.239589 -7.673584
v -7.342100 3.239589 -7.673584
v -7.342099 3.399602 -7.673584
v 0.000000 3.399601 -7.673584
v -0.000000 3.239589 -7.673584
v -7.342099 3.399602 -7.673584
v -0.000000 3.086685 -7.626420
v -7.342100 3.086685 -7.626420
v -7.342100 3.239589 -7.673584
v -0.000000 3.239589 -7.673584
v -0.000000 3.086685 -7.626420
v -7.342100 3.239589 -7.673584
v -0.000000 2.954474 -7.536279
v -7.342101 2.954474 -7.536280
v -7.342100 3.086685 -7.626420
v -0.000000 3.086685 -7.626420
v -0.000000 2.954474 -7.536279
v -7.342100 3.086685 -7.626420
v -0.000000 2.854702 -7.411176
v -7.342101 2.854702 -7.411176
v -7.342101 2.954474 -7.536280
v -0.000000 2.954474 -7.536279
v -0.000000 2.854702 -7.411176
v -7.342101 2.954474 -7.536280
v -0.000000 2.796244 -7.262223
v -7.342101 2.796244 -7.262223
v -7.342101 2.854702 -7.411176
v -0.000000 2.854702 -7.411176
v -0.000000 2.796244 -7.262223
v -7.342101 2.854702 -7.411176
v -0.000000 2.784289 -7.102655
v -7.342101 2.784290 -7.102655
v -7.342101 2.796244 -7.262223
v -0.000000 2.796244 -7.262223
v -0.000000 2.784289 -7.102655
v -7.342101 2.796244 -7.262223
v -0.000000 2.819896 -6.946653
v -7.342101 2.819896 -6.946653
v -7.342101 2.784290 -7.102655
v -0.000000 2.784289 -7.102655
v -0.000000 2.819896 -6.946653
v -7.342101 2.784290 -7.102655
v -0.000000 2.899902 -6.808075
v -7.342101 2.899902 -6.808075
v -7.342101 2.819896 -6.946653
v -0.000000 2.819896 -6.946653
v -0.000000 2.899902 -6.808075
v -7.342101 2.819896 -6.946653
v -0.000000 3.017200 -6.699238
v -7.342101 3.017200 -6.699238
v -7.342101 2.899902 -6.808075
v -0.000000 2.899902 -6.808075
v -0.000000 3.017200 -6.699238
v -7.342101 2.899902 -6.808075
v -0.000000 3.161366 -6.629813
v -7.342100 3.161366 -6.629813
v -7.342101 3.017200 -6.699238
v -0.000000 3.017200 -6.699238
v -0.000000 3.161366 -6.629813
v -7.342101 3.017200 -6.699238
v -0.000000 3.319595 -6.605962
v -7.342100 3.319596 -6.605962
v -7.342100 3.161366 -6.629813
v -0.000000 3.161366 -6.629813
v -0.000000 3.319595 -6.605962
v -7.342100 3.161366 -6.629813
v 0.000000 3.477826 -6.629813
v 0.000000 3.477826 -6.629813
v -0.000000 3.319595 -6.605962
v -0.000000 3.319595 -6.605962
v 0.000000 3.477826 -6.629813
v -0.000000 3.319595 -6.605962
v 0.000000 3.621991 -6.699238
v 0.000000 3.621991 -6.699238
v 0.000000 3.477826 -6.629813
v 0.000000 3.477826 -6.629813
v 0.000000 3.621991 -6.699238
v 0.000000 3.477826 -6.629813
v 0.000000 3.739289 -6.808076
v 0.000000 3.739289 -6.808076
v 0.000000 3.621991 -6.699238
v 0.000000 3.621991 -6.699238
v 0.000000 3.739289 -6.808076
v 0.000000 3.621991 -6.699238
v 0.000000 3.819295 -6.946654
v 0.000000 3.819295 -6.946654
v 0.000000 3.739289 -6.808076
v 0.000000 3.739289 -6.808076
v 0.000000 3.819295 -6.946654
v 0.000000 3.739289 -6.808076
v 0.000000 3.854902 -7.102656
v 0.000000 3.854902 -7.102656
v 0.000000 3.819295 -6.946654
v 0.000000 3.819295 -6.946654
v 0.000000 3.854902 -7.102656
v 0.000000 3.819295 -6.946654
v 0.000000 3.842947 -7.262223
v 0.000000 3.842947 -7.262223
v 0.000000 3.854902 -7.102656
v 0.000000 3.854902 -7.102656
v 0.000000 3.842947 -7.262223
v 0.000000 3.854902 -7.102656
v 0.000000 3.784489 -7.411176
v 0.000000 3.784489 -7.411176
v 0.000000 3.842947 -7.262223
v 0.000000 3.842947 -7.262223
v 0.000000 3.784489 -7.411176
v 0.000000 3.842947 -7.262223
v 0.000000 3.684717 -7.536279
v 0.000000 3.684717 -7.536279
v 0.000000 3.784489 -7.411176
v 0.000000 3.784489 -7.411176
v 0.000000 3.684717 -7.536279
v 0.000000 3.784489 -7.411176
v 0.000000 3.552506 -7.626420
v 0.000000 3.552506 -7.626420
v 0.000000 3.684717 -7.536279
v 0.000000 3.684717 -7.536279
v 0.000000 3.552506 -7.626420
v 0.000000 3.684717 -7.536279
v 0.000000 3.399601 -7.673584
v 0.000000 3.399601 -7.673584
v 0.000000 3.552506 -7.626420
v 0.000000 3.552506 -7.626420
v 0.000000 3.399601 -7.673584
v 0.000000 3.552506 -7.626420
v -0.000000 3.239589 -7.673584
v -0.000000 3.239589 -7.673584
v 0.000000 3.399601 -7.673584
v 0.000000 3.399601 -7.673584
v -0.000000 3.239589 -7.673584
v 0.000000 3.399601 -7.673584
v -0.000000 3.086685 -7.626420
v -0.000000 3.086685 -7.626420
v -0.000000 3.239589 -7.673584
v -0.000000 3.239589 -7.673584
v -0.000000 3.086685 -7.626420
v -0.000000 3.239589 -7.673584
v -0.000000 2.954474 -7.536279
v -0.000000 2.954474 -7.536279
v -0.000000 3.086685 -7.626420
v -0.000000 3.086685 -7.626420
v -0.000000 2.954474 -7.536279
v -0.000000 3.086685 -7.626420
v -0.000000 2.854702 -7.411176
v -0.000000 2.854702 -7.411176
v -0.000000 2.954474 -7.536279
v -0.000000 2.954474 -7.536279
v -0.000000 2.854702 -7.411176
v -0.000000 2.954474 -7.536279
v -0.000000 2.796244 -7.262223
v -0.000000 2.796244 -7.262223
v -0.000000 2.854702 -7.411176
v -0.000000 2.854702 -7.411176
v -0.000000 2.796244 -7.262223
v -0.000000 2.854702 -7.411176
v -0.000000 2.784289 -7.102655
v -0.000000 2.784289 -7.102655
v -0.000000 2.796244 -7.262223
v -0.000000 2.796244 -7.262223
v -0.000000 2.784289 -7.102655
v -0.000000 2.796244 -7.262223
v -0.000000 2.819896 -6.946653
v -0.000000 2.819896 -6.946653
v -0.000000 2.784289 -7.102655
v -0.000000 2.784289 -7.102655
v -0.000000 2.819896 -6.946653
v -0.000000 2.784289 -7.102655
v -0.000000 2.899902 -6.808075
v -0.000000 2.899902 -6.808075
v -0.000000 2.819896 -6.946653
v -0.000000 2.819896 -6.946653
v -0.000000 2.899902 -6.808075
v -0.000000 2.819896 -6.946653
v -0.000000 3.017200 -6.699238
v -0.000000 3.017200 -6.699238
v -0.000000 2.899902 -6.808075
v -0.000000 2.899902 -6.808075
v -0.000000 3.017200 -6.699238
v -0.000000 2.899902 -6.808075
v -0.000000 3.161366 -6.629813
v -0.000000 3.161366 -6.629813
v -0.000000 3.017200 -6.699238
v -0.000000 3.017200 -6.699238
v -0.000000 3.161366 -6.629813
v -0.000000 3.017200 -6.699238
v -0.000000 3.319595 -6.605962
v -0.000000 3.319595 -6.605962
v -0.000000 3.161366 -6.629813
v -0.000000 3.161366 -6.629813
v -0.000000 3.319595 -6.605962
v -0.000000 3.161366 -6.629813
v 0.000000 3.477826 -6.629813
v 0.000000 3.477826 -6.629813
v -0.000000 3.319595 -6.605962
v -0.000000 3.319595 -6.605962
v 0.000000 3.477826 -6.629813
v -0.000000 3.319595 -6.605962
v 0.000000 3.621991 -6.699238
v 0.000000 3.621991 -6.699238
v 0.000000 3.477826 -6.629813
v 0.000000 3.477826 -6.629813
v 0.000000 3.621991 -6.699238
v 0.000000 3.477826 -6.629813
v 0.000000 3.739289 -6.808076
v 0.000000 3.739289 -6.808076
v 0.000000 3.621991 -6.699238
v 0.000000 3.621991 -6.699238
v 0.000000 3.739289 -6.808076
v 0.000000 3.621991 -6.699238
v 0.000000 3.819295 -6.946654
v 0.000000 3.819295 -6.946654
v 0.000000 3.739289 -6.808076
v 0.000000 3.739289 -6.808076
v 0.000000 3.819295 -6.946654
v 0.000000 3.739289 -6.808076
v 0.000000 3.854902 -7.102656
v 0.000000 3.854902 -7.102656
v 0.000000 3.819295 -6.946654
v 0.000000 3.819295 -6.946654
v 0.000000 3.854902 -7.102656
v 0.000000 3.819295 -6.946654
v 0.000000 3.842947 -7.262223
v 0.000000 3.842947 -7.262223
v 0.000000 3.854902 -7.102656
v 0.000000 3.854902 -7.102656
v 0.000000 3.842947 -7.262223
v 0.000000 3.854902 -7.102656
v 0.000000 3.784489 -7.411176
v 0.000000 3.784489 -7.411176
v 0.000000 3.842947 -7.262223
v 0.000000 3.842947 -7.262223
v 0.000000 3.784489 -7.411176
v 0.000000 3.842947 -7.262223
v 0.000000 3.684717 -7.536279
v 0.000000 3.684717 -7.536279
v 0.000000 3.784489 -7.411176
v 0.000000 3.784489 -7.411176
v 0.000000 3.684717 -7.536279
v 0.000000 3.784489 -7.411176
v 0.000000 3.552506 -7.626420
v 0.000000 3.552506 -7.626420
v 0.000000 3.684717 -7.536279
v 0.000000 3.684717 -7.536279
v 0.000000 3.552506 -7.626420
v 0.000000 3.684717 -7.536279
v 0.000000 3.399601 -7.673584
v 0.000000 3.399601 -7.673584
v 0.000000 3.552506 -7.626420
v 0.000000 3.552506 -7.626420
v 0.000000 3.399601 -7.673584
v 0.000000 3.552506 -7.626420
v -0.000000 3.239589 -7.673584
v -0.000000 3.239589 -7.673584
v 0.000000 3.399601 -7.673584
v 0.000000 3.399601 -7.673584
v -0.000000 3.239589 -7.673584
v 0.000000 3.399601 -7.673584
v -0.000000 3.086685 -7.626420
v -0.000000 3.086685 -7.626420
v -0.000000 3.239589 -7.673584
v -0.000000 3.239589 -7.673584
v -0.000000 3.086685 -7.626420
v -0.000000 3.239589 -7.673584
v -0.000000 2.954474 -7.536279
v -0.000000 2.954474 -7.536279
v -0.000000 3.086685 -7.626420
v -0.000000 3.086685 -7.626420
v -0.000000 2.954474 -7.536279
v -0.000000 3.086685 -7.626420
v -0.000000 2.854702 -7.411176
v -0.000000 2.854702 -7.411176
v -0.000000 2.954474 -7.536279
v -0.000000 2.954474 -7.536279
v -0.000000 2.854702 -7.411176
v -0.000000 2.954474 -7.536279
v -0.000000 2.796244 -7.262223
v -0.000000 2.796244 -7.262223
v -0.000000 2.854702 -7.411176
v -0.000000 2.854702 -7.411176
v -0.000000 2.796244 -7.262223
v -0.000000 2.854702 -7.411176
v -0.000000 2.784289 -7.102655
v -0.000000 2.784289 -7.102655
v -0.000000 2.796244 -7.262223
v -0.000000 2.796244 -7.262223
v -0.000000 2.784289 -7.102655
v -0.000000 2.796244 -7.262223
v -0.000000 2.819896 -6.946653
v -0.000000 2.819896 -6.946653
v -0.000000 2.784289 -7.102655
v -0.000000 2.784289 -7.102655
v -0.000000 2.819896 -6.946653
v -0.000000 2.784289 -7.102655
v -0.000000 2.899902 -6.808075
v -0.000000 2.899902 -6.808075
v -0.000000 2.819896 -6.946653
v -0.000000 2.819896 -6.946653
v -0.000000 2.899902 -6.808075
v -0.000000 2.819896 -6.946653
v -0.000000 3.017200 -6.699238
v -0.000000 3.017200 -6.699238
v -0.000000 2.899902 -6.808075
v -0.000000 2.899902 -6.808075
v -0.000000 3.017200 -6.699238
v -0.000000 2.899902 -6.808075
v -0.000000 3.161366 -6.629813
v -0.000000 3.161366 -6.629813
v -0.000000 3.017200 -6.699238
v -0.000000 3.017200 -6.699238
v -0.000000 3.161366 -6.629813
v -0.000000 3.017200 -6.699238
v -0.000000 3.319595 -6.605962
v -0.000000 3.319595 -6.605962
v -0.000000 3.161366 -6.629813
v -0.000000 3.161366 -6.629813
v -0.000000 3.319595 -6.605962
v -0.000000 3.161366 -6.629813
v 0.000000 3.477826 -6.629813
v 0.000000 3.477826 -6.629813
v -0.000000 3.319595 -6.605962
v -0.000000 3.319595 -6.605962
v 0.000000 3.477826 -6.629813
v -0.000000 3.319595 -6.605962
v 0.000000 3.621991 -6.699238
v 0.000000 3.621991 -6.699238
v 0.000000 3.477826 -6.629813
v 0.000000 3.477826 -6.629813
v 0.000000 3.621991 -6.699238
v 0.000000 3.477826 -6.629813
v 0.000000 3.739289 -6.808076
v 0.000000 3.739289 -6.808076
v 0.000000 3.621991 -6.699238
v 0.000000 3.621991 -6.699238
v 0.000000 3.739289 -6.808076
v 0.000000 3.621991 -6.699238
v 0.000000 3.819295 -6.946654
v 0.000000 3.819295 -6.946654
v 0.000000 3.739289 -6.808076
v 0.000000 3.739289 -6.808076
v 0.000000 3.819295 -6.946654
v 0.000000 3.739289 -6.808076
v 0.000000 3.854902 -7.102656
v 0.000000 3.854902 -7.102656
v 0.000000 3.819295 -6.946654
v 0.000000 3.819295 -6.946654
v 0.000000 3.854902 -7.102656
v 0.000000 3.819295 -6.946654
v 0.000000 3.842947 -7.262223
v 0.000000 3.842947 -7.262223
v 0.000000 3.854902 -7.102656
v 0.000000 3.854902 -7.102656
v 0.000000 3.842947 -7.262223
v 0.000000 3.854902 -7.102656
v 0.000000 3.784489 -7.411176
v 0.000000 3.784489 -7.411176
v 0.000000 3.842947 -7.262223
v 0.000000 3.842947 -7.262223
v 0.000000 3.784489 -7.411176
v 0.000000 3.842947 -7.262223
v 0.000000 3.684717 -7.536279
v 0.000000 3.684717 -7.536279
v 0.000000 3.784489 -7.411176
v 0.000000 3.784489 -7.411176
v 0.000000 3.684717 -7.536279
v 0.000000 3.784489 -7.411176
v 0.000000 3.552506 -7.626420
v 0.000000 3.552506 -7.626420
v 0.000000 3.684717 -7.536279
v 0.000000 3.684717 -7.536279
v 0.000000 3.552506 -7.626420
v 0.000000 3.684717 -7.536279
v 0.000000 3.399601 -7.673584
v 0.000000 3.399601 -7.673584
v 0.000000 3.552506 -7.626420
v 0.000000 3.552506 -7.626420
v 0.000000 3.399601 -7.673584
v 0.000000 3.552506 -7.626420
v -0.000000 3.239589 -7.673584
v -0.000000 3.239589 -7.673584
v 0.000000 3.399601 -7.673584
v 0.000000 3.399601 -7.673584
v -0.000000 3.239589 -7.673584
v 0.000000 3.399601 -7.673584
v -0.000000 3.086685 -7.626420
v -0.000000 3.086685 -7.626420
v -0.000000 3.239589 -7.673584
v -0.000000 3.239589 -7.673584
v -0.000000 3.086685 -7.626420
v -0.000000 3.239589 -7.673584
v -0.000000 2.954474 -7.536279
v -0.000000 2.954474 -7.536279
v -0.000000 3.086685 -7.626420
v -0.000000 3.086685 -7.626420
v -0.000000 2.954474 -7.536279
v -0.000000 3.086685 -7.626420
v -0.000000 2.854702 -7.411176
v -0.000000 2.854702 -7.411176
v -0.000000 2.954474 -7.536279
v -0.000000 2.954474 -7.536279
v -0.000000 2.854702 -7.411176
v -0.000000 2.954474 -7.536279
v -0.000000 2.796244 -7.262223
v -0.000000 2.796244 -7.262223
v -0.000000 2.854702 -7.411176
v -0.000000 2.854702 -7.411176
v -0.000000 2.796244 -7.262223
v -0.000000 2.854702 -7.411176
v -0.000000 2.784289 -7.102655
v -0.000000 2.784289 -7.102655
v -0.000000 2.796244 -7.262223
v -0.000000 2.796244 -7.262223
v -0.000000 2.784289 -7.102655
v -0.000000 2.796244 -7.262223
v -0.000000 2.819896 -6.946653
v -0.000000 2.819896 -6.946653
v -0.000000 2.784289 -7.102655
v -0.000000 2.784289 -7.102655
v -0.000000 2.819896 -6.946653
v -0.000000 2.784289 -7.102655
v -0.000000 2.899902 -6.808075
v -0.000000 2.899902 -6.808075
v -0.000000 2.819896 -6.946653
v -0.000000 2.819896 -6.946653
v -0.000000 2.899902 -6.808075
v -0.000000 2.819896 -6.946653
v -0.000000 3.017200 -6.699238
v -0.000000 3.017200 -6.699238
v -0.000000 2.899902 -6.808075
v -0.000000 2.899902 -6.808075
v -0.000000 3.017200 -6.699238
v -0.000000 2.899902 -6.808075
v -0.000000 3.161366 -6.629813
v -0.000000 3.161366 -6.629813
v -0.000000 3.017200 -6.699238
v -0.000000 3.017200 -6.699238
v -0.000000 3.161366 -6.629813
v -0.000000 3.017200 -6.699238
v -0.000000 3.319595 -6.605962
v -0.000000 3.319595 -6.605962
v -0.000000 3.161366 -6.629813
v -0.000000 3.161366 -6.629813
v -0.000000 3.319595 -6.605962
v -0.000000 3.161366 -6.629813
v 0.000000 3.477826 -6.629813
v 0.000000 3.477826 -6.629813
v -0.000000 3.319595 -6.605962
v -0.000000 3.319595 -6.605962
v 0.000000 3.477826 -6.629813
v -0.000000 3.319595 -6.605962
v 0.000000 3.621991 -6.699238
v 0.000000 3.621991 -6.699238
v 0.000000 3.477826 -6.629813
v 0.000000 3.477826 -6.629813
v 0.000000 3.621991 -6.699238
v 0.000000 3.477826 -6.629813
v 0.000000 3.739289 -6.808076
v 0.000000 3.739289 -6.808076
v 0.000000 3.621991 -6.699238
v 0.000000 3.621991 -6.699238
v 0.000000 3.739289 -6.808076
v 0.000000 3.621991 -6.699238
v 0.000000 3.819295 -6.946654
v 0.000000 3.819295 -6.946654
v 0.000000 3.739289 -6.808076
v 0.000000 3.739289 -6.808076
v 0.000000 3.819295 -6.946654
v 0.000000 3.739289 -6.808076
v 0.000000 3.854902 -7.102656
v 0.000000 3.854902 -7.102656
v 0.000000 3.819295 -6.946654
v 0.000000 3.819295 -6.946654
v 0.000000 3.854902 -7.102656
v 0.000000 3.819295 -6.946654
v 0.000000 3.842947 -7.262223
v 0.000000 3.842947 -7.262223
v 0.000000 3.854902 -7.102656
v 0.000000 3.854902 -7.102656
v 0.000000 3.842947 -7.262223
v 0.000000 3.854902 -7.102656
v 0.000000 3.784489 -7.411176
v 0.000000 3.784489 -7.411176
v 0.000000 3.842947 -7.262223
v 0.000000 3.842947 -7.262223
v 0.000000 3.784489 -7.411176
v 0.000000 3.842947 -7.262223
v 0.000000 3.684717 -7.536279
v 0.000000 3.684717 -7.536279
v 0.000000 3.784489 -7.411176
v 0.000000 3.784489 -7.411176
v 0.000000 3.684717 -7.536279
v 0.000000 3.784489 -7.411176
v 0.000000 3.552506 -7.626420
v 0.000000 3.552506 -7.626420
v 0.000000 3.684717 -7.536279
v 0.000000 3.684717 -7.536279
v 0.000000 3.552506 -7.626420
v 0.000000 3.684717 -7.536279
v 0.000000 3.399601 -7.673584
v 0.000000 3.399601 -7.673584
v 0.000000 3.552506 -7.626420
v 0.000000 3.552506 -7.626420
v 0.000000 3.399601 -7.673584
v 0.000000 3.552506 -7.626420
v -0.000000 3.239589 -7.673584
v -0.000000 3.239589 -7.673584
v 0.000000 3.399601 -7.673584
v 0.000000 3.399601 -7.673584
v -0.000000 3.239589 -7.673584
v 0.000000 3.399601 -7.673584
v -0.000000 3.086685 -7.626420
v -0.000000 3.086685 -7.626420
v -0.000000 3.239589 -7.673584
v -0.000000 3.239589 -7.673584
v -0.000000 3.086685 -7.626420
v -0.000000 3.239589 -7.673584
v -0.000000 2.954474 -7.536279
v -0.000000 2.954474 -7.536279
v -0.000000 3.086685 -7.626420
v -0.000000 3.086685 -7.626420
v -0.000000 2.954474 -7.536279
v -0.000000 3.086685 -7.626420
v -0.000000 2.854702 -7.411176
v -0.000000 2.854702 -7.411176
v -0.000000 2.954474 -7.536279
v -0.000000 2.954474 -7.536279
v -0.000000 2.854702 -7.411176
v -0.000000 2.954474 -7.536279
v -0.000000 2.796244 -7.262223
v -0.000000 2.796244 -7.262223
v -0.000000 2.854702 -7.411176
v -0.000000 2.854702 -7.411176
v -0.000000 2.796244 -7.262223
v -0.000000 2.854702 -7.411176
v -0.000000 2.784289 -7.102655
v -0.000000 2.784289 -7.102655
v -0.000000 2.796244 -7.262223
v -0.000000 2.796244 -7.262223
v -0.000000 2.784289 -7.102655
v -0.000000 2.796244 -7.262223
v -0.000000 2.819896 -6.946653
v -0.000000 2.819896 -6.946653
v -0.000000 2.784289 -7.102655
v -0.000000 2.784289 -7.102655
v -0.000000 2.819896 -6.946653
v -0.000000 2.784289 -7.102655
v -0.000000 2.899902 -6.808075
v -0.000000 2.899902 -6.808075
v -0.000000 2.819896 -6.946653
v -0.000000 2.819896 -6.946653
v -0.000000 2.899902 -6.808075
v -0.000000 2.819896 -6.946653
v -0.000000 3.017200 -6.699238
v -0.000000 3.017200 -6.699238
v -0.000000 2.899902 -6.808075
v -0.000000 2.899902 -6.808075
v -0.000000 3.017200 -6.699238
v -0.000000 2.899902 -6.808075
v -0.000000 3.161366 -6.629813
v -0.000000 3.161366 -6.629813
v -0.000000 3.017200 -6.699238
v -0.000000 3.017200 -6.699238
v -0.000000 3.161366 -6.629813
v -0.000000 3.017200 -6.699238
v -0.000000 3.319595 -6.605962
v -0.000000 3.319595 -6.605962
v -0.000000 3.161366 -6.629813
v -0.000000 3.161366 -6.629813
v -0.000000 3.319595 -6.605962
v -0.000000 3.161366 -6.629813
v 0.000000 3.477826 -6.629813
v 0.000000 3.477826 -6.629813
v -0.000000 3.319595 -6.605962
v -0.000000 3.319595 -6.605962
v 0.000000 3.477826 -6.629813
v -0.000000 3.319595 -6.605962
v 0.000000 3.621991 -6.699238
v 0.000000 3.621991 -6.699238
v 0.000000 3.477826 -6.629813
v 0.000000 3.477826 -6.629813
v 0.000000 3.621991 -6.699238
v 0.000000 3.477826 -6.629813
v 0.000000 3.739289 -6.808076
v 0.000000 3.739289 -6.808076
v 0.000000 3.621991 -6.699238
v 0.000000 3.621991 -6.699238
v 0.000000 3.739289 -6.808076
v 0.000000 3.621991 -6.699238
v 0.000000 3.819295 -6.946654
v 0.000000 3.819295 -6.946654
v 0.000000 3.739289 -6.808076
v 0.000000 3.739289 -6.808076
v 0.000000 3.819295 -6.946654
v 0.000000 3.739289 -6.808076
v 0.000000 3.854902 -7.102656
v 0.000000 3.854902 -7.102656
v 0.000000 3.819295 -6.946654
v 0.000000 3.819295 -6.946654
v 0.000000 3.854902 -7.102656
v 0.000000 3.819295 -6.946654
v 0.000000 3.842947 -7.262223
v 0.000000 3.842947 -7.262223
v 0.000000 3.854902 -7.102656
v 0.000000 3.854902 -7.102656
v 0.000000 3.842947 -7.262223
v 0.000000 3.854902 -7.102656
v 0.000000 3.784489 -7.411176
v 0.000000 3.784489 -7.411176
v 0.000000 3.842947 -7.262223
v 0.000000 3.842947 -7.262223
v 0.000000 3.784489 -7.411176
v 0.000000 3.842947 -7.262223
v 0.000000 3.684717 -7.536279
v 0.000000 3.684717 -7.536279
v 0.000000 3.784489 -7.411176
v 0.000000 3.784489 -7.411176
v 0.000000 3.684717 -7.536279
v 0.000000 3.784489 -7.411176
v 0.000000 3.552506 -7.626420
v 0.000000 3.552506 -7.626420
v 0.000000 3.684717 -7.536279
v 0.000000 3.684717 -7.536279
v 0.000000 3.552506 -7.626420
v 0.000000 3.684717 -7.536279
v 0.000000 3.399601 -7.673584
v 0.000000 3.399601 -7.673584
v 0.000000 3.552506 -7.626420
v 0.000000 3.552506 -7.626420
v 0.000000 3.399601 -7.673584
v 0.000000 3.552506 -7.626420
v -0.000000 3.239589 -7.673584
v -0.000000 3.239589 -7.673584
v 0.000000 3.399601 -7.673584
v 0.000000 3.399601 -7.673584
v -0.000000 3.239589 -7.673584
v 0.000000 3.399601 -7.673584
v -0.000000 3.086685 -7.626420
v -0.000000 3.086685 -7.626420
v -0.000000 3.239589 -7.673584
v -0.000000 3.239589 -7.673584
v -0.000000 3.086685 -7.626420
v -0.000000 3.239589 -7.673584
v -0.000000 2.954474 -7.536279
v -0.000000 2.954474 -7.536279
v -0.000000 3.086685 -7.626420
v -0.000000 3.086685 -7.626420
v -0.000000 2.954474 -7.536279
v -0.000000 3.086685 -7.626420
v -0.000000 2.854702 -7.411176
v -0.000000 2.854702 -7.411176
v -0.000000 2.954474 -7.536279
v -0.000000 2.954474 -7.536279
v -0.000000 2.854702 -7.411176
v -0.000000 2.954474 -7.536279
v -0.000000 2.796244 -7.262223
v -0.000000 2.796244 -7.262223
v -0.000000 2.854702 -7.411176
v -0.000000 2.854702 -7.411176
v -0.000000 2.796244 -7.262223
v -0.000000 2.854702 -7.411176
v -0.000000 2.784289 -7.102655
v -0.000000 2.784289 -7.102655
v -0.000000 2.796244 -7.262223
v -0.000000 2.796244 -7.262223
v -0.000000 2.784289 -7.102655
v -0.000000 2.796244 -7.262223
v -0.000000 2.819896 -6.946653
v -0.000000 2.819896 -6.946653
v -0.000000 2.784289 -7.102655
v -0.000000 2.784289 -7.102655
v -0.000000 2.819896 -6.946653
v -0.000000 2.784289 -7.102655
v -0.000000 2.899902 -6.808075
v -0.000000 2.899902 -6.808075
v -0.000000 2.819896 -6.946653
v -0.000000 2.819896 -6.946653
v -0.000000 2.899902 -6.808075
v -0.000000 2.819896 -6.946653
v -0.000000 3.017200 -6.699238
v -0.000000 3.017200 -6.699238
v -0.000000 2.899902 -6.808075
v -0.000000 2.899902 -6.808075
v -0.000000 3.017200 -6.699238
v -0.000000 2.899902 -6.808075
v -0.000000 3.161366 -6.629813
v -0.000000 3.161366 -6.629813
v -0.000000 3.017200 -6.699238
v -0.000000 3.017200 -6.699238
v -0.000000 3.161366 -6.629813
v -0.000000 3.017200 -6.699238
v -0.000000 3.319595 -6.605962
v -0.000000 3.319595 -6.605962
v -0.000000 3.161366 -6.629813
v -0.000000 3.161366 -6.629813
v -0.000000 3.319595 -6.605962
v -0.000000 3.161366 -6.629813
v 0.000000 3.477826 -6.629813
v 0.000000 3.477826 -6.629813
v -0.000000 3.319595 -6.605962
v -0.000000 3.319595 -6.605962
v 0.000000 3.477826 -6.629813
v -0.000000 3.319595 -6.605962
v 0.000000 3.621991 -6.699238
v 0.000000 3.621991 -6.699238
v 0.000000 3.477826 -6.629813
v 0.000000 3.477826 -6.629813
v 0.000000 3.621991 -6.699238
v 0.000000 3.477826 -6.629813
v 0.000000 3.739289 -6.808076
v 0.000000 3.739289 -6.808076
v 0.000000 3.621991 -6.699238
v 0.000000 3.621991 -6.699238
v 0.000000 3.739289 -6.808076
v 0.000000 3.621991 -6.699238
v 0.000000 3.819295 -6.946654
v 0.000000 3.819295 -6.946654
v 0.000000 3.739289 -6.808076
v 0.000000 3.739289 -6.808076
v 0.000000 3.819295 -6.946654
v 0.000000 3.739289 -6.808076
v 0.000000 3.854902 -7.102656
v 0.000000 3.854902 -7.102656
v 0.000000 3.819295 -6.946654
v 0.000000 3.819295 -6.946654
v 0.000000 3.854902 -7.102656
v 0.000000 3.819295 -6.946654
v 0.000000 3.842947 -7.262223
v 0.000000 3.842947 -7.262223
v 0.000000 3.854902 -7.102656
v 0.000000 3.854902 -7.102656
v 0.000000 3.842947 -7.262223
v 0.000000 3.854902 -7.102656
v 0.000000 3.784489 -7.411176
v 0.000000 3.784489 -7.411176
v 0.000000 3.842947 -7.262223
v 0.000000 3.842947 -7.262223
v 0.000000 3.784489 -7.411176
v 0.000000 3.842947 -7.262223
v 0.000000 3.684717 -7.536279
v 0.000000 3.684717 -7.536279
v 0.000000 3.784489 -7.411176
v 0.000000 3.784489 -7.411176
v 0.000000 3.684717 -7.536279
v 0.000000 3.784489 -7.411176
v 0.000000 3.552506 -7.626420
v 0.000000 3.552506 -7.626420
v 0.000000 3.684717 -7.536279
v 0.000000 3.684717 -7.536279
v 0.000000 3.552506 -7.626420
v 0.000000 3.684717 -7.536279
v 0.000000 3.399601 -7.673584
v 0.000000 3.399601 -7.673584
v 0.000000 3.552506 -7.626420
v 0.000000 3.552506 -7.626420
v 0.000000 3.399601 -7.673584
v 0.000000 3.552506 -7.626420
v -0.000000 3.239589 -7.673584
v -0.000000 3.239589 -7.673584
v 0.000000 3.399601 -7.673584
v 0.000000 3.399601 -7.673584
v -0.000000 3.239589 -7.673584
v 0.000000 3.399601 -7.673584
v -0.000000 3.086685 -7.626420
v -0.000000 3.086685 -7.626420
v -0.000000 3.239589 -7.673584
v -0.000000 3.239589 -7.673584
v -0.000000 3.086685 -7.626420
v -0.000000 3.239589 -7.673584
v -0.000000 2.954474 -7.536279
v -0.000000 2.954474 -7.536279
v -0.000000 3.086685 -7.626420
v -0.000000 3.086685 -7.626420
v -0.000000 2.954474 -7.536279
v -0.000000 3.086685 -7.626420
v -0.000000 2.854702 -7.411176
v -0.000000 2.854702 -7.411176
v -0.000000 2.954474 -7.536279
v -0.000000 2.954474 -7.536279
v -0.000000 2.854702 -7.411176
v -0.000000 2.954474 -7.536279
v -0.000000 2.796244 -7.262223
v -0.000000 2.796244 -7.262223
v -0.000000 2.854702 -7.411176
v -0.000000 2.854702 -7.411176
v -0.000000 2.796244 -7.262223
v -0.000000 2.854702 -7.411176
v -0.000000 2.784289 -7.102655
v -0.000000 2.784289 -7.102655
v -0.000000 2.796244 -7.262223
v -0.000000 2.796244 -7.262223
v -0.000000 2.784289 -7.102655
v -0.000000 2.796244 -7.262223
v -0.000000 2.819896 -6.946653
v -0.000000 2.819896 -6.946653
v -0.000000 2.784289 -7.102655
v -0.000000 2.784289 -7.102655
v -0.000000 2.819896 -6.946653
v -0.000000 2.784289 -7.102655
v -0.000000 2.899902 -6.808075
v -0.000000 2.899902 -6.808075
v -0.000000 2.819896 -6.946653
v -0.000000 2.819896 -6.946653
v -0.000000 2.899902 -6.808075
v -0.000000 2.819896 -6.946653
v -0.000000 3.017200 -6.699238
v -0.000000 3.017200 -6.699238
v -0.000000 2.899902 -6.808075
v -0.000000 2.899902 -6.808075
v -0.000000 3.017200 -6.699238
v -0.000000 2.899902 -6.808075
v -0.000000 3.161366 -6.629813
v -0.000000 3.161366 -6.629813
v -0.000000 3.017200 -6.699238
v -0.000000 3.017200 -6.699238
v -0.000000 3.161366 -6.629813
v -0.000000 3.017200 -6.699238
v -0.000000 3.319595 -6.605962
v -0.000000 3.319595 -6.605962
v -0.000000 3.161366 -6.629813
v -0.000000 3.161366 -6.629813
v -0.000000 3.319595 -6.605962
v -0.000000 3.161366 -6.629813
v 0.000000 3.477826 -6.629813
v 0.000000 3.477826 -6.629813
v -0.000000 3.319595 -6.605962
v -0.000000 3.319595 -6.605962
v 0.000000 3.477826 -6.629813
v -0.000000 3.319595 -6.605962
v 0.000000 3.621991 -6.699238
v 0.000000 3.621991 -6.699238
v 0.000000 3.477826 -6.629813
v 0.000000 3.477826 -6.629813
v 0.000000 3.621991 -6.699238
v 0.000000 3.477826 -6.629813
v 0.000000 3.739289 -6.808076
v 0.000000 3.739289 -6.808076
v 0.000000 3.621991 -6.699238
v 0.000000 3.621991 -6.699238
v 0.000000 3.739289 -6.808076
v 0.000000 3.621991 -6.699238
v 0.000000 3.819295 -6.946654
v 0.000000 3.819295 -6.946654
v 0.000000 3.739289 -6.808076
v 0.000000 3.739289 -6.808076
v 0.000000 3.819295 -6.946654
v 0.000000 3.739289 -6.808076
v 0.000000 3.854902 -7.102656
v 0.000000 3.854902 -7.102656
v 0.000000 3.819295 -6.946654
v 0.000000 3.819295 -6.946654
v 0.000000 3.854902 -7.102656
v 0.000000 3.819295 -6.946654
v 0.000000 3.842947 -7.262223
v 0.000000 3.842947 -7.262223
v 0.000000 3.854902 -7.102656
v 0.000000 3.854902 -7.102656
v 0.000000 3.842947 -7.262223
v 0.000000 3.854902 -7.102656
v 0.000000 3.784489 -7.411176
v 0.000000 3.784489 -7.411176
v 0.000000 3.842947 -7.262223
v 0.000000 3.842947 -7.262223
v 0.000000 3.784489 -7.411176
v 0.000000 3.842947 -7.262223
v 0.000000 3.684717 -7.536279
v 0.000000 3.684717 -7.536279
v 0.000000 3.784489 -7.411176
v 0.000000 3.784489 -7.411176
v 0.000000 3.684717 -7.536279
v 0.000000 3.784489 -7.411176
v 0.000000 3.552506 -7.626420
v 0.000000 3.552506 -7.626420
v 0.000000 3.684717 -7.536279
v 0.000000 3.684717 -7.536279
v 0.000000 3.552506 -7.626420
v 0.000000 3.684717 -7.536279
v 0.000000 3.399601 -7.673584
v 0.000000 3.399601 -7.673584
v 0.000000 3.552506 -7.626420
v 0.000000 3.552506 -7.626420
v 0.000000 3.399601 -7.673584
v 0.000000 3.552506 -7.626420
v -0.000000 3.239589 -7.673584
v -0.000000 3.239589 -7.673584
v 0.000000 3.399601 -7.673584
v 0.000000 3.399601 -7.673584
v -0.000000 3.239589 -7.673584
v 0.000000 3.399601 -7.673584
v -0.000000 3.086685 -7.626420
v -0.000000 3.086685 -7.626420
v -0.000000 3.239589 -7.673584
v -0.000000 3.239589 -7.673584
v -0.000000 3.086685 -7.626420
v -0.000000 3.239589 -7.673584
v -0.000000 2.954474 -7.536279
v -0.000000 2.954474 -7.536279
v -0.000000 3.086685 -7.626420
v -0.000000 3.086685 -7.626420
v -0.000000 2.954474 -7.536279
v -0.000000 3.086685 -7.626420
v -0.000000 2.854702 -7.411176
v -0.000000 2.854702 -7.411176
v -0.000000 2.954474 -7.536279
v -0.000000 2.954474 -7.536279
v -0.000000 2.854702 -7.411176
v -0.000000 2.954474 -7.536279
v -0.000000 2.796244 -7.262223
v -0.000000 2.796244 -7.262223
v -0.000000 2.854702 -7.411176
v -0.000000 2.854702 -7.411176
v -0.000000 2.796244 -7.262223
v -0.000000 2.854702 -7.411176
v -0.000000 2.784289 -7.102655
v -0.000000 2.784289 -7.102655
v -0.000000 2.796244 -7.262223
v -0.000000 2.796244 -7.262223
v -0.000000 2.784289 -7.102655
v -0.000000 2.796244 -7.262223
v -0.000000 2.819896 -6.946653
v -0.000000 2.819896 -6.946653
v -0.000000 2.784289 -7.102655
v -0.000000 2.784289 -7.102655
v -0.000000 2.819896 -6.946653
v -0.000000 2.784289 -7.102655
v -0.000000 2.899902 -6.808075
v -0.000000 2.899902 -6.808075
v -0.000000 2.819896 -6.946653
v -0.000000 2.819896 -6.946653
v -0.000000 2.899902 -6.808075
v -0.000000 2.819896 -6.946653
v -0.000000 3.017200 -6.699238
v -0.000000 3.017200 -6.699238
v -0.000000 2.899902 -6.808075
v -0.000000 2.899902 -6.808075
v -0.000000 3.017200 -6.699238
v -0.000000 2.899902 -6.808075
v -0.000000 3.161366 -6.629813
v -0.000000 3.161366 -6.629813
v -0.000000 3.017200 -6.699238
v -0.000000 3.017200 -6.699238
v -0.000000 3.161366 -6.629813
v -0.000000 3.017200 -6.699238
v -0.000000 3.319595 -6.605962
v -0.000000 3.319595 -6.605962
v -0.000000 3.161366 -6.629813
v -0.000000 3.161366 -6.629813
v -0.000000 3.319595 -6.605962
v -0.000000 3.161366 -6.629813
v 0.000000 3.477826 -6.629813
v 0.000000 3.477826 -6.629813
v -0.000000 3.319595 -6.605962
v -0.000000 3.319595 -6.605962
v 0.000000 3.477826 -6.629813
v -0.000000 3.319595 -6.605962
v 0.000000 3.621991 -6.699238
v 0.000000 3.621991 -6.699238
v 0.000000 3.477826 -6.629813
v 0.000000 3.477826 -6.629813
v 0.000000 3.621991 -6.699238
v 0.000000 3.477826 -6.629813
v 0.000000 3.739289 -6.808076
v 0.000000 3.739289 -6.808076
v 0.000000 3.621991 -6.699238
v 0.000000 3.621991 -6.699238
v 0.000000 3.739289 -6.808076
v 0.000000 3.621991 -6.699238
v 0.000000 3.819295 -6.946654
v 0.000000 3.819295 -6.946654
v 0.000000 3.739289 -6.808076
v 0.000000 3.739289 -6.808076
v 0.000000 3.819295 -6.946654
v 0.000000 3.739289 -6.808076
v 0.000000 3.854902 -7.102656
v 0.000000 3.854902 -7.102656
v 0.000000 3.819295 -6.946654
v 0.000000 3.819295 -6.946654
v 0.000000 3.854902 -7.102656
v 0.000000 3.819295 -6.946654
v 0.000000 3.842947 -7.262223
v 0.000000 3.842947 -7.262223
v 0.000000 3.854902 -7.102656
v 0.000000 3.854902 -7.102656
v 0.000000 3.842947 -7.262223
v 0.000000 3.854902 -7.102656
v 0.000000 3.784489 -7.411176
v 0.000000 3.784489 -7.411176
v 0.000000 3.842947 -7.262223
v 0.000000 3.842947 -7.262223
v 0.000000 3.784489 -7.411176
v 0.000000 3.842947 -7.262223
v 0.000000 3.684717 -7.536279
v 0.000000 3.684717 -7.536279
v 0.000000 3.784489 -7.411176
v 0.000000 3.784489 -7.411176
v 0.000000 3.684717 -7.536279
v 0.000000 3.784489 -7.411176
v 0.000000 3.552506 -7.626420
v 0.000000 3.552506 -7.626420
v 0.000000 3.684717 -7.536279
v 0.000000 3.684717 -7.536279
v 0.000000 3.552506 -7.626420
v 0.000000 3.684717 -7.536279
v 0.000000 3.399601 -7.673584
v 0.000000 3.399601 -7.673584
v 0.000000 3.552506 -7.626420
v 0.000000 3.552506 -7.626420
v 0.000000 3.399601 -7.673584
v 0.000000 3.552506 -7.626420
v -0.000000 3.239589 -7.673584
v -0.000000 3.239589 -7.673584
v 0.000000 3.399601 -7.673584
v 0.000000 3.399601 -7.673584
v -0.000000 3.239589 -7.673584
v 0.000000 3.399601 -7.673584
v -0.000000 3.086685 -7.626420
v -0.000000 3.086685 -7.626420
v -0.000000 3.239589 -7.673584
v -0.000000 3.239589 -7.673584
v -0.000000 3.086685 -7.626420
v -0.000000 3.239589 -7.673584
v -0.000000 2.954474 -7.536279
v -0.000000 2.954474 -7.536279
v -0.000000 3.086685 -7.626420
v -0.000000 3.086685 -7.626420
v -0.000000 2.954474 -7.536279
v -0.000000 3.086685 -7.626420
v -0.000000 2.854702 -7.411176
v -0.000000 2.854702 -7.411176
v -0.000000 2.954474 -7.536279
v -0.000000 2.954474 -7.536279
v -0.000000 2.854702 -7.411176
v -0.000000 2.954474 -7.536279
v -0.000000 2.796244 -7.262223
v -0.000000 2.796244 -7.262223
v -0.000000 2.854702 -7.411176
v -0.000000 2.854702 -7.411176
v -0.000000 2.796244 -7.262223
v -0.000000 2.854702 -7.411176
v -0.000000 2.784289 -7.102655
v -0.000000 2.784289 -7.102655
v -0.000000 2.796244 -7.262223
v -0.000000 2.796244 -7.262223
v -0.000000 2.784289 -7.102655
v -0.000000 2.796244 -7.262223
v -0.000000 2.819896 -6.946653
v -0.000000 2.819896 -6.946653
v -0.000000 2.784289 -7.102655
v -0.000000 2.784289 -7.102655
v -0.000000 2.819896 -6.946653
v -0.000000 2.784289 -7.102655
v -0.000000 2.899902 -6.808075
v -0.000000 2.899902 -6.808075
v -0.000000 2.819896 -6.946653
v -0.000000 2.819896 -6.946653
v -0.000000 2.899902 -6.808075
v -0.000000 2.819896 -6.946653
v -0.000000 3.017200 -6.699238
v -0.000000 3.017200 -6.699238
v -0.000000 2.899902 -6.808075
v -0.000000 2.899902 -6.808075
v -0.000000 3.017200 -6.699238
v -0.000000 2.899902 -6.808075
v -0.000000 3.161366 -6.629813
v -0.000000 3.161366 -6.629813
v -0.000000 3.017200 -6.699238
v -0.000000 3.017200 -6.699238
v -0.000000 3.161366 -6.629813
v -0.000000 3.017200 -6.699238
v -0.000000 3.319595 -6.605962
v -0.000000 3.319595 -6.605962
v -0.000000 3.161366 -6.629813
v -0.000000 3.161366 -6.629813
v -0.000000 3.319595 -6.605962
v -0.000000 3.161366 -6.629813
v 7.342100 3.477825 -6.629813
v 0.000000 3.477826 -6.629813
v -0.000000 3.319595 -6.605962
v 7.342100 3.319595 -6.605962
v 7.342100 3.477825 -6.629813
v -0.000000 3.319595 -6.605962
v 7.342101 3.621990 -6.699238
v 0.000000 3.621991 -6.699238
v 0.000000 3.477826 -6.629813
v 7.342100 3.477825 -6.629813
v 7.342101 3.621990 -6.699238
v 0.000000 3.477826 -6.629813
v 7.342101 3.739289 -6.808076
v 0.000000 3.739289 -6.808076
v 0.000000 3.621991 -6.699238
v 7.342101 3.621990 -6.699238
v 7.342101 3.739289 -6.808076
v 0.000000 3.621991 -6.699238
v 7.342101 3.819295 -6.946654
v 0.000000 3.819295 -6.946654
v 0.000000 3.739289 -6.808076
v 7.342101 3.739289 -6.808076
v 7.342101 3.819295 -6.946654
v 0.000000 3.739289 -6.808076
v 7.342101 3.854901 -7.102656
v 0.000000 3.854902 -7.102656
v 0.000000 3.819295 -6.946654
v 7.342101 3.819295 -6.946654
v 7.342101 3.854901 -7.102656
v 0.000000 3.819295 -6.946654
v 7.342101 3.842947 -7.262223
v 0.000000 3.842947 -7.262223
v 0.000000 3.854902 -7.102656
v 7.342101 3.854901 -7.102656
v 7.342101 3.842947 -7.262223
v 0.000000 3.854902 -7.102656
v 7.342101 3.784488 -7.411176
v 0.000000 3.784489 -7.411176
v 0.000000 3.842947 -7.262223
v 7.342101 3.842947 -7.262223
v 7.342101 3.784488 -7.411176
v 0.000000 3.842947 -7.262223
v 7.342101 3.684717 -7.536280
v 0.000000 3.684717 -7.536279
v 0.000000 3.784489 -7.411176
v 7.342101 3.784488 -7.411176
v 7.342101 3.684717 -7.536280
v 0.000000 3.784489 -7.411176
v 7.342100 3.552506 -7.626420
v 0.000000 3.552506 -7.626420
v 0.000000 3.684717 -7.536279
v 7.342101 3.684717 -7.536280
v 7.342100 3.552506 -7.626420
v 0.000000 3.684717 -7.536279
v 7.342100 3.399601 -7.673584
v 0.000000 3.399601 -7.673584
v 0.000000 3.552506 -7.626420
v 7.342100 3.552506 -7.626420
v 7.342100 3.399601 -7.673584
v 0.000000 3.552506 -7.626420
v 7.342099 3.239589 -7.673584
v -0.000000 3.239589 -7.673584
v 0.000000 3.399601 -7.673584
v 7.342100 3.399601 -7.673584
v 7.342099 3.239589 -7.673584
v 0.000000 3.399601 -7.673584
v 7.342098 3.086684 -7.626420
v -0.000000 3.086685 -7.626420
v -0.000000 3.239589 -7.673584
v 7.342099 3.239589 -7.673584
v 7.342098 3.086684 -7.626420
v -0.000000 3.239589 -7.673584
v 7.342098 2.954473 -7.536280
v -0.000000 2.954474 -7.536279
v -0.000000 3.086685 -7.626420
v 7.342098 3.086684 -7.626420
v 7.342098 2.954473 -7.536280
v -0.000000 3.086685 -7.626420
v 7.342096 2.854702 -7.411176
v -0.000000 2.854702 -7.411176
v -0.000000 2.954474 -7.536279
v 7.342098 2.954473 -7.536280
v 7.342096 2.854702 -7.411176
v -0.000000 2.954474 -7.536279
v 7.342096 2.796244 -7.262223
v -0.000000 2.796244 -7.262223
v -0.000000 2.854702 -7.411176
v 7.342096 2.854702 -7.411176
v 7.342096 2.796244 -7.262223
v -0.000000 2.854702 -7.411176
v 7.342096 2.784289 -7.102655
v -0.000000 2.784289 -7.102655
v -0.000000 2.796244 -7.262223
v 7.342096 2.796244 -7.262223
v 7.342096 2.784289 -7.102655
v -0.000000 2.796244 -7.262223
v 7.342096 2.819896 -6.946653
v -0.000000 2.819896 -6.946653
v -0.000000 2.784289 -7.102655
v 7.342096 2.784289 -7.102655
v 7.342096 2.819896 -6.946653
v -0.000000 2.784289 -7.102655
v 7.342096 2.899901 -6.808075
v -0.000000 2.899902 -6.808075
v -0.000000 2.819896 -6.946653
v 7.342096 2.819896 -6.946653
v 7.342096 2.899901 -6.808075
v -0.000000 2.819896 -6.946653
v 7.342098 3.017200 -6.699238
v -0.000000 3.017200 -6.699238
v -0.000000 2.899902 -6.808075
v 7.342096 2.899901 -6.808075
v 7.342098 3.017200 -6.699238
v -0.000000 2.899902 -6.808075
v 7.342099 3.161365 -6.629813
v -0.000000 3.161366 -6.629813
v -0.000000 3.017200 -6.699238
v 7.342098 3.017200 -6.699238
v 7.342099 3.161365 -6.629813
v -0.000000 3.017200 -6.699238
v 7.342100 3.319595 -6.605962
v -0.000000 3.319595 -6.605962
v -0.000000 3.161366 -6.629813
v 7.342099 3.161365 -6.629813
v 7.342100 3.319595 -6.605962
v -0.000000 3.161366 -6.629813
v -7.342100 3.319596 -6.605962
v -7.342099 3.477826 -6.629813
v -7.342100 3.319596 -7.142771
v -7.342099 3.477826 -6.629813
v -7.342098 3.621991 -6.699238
v -7.342100 3.319596 -7.142771
v -7.342098 3.621991 -6.699238
v -7.342096 3.739290 -6.808076
v -7.342100 3.319596 -7.142771
v -7.342096 3.739290 -6.808076
v -7.342096 3.819295 -6.946654
v -7.342100 3.319596 -7.142771
v -7.342096 3.819295 -6.946654
v -7.342096 3.854902 -7.102656
v -7.342100 3.319596 -7.142771
v -7.342096 3.854902 -7.102656
v -7.342096 3.842947 -7.262223
v -7.342100 3.319596 -7.142771
v -7.342096 3.842947 -7.262223
v -7.342096 3.784489 -7.411176
v -7.342100 3.319596 -7.142771
v -7.342096 3.784489 -7.411176
v -7.342098 3.684717 -7.536280
v -7.342100 3.319596 -7.142771
v -7.342098 3.684717 -7.536280
v -7.342098 3.552506 -7.626420
v -7.342100 3.319596 -7.142771
v -7.342098 3.552506 -7.626420
v -7.342099 3.399602 -7.673584
v -7.342100 3.319596 -7.142771
v -7.342099 3.399602 -7.673584
v -7.342100 3.239589 -7.673584
v -7.342100 3.319596 -7.142771
v -7.342100 3.239589 -7.673584
v -7.342100 3.086685 -7.626420
v -7.342100 3.319596 -7.142771
v -7.342100 3.086685 -7.626420
v -7.342101 2.954474 -7.536280
v -7.342100 3.319596 -7.142771
v -7.342101 2.954474 -7.536280
v -7.342101 2.854702 -7.411176
v -7.342100 3.319596 -7.142771
v -7.342101 2.854702 -7.411176
v -7.342101 2.796244 -7.262223
v -7.342100 3.319596 -7.142771
v -7.342101 2.796244 -7.262223
v -7.342101 2.784290 -7.102655
v -7.342100 3.319596 -7.142771
v -7.342101 2.784290 -7.102655
v -7.342101 2.819896 -6.946653
v -7.342100 3.319596 -7.142771
v -7.342101 2.819896 -6.946653
v -7.342101 2.899902 -6.808075
v -7.342100 3.319596 -7.142771
v -7.342101 2.899902 -6.808075
v -7.342101 3.017200 -6.699238
v -7.342100 3.319596 -7.142771
v -7.342101 3.017200 -6.699238
v -7.342100 3.161366 -6.629813
v -7.342100 3.319596 -7.142771
v -7.342100 3.161366 -6.629813
v -7.342100 3.319596 -6.605962
v -7.342100 3.319596 -7.142771
v 7.342100 3.477825 -6.629813
v 7.342100 3.319595 -6.605962
v 7.342100 3.319595 -7.142771
v 7.342101 3.621990 -6.699238
v 7.342100 3.477825 -6.629813
v 7.342100 3.319595 -7.142771
v 7.342101 3.739289 -6.808076
v 7.342101 3.621990 -6.699238
v 7.342100 3.319595 -7.142771
v 7.342101 3.819295 -6.946654
v 7.342101 3.739289 -6.808076
v 7.342100 3.319595 -7.142771
v 7.342101 3.854901 -7.102656
v 7.342101 3.819295 -6.946654
v 7.342100 3.319595 -7.142771
v 7.342101 3.842947 -7.262223
v 7.342101 3.854901 -7.102656
v 7.342100 3.319595 -7.142771
v 7.342101 3.784488 -7.411176
v 7.342101 3.842947 -7.262223
v 7.342100 3.319595 -7.142771
v 7.342101 3.684717 -7.536280
v 7.342101 3.784488 -7.411176
v 7.342100 3.319595 -7.142771
v 7.342100 3.552506 -7.626420
v 7.342101 3.684717 -7.536280
v 7.342100 3.319595 -7.142771
v 7.342100 3.399601 -7.673584
v 7.342100 3.552506 -7.626420
v 7.342100 3.319595 -7.142771
v 7.342099 3.239589 -7.673584
v 7.342100 3.399601 -7.673584
v 7.342100 3.319595 -7.142771
v 7.342098 3.086684 -7.626420
v 7.342099 3.239589 -7.673584
v 7.342100 3.319595 -7.142771
v 7.342098 2.954473 -7.536280
v 7.342098 3.086684 -7.626420
v 7.342100 3.319595 -7.142771
v 7.342096 2.854702 -7.411176
v 7.342098 2.954473 -7.536280
v 7.342100 3.319595 -7.142771
v 7.342096 2.796244 -7.262223
v 7.342096 2.854702 -7.411176
v 7.342100 3.319595 -7.142771
v 7.342096 2.784289 -7.102655
v 7.342096 2.796244 -7.262223
v 7.342100 3.319595 -7.142771
v 7.342096 2.819896 -6.946653
v 7.342096 2.784289 -7.102655
v 7.342100 3.319595 -7.142771
v 7.342096 2.899901 -6.808075
v 7.342096 2.819896 -6.946653
v 7.342100 3.319595 -7.142771
v 7.342098 3.017200 -6.699238
v 7.342096 2.899901 -6.808075
v 7.342100 3.319595 -7.142771
v 7.342099 3.161365 -6.629813
v 7.342098 3.017200 -6.699238
v 7.342100 3.319595 -7.142771
v 7.342100 3.319595 -6.605962
v 7.342099 3.161365 -6.629813
v 7.342100 3.319595 -7.142771
v -0.240749 8.328835 0.185137
v -0.240749 4.421376 1.994764
v -0.165544 4.479227 2.150072
v -0.240749 4.421376 1.994764
v -0.240749 8.328835 0.185137
v -0.165544 8.186019 0.100977
v -0.165544 8.186019 0.100977
v -0.165544 4.363080 1.839458
v -0.240749 4.421376 1.994764
v -0.000001 8.121050 0.062706
v -0.165544 4.363080 1.839458
v -0.165544 8.186019 0.100977
v -0.000001 8.121050 0.062706
v -0.000001 4.336825 1.768702
v -0.165544 4.363080 1.839458
v 0.165541 8.186019 0.100977
v 0.165541 4.363080 1.839458
v -0.000001 4.336825 1.768702
v 0.240747 8.328835 0.185137
v 0.240747 4.421376 1.994764
v 0.165541 4.363080 1.839458
v 0.165541 8.471649 0.269299
v 0.165541 4.479227 2.150072
v 0.240747 4.421376 1.994764
v -0.000001 8.536619 0.307570
v 0.165541 4.479227 2.150072
v 0.165541 8.471649 0.269299
v -0.000001 8.536619 0.307570
v -0.000001 4.505482 2.220383
v 0.165541 4.479227 2.150072
v -0.165544 8.471649 0.269299
v -0.000001 4.505482 2.220383
v -0.000001 8.536619 0.307570
v -0.240749 8.328835 0.185137
v -0.165544 4.479227 2.150072
v -0.165544 8.471649 0.269299
v 0.165541 8.186019 0.100977
v -0.000001 4.336825 1.768702
v -0.000001 8.121050 0.062706
v 0.240747 8.328835 0.185137
v 0.165541 4.363080 1.839458
v 0.165541 8.186019 0.100977
v 0.165541 8.471649 0.269299
v 0.240747 4.421376 1.994764
v 0.240747 8.328835 0.185137
v -0.165544 8.471649 0.269299
v -0.165544 4.479227 2.150072
v -0.000001 4.505482 2.220383
v -2.274101 2.713078 -9.838621
v -2.274101 2.713078 -11.594485
v -2.334578 2.448113 -11.594485
v -2.334577 2.448112 -9.838621
v -2.274101 2.713078 -9.838621
v -2.334578 2.448113 -11.594485
v -2.212440 2.448112 -9.838621
v -2.212440 2.448113 -11.594485
v -2.164061 2.660089 -11.594485
v -2.164061 2.660089 -9.838621
v -2.212440 2.448112 -9.838621
v -2.164061 2.660089 -11.594485
v -2.104647 2.925567 -9.838621
v -2.104647 2.925568 -11.594485
v -2.274101 2.713078 -11.594485
v -2.274101 2.713078 -9.838621
v -2.104647 2.925567 -9.838621
v -2.274101 2.713078 -11.594485
v -2.164061 2.660089 -9.838621
v -2.164061 2.660089 -11.594485
v -2.028494 2.830081 -11.594485
v -2.028494 2.830080 -9.838621
v -2.164061 2.660089 -9.838621
v -2.028494 2.830081 -11.594485
v -1.859779 3.043491 -9.838621
v -1.859779 3.043491 -11.594485
v -2.104647 2.925568 -11.594485
v -2.104647 2.925567 -9.838621
v -1.859779 3.043491 -9.838621
v -2.104647 2.925568 -11.594485
v -2.028494 2.830080 -9.838621
v -2.028494 2.830081 -11.594485
v -1.832604 2.924414 -11.594485
v -1.832603 2.924413 -9.838621
v -2.028494 2.830080 -9.838621
v -1.832604 2.924414 -11.594485
v -1.587998 3.043491 -9.838621
v -1.587999 3.043491 -11.594485
v -1.859779 3.043491 -11.594485
v -1.859779 3.043491 -9.838621
v -1.587998 3.043491 -9.838621
v -1.859779 3.043491 -11.594485
v -1.832603 2.924413 -9.838621
v -1.832604 2.924414 -11.594485
v -1.615174 2.924414 -11.594485
v -1.615174 2.924413 -9.838621
v -1.832603 2.924413 -9.838621
v -1.615174 2.924414 -11.594485
v -1.343130 2.925567 -9.838621
v -1.343131 2.925568 -11.594485
v -1.587999 3.043491 -11.594485
v -1.587998 3.043491 -9.838621
v -1.343130 2.925567 -9.838621
v -1.587999 3.043491 -11.594485
v -1.615174 2.924413 -9.838621
v -1.615174 2.924414 -11.594485
v -1.419284 2.830081 -11.594485
v -1.419283 2.830080 -9.838621
v -1.615174 2.924413 -9.838621
v -1.419284 2.830081 -11.594485
v -1.173676 2.713078 -9.838621
v -1.173677 2.713078 -11.594485
v -1.343131 2.925568 -11.594485
v -1.343130 2.925567 -9.838621
v -1.173676 2.713078 -9.838621
v -1.343131 2.925568 -11.594485
v -1.419283 2.830080 -9.838621
v -1.419284 2.830081 -11.594485
v -1.283717 2.660089 -11.594485
v -1.283716 2.660089 -9.838621
v -1.419283 2.830080 -9.838621
v -1.283717 2.660089 -11.594485
v -1.113200 2.448112 -9.838621
v -1.113200 2.448113 -11.594485
v -1.173677 2.713078 -11.594485
v -1.173676 2.713078 -9.838621
v -1.113200 2.448112 -9.838621
v -1.173677 2.713078 -11.594485
v -1.283716 2.660089 -9.838621
v -1.283717 2.660089 -11.594485
v -1.235338 2.448113 -11.594485
v -1.235337 2.448112 -9.838621
v -1.283716 2.660089 -9.838621
v -1.235338 2.448113 -11.594485
v -1.173676 2.183147 -9.838621
v -1.173677 2.183147 -11.594485
v -1.113200 2.448113 -11.594485
v -1.113200 2.448112 -9.838621
v -1.173676 2.183147 -9.838621
v -1.113200 2.448113 -11.594485
v -1.235337 2.448112 -9.838621
v -1.235338 2.448113 -11.594485
v -1.283717 2.236137 -11.594485
v -1.283716 2.236136 -9.838621
v -1.235337 2.448112 -9.838621
v -1.283717 2.236137 -11.594485
v -1.343130 1.970658 -9.838621
v -1.343131 1.970659 -11.594485
v -1.173677 2.183147 -11.594485
v -1.173676 2.183147 -9.838621
v -1.343130 1.970658 -9.838621
v -1.173677 2.183147 -11.594485
v -1.283716 2.236136 -9.838621
v -1.283717 2.236137 -11.594485
v -1.419284 2.066145 -11.594485
v -1.419283 2.066145 -9.838621
v -1.283716 2.236136 -9.838621
v -1.419284 2.066145 -11.594485
v -1.587998 1.852734 -9.838621
v -1.587999 1.852734 -11.594485
v -1.343131 1.970659 -11.594485
v -1.343130 1.970658 -9.838621
v -1.587998 1.852734 -9.838621
v -1.343131 1.970659 -11.594485
v -1.419283 2.066145 -9.838621
v -1.419284 2.066145 -11.594485
v -1.615174 1.971812 -11.594485
v -1.615174 1.971812 -9.838621
v -1.419283 2.066145 -9.838621
v -1.615174 1.971812 -11.594485
v -1.859779 1.852734 -9.838621
v -1.859779 1.852734 -11.594485
v -1.587999 1.852734 -11.594485
v -1.587998 1.852734 -9.838621
v -1.859779 1.852734 -9.838621
v -1.587999 1.852734 -11.594485
v -1.615174 1.971812 -9.838621
v -1.615174 1.971812 -11.594485
v -1.832604 1.971812 -11.594485
v -1.832603 1.971812 -9.838621
v -1.615174 1.971812 -9.838621
v -1.832604 1.971812 -11.594485
v -2.104647 1.970658 -9.838621
v -2.104647 1.970659 -11.594485
v -1.859779 1.852734 -11.594485
v -1.859779 1.852734 -9.838621
v -2.104647 1.970658 -9.838621
v -1.859779 1.852734 -11.594485
v -1.832603 1.971812 -9.838621
v -1.832604 1.971812 -11.594485
v -2.028494 2.066151 -11.594485
v -2.028494 2.066151 -9.838621
v -1.832603 1.971812 -9.838621
v -2.028494 2.066151 -11.594485
v -2.274101 2.183147 -9.838621
v -2.274101 2.183147 -11.594485
v -2.104647 1.970659 -11.594485
v -2.104647 1.970658 -9.838621
v -2.274101 2.183147 -9.838621
v -2.104647 1.970659 -11.594485
v -2.028494 2.066151 -9.838621
v -2.028494 2.066151 -11.594485
v -2.164061 2.236137 -11.594485
v -2.164061 2.236136 -9.838621
v -2.028494 2.066151 -9.838621
v -2.164061 2.236137 -11.594485
v -2.334577 2.448112 -9.838621
v -2.334578 2.448113 -11.594485
v -2.274101 2.183147 -11.594485
v -2.274101 2.183147 -9.838621
v -2.334577 2.448112 -9.838621
v -2.274101 2.183147 -11.594485
v -2.164061 2.236136 -9.838621
v -2.164061 2.236137 -11.594485
v -2.212440 2.448113 -11.594485
v -2.212440 2.448112 -9.838621
v -2.164061 2.236136 -9.838621
v -2.212440 2.448113 -11.594485
v -2.164061 2.660089 -11.594485
v -2.212440 2.448113 -11.594485
v -2.334578 2.448113 -11.594485
v -2.274101 2.713078 -11.594485
v -2.164061 2.660089 -11.594485
v -2.334578 2.448113 -11.594485
v -2.164061 2.660089 -9.838621
v -2.274101 2.713078 -9.838621
v -2.334577 2.448112 -9.838621
v -2.212440 2.448112 -9.838621
v -2.164061 2.660089 -9.838621
v -2.334577 2.448112 -9.838621
v -2.028494 2.830081 -11.594485
v -2.164061 2.660089 -11.594485
v -2.274101 2.713078 -11.594485
v -2.104647 2.925568 -11.594485
v -2.028494 2.830081 -11.594485
v -2.274101 2.713078 -11.594485
v -2.028494 2.830080 -9.838621
v -2.104647 2.925567 -9.838621
v -2.274101 2.713078 -9.838621
v -2.164061 2.660089 -9.838621
v -2.028494 2.830080 -9.838621
v -2.274101 2.713078 -9.838621
v -1.832604 2.924414 -11.594485
v -2.028494 2.830081 -11.594485
v -2.104647 2.925568 -11.594485
v -1.859779 3.043491 -11.594485
v -1.832604 2.924414 -11.594485
v -2.104647 2.925568 -11.594485
v -1.832603 2.924413 -9.838621
v -1.859779 3.043491 -9.838621
v -2.104647 2.925567 -9.838621
v -2.028494 2.830080 -9.838621
v -1.832603 2.924413 -9.838621
v -2.104647 2.925567 -9.838621
v -1.615174 2.924414 -11.594485
v -1.832604 2.924414 -11.594485
v -1.859779 3.043491 -11.594485
v -1.587999 3.043491 -11.594485
v -1.615174 2.924414 -11.594485
v -1.859779 3.043491 -11.594485
v -1.615174 2.924413 -9.838621
v -1.587998 3.043491 -9.838621
v -1.859779 3.043491 -9.838621
v -1.832603 2.924413 -9.838621
v -1.615174 2.924413 -9.838621
v -1.859779 3.043491 -9.838621
v -1.419284 2.830081 -11.594485
v -1.615174 2.924414 -11.594485
v -1.587999 3.043491 -11.594485
v -1.343131 2.925568 -11.594485
v -1.419284 2.830081 -11.594485
v -1.587999 3.043491 -11.594485
v -1.419283 2.830080 -9.838621
v -1.343130 2.925567 -9.838621
v -1.587998 3.043491 -9.838621
v -1.615174 2.924413 -9.838621
v -1.419283 2.830080 -9.838621
v -1.587998 3.043491 -9.838621
v -1.283717 2.660089 -11.594485
v -1.419284 2.830081 -11.594485
v -1.343131 2.925568 -11.594485
v -1.173677 2.713078 -11.594485
v -1.283717 2.660089 -11.594485
v -1.343131 2.925568 -11.594485
v -1.283716 2.660089 -9.838621
v -1.173676 2.713078 -9.838621
v -1.343130 2.925567 -9.838621
v -1.419283 2.830080 -9.838621
v -1.283716 2.660089 -9.838621
v -1.343130 2.925567 -9.838621
v -1.235338 2.448113 -11.594485
v -1.283717 2.660089 -11.594485
v -1.173677 2.713078 -11.594485
v -1.113200 2.448113 -11.594485
v -1.235338 2.448113 -11.594485
v -1.173677 2.713078 -11.594485
v -1.235337 2.448112 -9.838621
v -1.113200 2.448112 -9.838621
v -1.173676 2.713078 -9.838621
v -1.283716 2.660089 -9.838621
v -1.235337 2.448112 -9.838621
v -1.173676 2.713078 -9.838621
v -1.283717 2.236137 -11.594485
v -1.235338 2.448113 -11.594485
v -1.113200 2.448113 -11.594485
v -1.173677 2.183147 -11.594485
v -1.283717 2.236137 -11.594485
v -1.113200 2.448113 -11.594485
v -1.283716 2.236136 -9.838621
v -1.173676 2.183147 -9.838621
v -1.113200 2.448112 -9.838621
v -1.235337 2.448112 -9.838621
v -1.283716 2.236136 -9.838621
v -1.113200 2.448112 -9.838621
v -1.419284 2.066145 -11.594485
v -1.283717 2.236137 -11.594485
v -1.173677 2.183147 -11.594485
v -1.343131 1.970659 -11.594485
v -1.419284 2.066145 -11.594485
v -1.173677 2.183147 -11.594485
v -1.419283 2.066145 -9.838621
v -1.343130 1.970658 -9.838621
v -1.173676 2.183147 -9.838621
v -1.283716 2.236136 -9.838621
v -1.419283 2.066145 -9.838621
v -1.173676 2.183147 -9.838621
v -1.615174 1.971812 -11.594485
v -1.419284 2.066145 -11.594485
v -1.343131 1.970659 -11.594485
v -1.587999 1.852734 -11.594485
v -1.615174 1.971812 -11.594485
v -1.343131 1.970659 -11.594485
v -1.615174 1.971812 -9.838621
v -1.587998 1.852734 -9.838621
v -1.343130 1.970658 -9.838621
v -1.419283 2.066145 -9.838621
v -1.615174 1.971812 -9.838621
v -1.343130 1.970658 -9.838621
v -1.832604 1.971812 -11.594485
v -1.615174 1.971812 -11.594485
v -1.587999 1.852734 -11.594485
v -1.859779 1.852734 -11.594485
v -1.832604 1.971812 -11.594485
v -1.587999 1.852734 -11.594485
v -1.832603 1.971812 -9.838621
v -1.859779 1.852734 -9.838621
v -1.587998 1.852734 -9.838621
v -1.615174 1.971812 -9.838621
v -1.832603 1.971812 -9.838621
v -1.587998 1.852734 -9.838621
v -2.028494 2.066151 -11.594485
v -1.832604 1.971812 -11.594485
v -1.859779 1.852734 -11.594485
v -2.104647 1.970659 -11.594485
v -2.028494 2.066151 -11.594485
v -1.859779 1.852734 -11.594485
v -2.028494 2.066151 -9.838621
v -2.104647 1.970658 -9.838621
v -1.859779 1.852734 -9.838621
v -1.832603 1.971812 -9.838621
v -2.028494 2.066151 -9.838621
v -1.859779 1.852734 -9.838621
v -2.164061 2.236137 -11.594485
v -2.028494 2.066151 -11.594485
v -2.104647 1.970659 -11.594485
v -2.274101 2.183147 -11.594485
v -2.164061 2.236137 -11.594485
v -2.104647 1.970659 -11.594485
v -2.164061 2.236136 -9.838621
v -2.274101 2.183147 -9.838621
v -2.104647 1.970658 -9.838621
v -2.028494 2.066151 -9.838621
v -2.164061 2.236136 -9.838621
v -2.104647 1.970658 -9.838621
v -2.212440 2.448113 -11.594485
v -2.164061 2.236137 -11.594485
v -2.274101 2.183147 -11.594485
v -2.334578 2.448113 -11.594485
v -2.212440 2.448113 -11.594485
v -2.274101 2.183147 -11.594485
v -2.212440 2.448112 -9.838621
v -2.334577 2.448112 -9.838621
v -2.274101 2.183147 -9.838621
v -2.164061 2.236136 -9.838621
v -2.212440 2.448112 -9.838621
v -2.274101 2.183147 -9.838621
v 2.274101 2.713078 -11.594485
v 2.274101 2.713078 -9.838621
v 2.334578 2.448113 -11.594485
v 2.274101 2.713078 -9.838621
v 2.334577 2.448112 -9.838621
v 2.334578 2.448113 -11.594485
v 2.212440 2.448113 -11.594485
v 2.212440 2.448112 -9.838621
v 2.164061 2.660089 -11.594485
v 2.212440 2.448112 -9.838621
v 2.164061 2.660089 -9.838621
v 2.164061 2.660089 -11.594485
v 2.104647 2.925568 -11.594485
v 2.104647 2.925567 -9.838621
v 2.274101 2.713078 -11.594485
v 2.104647 2.925567 -9.838621
v 2.274101 2.713078 -9.838621
v 2.274101 2.713078 -11.594485
v 2.164061 2.660089 -11.594485
v 2.164061 2.660089 -9.838621
v 2.028494 2.830081 -11.594485
v 2.164061 2.660089 -9.838621
v 2.028494 2.830080 -9.838621
v 2.028494 2.830081 -11.594485
v 1.859779 3.043491 -11.594485
v 1.859779 3.043491 -9.838621
v 2.104647 2.925568 -11.594485
v 1.859779 3.043491 -9.838621
v 2.104647 2.925567 -9.838621
v 2.104647 2.925568 -11.594485
v 2.028494 2.830081 -11.594485
v 2.028494 2.830080 -9.838621
v 1.832604 2.924414 -11.594485
v 2.028494 2.830080 -9.838621
v 1.832603 2.924413 -9.838621
v 1.832604 2.924414 -11.594485
v 1.587999 3.043491 -11.594485
v 1.587998 3.043491 -9.838621
v 1.859779 3.043491 -11.594485
v 1.587998 3.043491 -9.838621
v 1.859779 3.043491 -9.838621
v 1.859779 3.043491 -11.594485
v 1.832604 2.924414 -11.594485
v 1.832603 2.924413 -9.838621
v 1.615174 2.924414 -11.594485
v 1.832603 2.924413 -9.838621
v 1.615174 2.924413 -9.838621
v 1.615174 2.924414 -11.594485
v 1.343131 2.925568 -11.594485
v 1.343130 2.925567 -9.838621
v 1.587999 3.043491 -11.594485
v 1.343130 2.925567 -9.838621
v 1.587998 3.043491 -9.838621
v 1.587999 3.043491 -11.594485
v 1.615174 2.924414 -11.594485
v 1.615174 2.924413 -9.838621
v 1.419284 2.830081 -11.594485
v 1.615174 2.924413 -9.838621
v 1.419283 2.830080 -9.838621
v 1.419284 2.830081 -11.594485
v 1.173677 2.713078 -11.594485
v 1.173676 2.713078 -9.838621
v 1.343131 2.925568 -11.594485
v 1.173676 2.713078 -9.838621
v 1.343130 2.925567 -9.838621
v 1.343131 2.925568 -11.594485
v 1.419284 2.830081 -11.594485
v 1.419283 2.830080 -9.838621
v 1.283717 2.660089 -11.594485
v 1.419283 2.830080 -9.838621
v 1.283716 2.660089 -9.838621
v 1.283717 2.660089 -11.594485
v 1.113200 2.448113 -11.594485
v 1.113200 2.448112 -9.838621
v 1.173677 2.713078 -11.594485
v 1.113200 2.448112 -9.838621
v 1.173676 2.713078 -9.838621
v 1.173677 2.713078 -11.594485
v 1.283717 2.660089 -11.594485
v 1.283716 2.660089 -9.838621
v 1.235338 2.448113 -11.594485
v 1.283716 2.660089 -9.838621
v 1.235337 2.448112 -9.838621
v 1.235338 2.448113 -11.594485
v 1.173677 2.183147 -11.594485
v 1.173676 2.183147 -9.838621
v 1.113200 2.448113 -11.594485
v 1.173676 2.183147 -9.838621
v 1.113200 2.448112 -9.838621
v 1.113200 2.448113 -11.594485
v 1.235338 2.448113 -11.594485
v 1.235337 2.448112 -9.838621
v 1.283717 2.236137 -11.594485
v 1.235337 2.448112 -9.838621
v 1.283716 2.236136 -9.838621
v 1.283717 2.236137 -11.594485
v 1.343131 1.970659 -11.594485
v 1.343130 1.970658 -9.838621
v 1.173677 2.183147 -11.594485
v 1.343130 1.970658 -9.838621
v 1.173676 2.183147 -9.838621
v 1.173677 2.183147 -11.594485
v 1.283717 2.236137 -11.594485
v 1.283716 2.236136 -9.838621
v 1.419284 2.066145 -11.594485
v 1.283716 2.236136 -9.838621
v 1.419283 2.066145 -9.838621
v 1.419284 2.066145 -11.594485
v 1.587999 1.852734 -11.594485
v 1.587998 1.852734 -9.838621
v 1.343131 1.970659 -11.594485
v 1.587998 1.852734 -9.838621
v 1.343130 1.970658 -9.838621
v 1.343131 1.970659 -11.594485
v 1.419284 2.066145 -11.594485
v 1.419283 2.066145 -9.838621
v 1.615174 1.971812 -11.594485
v 1.419283 2.066145 -9.838621
v 1.615174 1.971812 -9.838621
v 1.615174 1.971812 -11.594485
v 1.859779 1.852734 -11.594485
v 1.859779 1.852734 -9.838621
v 1.587999 1.852734 -11.594485
v 1.859779 1.852734 -9.838621
v 1.587998 1.852734 -9.838621
v 1.587999 1.852734 -11.594485
v 1.615174 1.971812 -11.594485
v 1.615174 1.971812 -9.838621
v 1.832604 1.971812 -11.594485
v 1.615174 1.971812 -9.838621
v 1.832603 1.971812 -9.838621
v 1.832604 1.971812 -11.594485
v 2.104647 1.970659 -11.594485
v 2.104647 1.970658 -9.838621
v 1.859779 1.852734 -11.594485
v 2.104647 1.970658 -9.838621
v 1.859779 1.852734 -9.838621
v 1.859779 1.852734 -11.594485
v 1.832604 1.971812 -11.594485
v 1.832603 1.971812 -9.838621
v 2.028494 2.066151 -11.594485
v 1.832603 1.971812 -9.838621
v 2.028494 2.066151 -9.838621
v 2.028494 2.066151 -11.594485
v 2.274101 2.183147 -11.594485
v 2.274101 2.183147 -9.838621
v 2.104647 1.970659 -11.594485
v 2.274101 2.183147 -9.838621
v 2.104647 1.970658 -9.838621
v 2.104647 1.970659 -11.594485
v 2.028494 2.066151 -11.594485
v 2.028494 2.066151 -9.838621
v 2.164061 2.236137 -11.594485
v 2.028494 2.066151 -9.838621
v 2.164061 2.236136 -9.838621
v 2.164061 2.236137 -11.594485
v 2.334578 2.448113 -11.594485
v 2.334577 2.448112 -9.838621
v 2.274101 2.183147 -11.594485
v 2.334577 2.448112 -9.838621
v 2.274101 2.183147 -9.838621
v 2.274101 2.183147 -11.594485
v 2.164061 2.236137 -11.594485
v 2.164061 2.236136 -9.838621
v 2.212440 2.448113 -11.594485
v 2.164061 2.236136 -9.838621
v 2.212440 2.448112 -9.838621
v 2.212440 2.448113 -11.594485
v 2.212440 2.448113 -11.594485
v 2.164061 2.660089 -11.594485
v 2.334578 2.448113 -11.594485
v 2.164061 2.660089 -11.594485
v 2.274101 2.713078 -11.594485
v 2.334578 2.448113 -11.594485
v 2.274101 2.713078 -9.838621
v 2.164061 2.660089 -9.838621
v 2.334577 2.448112 -9.838621
v 2.164061 2.660089 -9.838621
v 2.212440 2.448112 -9.838621
v 2.334577 2.448112 -9.838621
v 2.164061 2.660089 -11.594485
v 2.028494 2.830081 -11.594485
v 2.274101 2.713078 -11.594485
v 2.028494 2.830081 -11.594485
v 2.104647 2.925568 -11.594485
v 2.274101 2.713078 -11.594485
v 2.104647 2.925567 -9.838621
v 2.028494 2.830080 -9.838621
v 2.274101 2.713078 -9.838621
v 2.028494 2.830080 -9.838621
v 2.164061 2.660089 -9.838621
v 2.274101 2.713078 -9.838621
v 2.028494 2.830081 -11.594485
v 1.832604 2.924414 -11.594485
v 2.104647 2.925568 -11.594485
v 1.832604 2.924414 -11.594485
v 1.859779 3.043491 -11.594485
v 2.104647 2.925568 -11.594485
v 1.859779 3.043491 -9.838621
v 1.832603 2.924413 -9.838621
v 2.104647 2.925567 -9.838621
v 1.832603 2.924413 -9.838621
v 2.028494 2.830080 -9.838621
v 2.104647 2.925567 -9.838621
v 1.832604 2.924414 -11.594485
v 1.615174 2.924414 -11.594485
v 1.859779 3.043491 -11.594485
v 1.615174 2.924414 -11.594485
v 1.587999 3.043491 -11.594485
v 1.859779 3.043491 -11.594485
v 1.587998 3.043491 -9.838621
v 1.615174 2.924413 -9.838621
v 1.859779 3.043491 -9.838621
v 1.615174 2.924413 -9.838621
v 1.832603 2.924413 -9.838621
v 1.859779 3.043491 -9.838621
v 1.615174 2.924414 -11.594485
v 1.419284 2.830081 -11.594485
v 1.587999 3.043491 -11.594485
v 1.419284 2.830081 -11.594485
v 1.343131 2.925568 -11.594485
v 1.587999 3.043491 -11.594485
v 1.343130 2.925567 -9.838621
v 1.419283 2.830080 -9.838621
v 1.587998 3.043491 -9.838621
v 1.419283 2.830080 -9.838621
v 1.615174 2.924413 -9.838621
v 1.587998 3.043491 -9.838621
v 1.419284 2.830081 -11.594485
v 1.283717 2.660089 -11.594485
v 1.343131 2.925568 -11.594485
v 1.283717 2.660089 -11.594485
v 1.173677 2.713078 -11.594485
v 1.343131 2.925568 -11.594485
v 1.173676 2.713078 -9.838621
v 1.283716 2.660089 -9.838621
v 1.343130 2.925567 -9.838621
v 1.283716 2.660089 -9.838621
v 1.419283 2.830080 -9.838621
v 1.343130 2.925567 -9.838621
v 1.283717 2.660089 -11.594485
v 1.235338 2.448113 -11.594485
v 1.173677 2.713078 -11.594485
v 1.235338 2.448113 -11.594485
v 1.113200 2.448113 -11.594485
v 1.173677 2.713078 -11.594485
v 1.113200 2.448112 -9.838621
v 1.235337 2.448112 -9.838621
v 1.173676 2.713078 -9.838621
v 1.235337 2.448112 -9.838621
v 1.283716 2.660089 -9.838621
v 1.173676 2.713078 -9.838621
v 1.235338 2.448113 -11.594485
v 1.283717 2.236137 -11.594485
v 1.113200 2.448113 -11.594485
v 1.283717 2.236137 -11.594485
v 1.173677 2.183147 -11.594485
v 1.113200 2.448113 -11.594485
v 1.173676 2.183147 -9.838621
v 1.283716 2.236136 -9.838621
v 1.113200 2.448112 -9.838621
v 1.283716 2.236136 -9.838621
v 1.235337 2.448112 -9.838621
v 1.113200 2.448112 -9.838621
v 1.283717 2.236137 -11.594485
v 1.419284 2.066145 -11.594485
v 1.173677 2.183147 -11.594485
v 1.419284 2.066145 -11.594485
v 1.343131 1.970659 -11.594485
v 1.173677 2.183147 -11.594485
v 1.343130 1.970658 -9.838621
v 1.419283 2.066145 -9.838621
v 1.173676 2.183147 -9.838621
v 1.419283 2.066145 -9.838621
v 1.283716 2.236136 -9.838621
v 1.173676 2.183147 -9.838621
v 1.419284 2.066145 -11.594485
v 1.615174 1.971812 -11.594485
v 1.343131 1.970659 -11.594485
v 1.615174 1.971812 -11.594485
v 1.587999 1.852734 -11.594485
v 1.343131 1.970659 -11.594485
v 1.587998 1.852734 -9.838621
v 1.615174 1.971812 -9.838621
v 1.343130 1.970658 -9.838621
v 1.615174 1.971812 -9.838621
v 1.419283 2.066145 -9.838621
v 1.343130 1.970658 -9.838621
v 1.615174 1.971812 -11.594485
v 1.832604 1.971812 -11.594485
v 1.587999 1.852734 -11.594485
v 1.832604 1.971812 -11.594485
v 1.859779 1.852734 -11.594485
v 1.587999 1.852734 -11.594485
v 1.859779 1.852734 -9.838621
v 1.832603 1.971812 -9.838621
v 1.587998 1.852734 -9.838621
v 1.832603 1.971812 -9.838621
v 1.615174 1.971812 -9.838621
v 1.587998 1.852734 -9.838621
v 1.832604 1.971812 -11.594485
v 2.028494 2.066151 -11.594485
v 1.859779 1.852734 -11.594485
v 2.028494 2.066151 -11.594485
v 2.104647 1.970659 -11.594485
v 1.859779 1.852734 -11.594485
v 2.104647 1.970658 -9.838621
v 2.028494 2.066151 -9.838621
v 1.859779 1.852734 -9.838621
v 2.028494 2.066151 -9.838621
v 1.832603 1.971812 -9.838621
v 1.859779 1.852734 -9.838621
v 2.028494 2.066151 -11.594485
v 2.164061 2.236137 -11.594485
v 2.104647 1.970659 -11.594485
v 2.164061 2.236137 -11.594485
v 2.274101 2.183147 -11.594485
v 2.104647 1.970659 -11.594485
v 2.274101 2.183147 -9.838621
v 2.164061 2.236136 -9.838621
v 2.104647 1.970658 -9.838621
v 2.164061 2.236136 -9.838621
v 2.028494 2.066151 -9.838621
v 2.104647 1.970658 -9.838621
v 2.164061 2.236137 -11.594485
v 2.212440 2.448113 -11.594485
v 2.274101 2.183147 -11.594485
v 2.212440 2.448113 -11.594485
v 2.334578 2.448113 -11.594485
v 2.274101 2.183147 -11.594485
v 2.334577 2.448112 -9.838621
v 2.212440 2.448112 -9.838621
v 2.274101 2.183147 -9.838621
v 2.212440 2.448112 -9.838621
v 2.164061 2.236136 -9.838621
v 2.274101 2.183147 -9.838621
vn -0.0000 0.2947 0.9556
vn -0.0001 0.2947 0.9556
vn -0.0000 -0.0000 1.0000
vn 0.0001 -0.0000 1.0000
vn -0.0000 0.5633 0.8263
vn -0.0000 0.2948 0.9556
vn -0.0000 0.7818 0.6235
vn -0.0000 0.5633 0.8262
vn -0.0000 0.9309 0.3654
vn -0.0000 0.7819 0.6235
vn 0.0001 0.7819 0.6235
vn -0.0000 0.9972 0.0748
vn -0.0000 0.9309 0.3653
vn -0.0000 0.9749 -0.2225
vn 0.0001 0.9749 -0.2225
vn -0.0000 0.9972 0.0747
vn -0.0000 0.8660 -0.5000
vn 0.0001 0.8660 -0.5000
vn -0.0000 0.6802 -0.7330
vn -0.0000 0.8660 -0.5001
vn -0.0000 0.4339 -0.9010
vn -0.0000 0.6802 -0.7331
vn -0.0000 0.1491 -0.9888
vn -0.0000 0.4338 -0.9010
vn -0.0000 -0.1490 -0.9888
vn -0.0000 0.1490 -0.9888
vn -0.0000 -0.4338 -0.9010
vn -0.0000 -0.1491 -0.9888
vn -0.0000 -0.6802 -0.7331
vn -0.0000 -0.4339 -0.9010
vn -0.0000 -0.8660 -0.5000
vn -0.0000 -0.6802 -0.7330
vn -0.0000 -0.9749 -0.2225
vn -0.0000 -0.9972 0.0747
vn -0.0001 -0.9749 -0.2225
vn -0.0000 -0.9309 0.3653
vn -0.0000 -0.9972 0.0748
vn -0.0000 -0.7819 0.6235
vn -0.0000 -0.9309 0.3654
vn -0.0000 -0.5633 0.8262
vn -0.0000 -0.7818 0.6235
vn -0.0000 -0.2948 0.9556
vn -0.0000 -0.5633 0.8263
vn -0.0000 -0.2947 0.9556
vn -0.0001 0.5633 0.8262
vn -0.0000 0.5634 0.8262
vn -0.0001 0.7819 0.6234
vn -0.0001 0.9309 0.3653
vn -0.0001 0.9972 0.0748
vn -0.0000 -0.0000 -1.0000
vn -0.0001 0.9972 0.0747
vn -0.0001 0.9749 -0.2225
vn -0.0001 0.8660 -0.5000
vn -0.0001 0.6802 -0.7330
vn -0.0000 0.1489 -0.9888
vn -0.0000 -0.1489 -0.9888
vn 0.0001 -0.6802 -0.7330
vn 0.0001 -0.8660 -0.5000
vn 0.0001 -0.9749 -0.2225
vn 0.0001 -0.9972 0.0747
vn 0.0001 -0.9972 0.0748
vn 0.0001 -0.9309 0.3653
vn -0.0000 -0.7819 0.6234
vn -0.0000 -0.5634 0.8262
vn 0.0001 -0.7819 0.6234
vn 0.0001 -0.5633 0.8262
vn -0.0001 -0.4338 -0.9010
vn -1.0000 -0.0000 -0.0000
vn 1.0000 -0.0000 -0.0000
vn -0.0000 -0.6801 -0.7331
vn -0.0001 -0.9309 0.3654
vn -0.0001 -0.5633 0.8262
vn -0.0001 -0.5634 0.8262
vn -0.9999 0.0092 0.0060
vn -0.9994 0.0167 0.0312
vn -0.6892 0.3412 0.6392
vn -0.9994 0.0167 0.0313
vn -0.9999 0.0091 0.0060
vn -0.7120 -0.5897 -0.3813
vn -0.7199 -0.3271 -0.6121
vn 0.0001 -0.8398 -0.5428
vn -0.7199 -0.3272 -0.6121
vn -0.7120 -0.5897 -0.3812
vn -0.0000 -0.4713 -0.8819
vn 0.7120 -0.5897 -0.3811
vn 0.7199 -0.3271 -0.6122
vn 0.0001 -0.4714 -0.8819
vn 0.9999 0.0091 0.0059
vn 0.9994 0.0166 0.0312
vn 0.7200 -0.3270 -0.6121
vn 0.7027 0.5974 0.3865
vn 0.6892 0.3411 0.6392
vn -0.0000 0.8395 0.5434
vn 0.6892 0.3411 0.6393
vn -0.0001 0.8395 0.5434
vn -0.0000 0.4708 0.8823
vn -0.7027 0.5973 0.3866
vn -0.0001 0.4708 0.8823
vn -0.0000 0.8395 0.5433
vn -0.0000 -0.8398 -0.5428
vn 0.9999 0.0091 0.0060
vn 0.7199 -0.3271 -0.6121
vn 0.7120 -0.5897 -0.3812
vn -0.6891 0.3412 0.6393
vn -0.0000 0.4708 0.8822
vn -0.9010 0.4338 -0.0000
vn 0.9010 -0.4338 -0.0000
vn -0.6235 0.7818 -0.0000
vn -0.9009 0.4339 -0.0000
vn 0.9009 -0.4339 -0.0000
vn 0.6235 -0.7818 -0.0000
vn -0.2226 0.9749 -0.0000
vn -0.6235 0.7819 -0.0000
vn 0.6234 -0.7819 -0.0000
vn 0.2226 -0.9749 -0.0000
vn 0.2225 0.9749 -0.0000
vn -0.2225 0.9749 -0.0000
vn 0.2225 -0.9749 -0.0000
vn -0.2225 -0.9749 -0.0000
vn 0.6235 0.7819 -0.0000
vn 0.2226 0.9749 -0.0000
vn -0.2226 -0.9749 -0.0000
vn -0.6234 -0.7819 -0.0000
vn 0.9009 0.4339 -0.0000
vn 0.6235 0.7818 -0.0000
vn -0.6235 -0.7818 -0.0000
vn -0.9009 -0.4339 -0.0000
vn 0.9010 0.4338 -0.0000
vn 0.9010 0.4338 0.0001
vn -0.9010 -0.4338 -0.0000
vn 0.9010 -0.4338 -0.0001
vn 0.6235 -0.7819 -0.0000
vn -0.6234 0.7819 -0.0000
vn -0.6235 -0.7819 -0.0000
vn -0.9009 -0.4339 0.0001
vn 0.9010 0.4339 -0.0000
vn -0.9010 0.4338 0.0001
vn 0.6234 0.7819 -0.0000
vn 0.6235 -0.7819 0.0001
vn -0.9010 0.4339 -0.0000
vt 0.501200 0.500371
vt 0.501256 0.500000
vt 0.501036 0.500710
vt 0.500780 0.500985
vt 0.500454 0.501172
vt 0.500087 0.501256
vt 0.499712 0.501228
vt 0.499361 0.501091
vt 0.499067 0.500857
vt 0.499067 0.500857
vt 0.498855 0.500546
vt 0.498744 0.500188
vt 0.498744 0.499812
vt 0.498855 0.499454
vt 0.499067 0.499143
vt 0.499067 0.499143
vt 0.499361 0.498909
vt 0.499712 0.498772
vt 0.500087 0.498744
vt 0.500454 0.498828
vt 0.500780 0.499015
vt 0.501036 0.499291
vt 0.501200 0.499629
vt 0.499067 0.500857
vt 0.499993 0.500000
vt 0.500076 0.500023
vt 0.500079 0.500000
vt 0.500079 0.500000
vt 0.500065 0.500045
vt 0.500049 0.500062
vt 0.500029 0.500074
vt 0.500005 0.500079
vt 0.499982 0.500077
vt 0.499960 0.500069
vt 0.499941 0.500054
vt 0.499928 0.500034
vt 0.499921 0.500012
vt 0.499921 0.499988
vt 0.499928 0.499966
vt 0.499941 0.499946
vt 0.499960 0.499931
vt 0.499982 0.499923
vt 0.500005 0.499921
vt 0.500029 0.499926
vt 0.500049 0.499938
vt 0.500065 0.499955
vt 0.500076 0.499977
vt 0.500000 0.500000
vt 0.495567 0.504505
vt 0.503954 0.495201
vt 0.504674 0.495339
vt 0.495177 0.504165
vt 0.503235 0.495063
vt 0.495000 0.504010
vt 0.502907 0.495000
vt 0.495957 0.504845
vt 0.496135 0.505000
vt 0.505000 0.495402
vt 0.501285 0.500572
vt 0.498715 0.500572
vt 0.498715 0.500000
vt 0.501285 0.500000
vt 0.498715 0.500458
vt 0.501285 0.500458
vt 0.501285 0.501031
vt 0.498715 0.501031
vt 0.498715 0.500825
vt 0.501285 0.500825
vt 0.501285 0.501285
vt 0.498715 0.501285
vt 0.498715 0.501028
vt 0.501285 0.501028
vt 0.501285 0.499428
vt 0.498715 0.499428
vt 0.498715 0.499542
vt 0.501285 0.499542
vt 0.501285 0.498969
vt 0.498715 0.498969
vt 0.498715 0.499175
vt 0.501285 0.499175
vt 0.501285 0.498715
vt 0.498715 0.498715
vt 0.498715 0.498972
vt 0.501285 0.498972
s 1
usemtl Chrome
f 9112/1153/3064 9113/1153/3065 9114/1154/3066
f 9115/1154/3067 9116/1153/3064 9117/1154/3066
f 9118/1155/3068 9119/1155/3068 9120/1153/3069
f 9121/1153/3069 9122/1155/3068 9123/1153/3069
f 9124/1156/3070 9125/1156/3070 9126/1155/3071
f 9127/1155/3071 9128/1156/3070 9129/1155/3071
f 9130/1157/3072 9131/1157/3072 9132/1156/3073
f 9133/1156/3074 9134/1157/3072 9135/1156/3073
f 9136/1158/3075 9137/1158/3075 9138/1157/3076
f 9139/1157/3076 9140/1158/3075 9141/1157/3076
f 9142/1159/3077 9143/1159/3078 9144/1158/3079
f 9145/1158/3079 9146/1159/3077 9147/1158/3079
f 9148/1160/3080 9149/1160/3081 9150/1159/3077
f 9151/1159/3077 9152/1160/3080 9153/1159/3077
f 9154/1161/3082 9155/1162/3082 9156/1160/3083
f 9157/1160/3080 9158/1161/3082 9159/1160/3080
f 9160/1163/3084 9161/1163/3084 9162/1162/3085
f 9163/1161/3085 9164/1163/3084 9165/1162/3085
f 9166/1164/3086 9167/1164/3086 9168/1163/3087
f 9169/1163/3087 9170/1164/3086 9171/1163/3087
f 9172/1165/3088 9173/1165/3088 9174/1164/3089
f 9175/1164/3089 9176/1165/3088 9177/1164/3089
f 9178/1166/3090 9179/1166/3090 9180/1165/3091
f 9181/1165/3091 9182/1166/3090 9183/1165/3091
f 9184/1167/3092 9185/1168/3092 9186/1166/3093
f 9187/1166/3093 9188/1167/3092 9189/1166/3093
f 9190/1169/3094 9191/1169/3094 9192/1168/3095
f 9193/1167/3095 9194/1169/3094 9195/1168/3095
f 9196/1170/3096 9197/1170/3096 9198/1169/3094
f 9199/1169/3094 9200/1170/3096 9201/1169/3094
f 9202/1171/3097 9203/1171/3097 9204/1170/3096
f 9205/1170/3098 9206/1171/3097 9207/1170/3096
f 9208/1172/3099 9209/1172/3099 9210/1171/3100
f 9211/1171/3100 9212/1172/3099 9213/1171/3100
f 9214/1173/3101 9215/1173/3101 9216/1172/3102
f 9217/1172/3102 9218/1173/3101 9219/1172/3102
f 9220/1174/3103 9221/1174/3103 9222/1173/3104
f 9223/1173/3104 9224/1174/3103 9225/1173/3104
f 9226/1175/3105 9227/1175/3105 9228/1174/3106
f 9229/1174/3106 9230/1175/3105 9231/1174/3106
f 9232/1154/3066 9233/1154/3066 9234/1175/3107
f 9235/1175/3107 9236/1154/3066 9237/1175/3107
s 0
f 9238/1153/3066 9239/1153/3064 9240/1154/3066
f 9241/1154/3066 9242/1153/3064 9243/1154/3066
f 9244/1155/3066 9245/1155/3071 9246/1153/3064
f 9247/1153/3064 9248/1155/3108 9249/1153/3066
f 9250/1156/3066 9251/1156/3073 9252/1155/3071
f 9253/1155/3109 9254/1156/3110 9255/1155/3066
f 9256/1157/3066 9257/1157/3072 9258/1156/3073
f 9259/1156/3070 9260/1157/3111 9261/1156/3066
f 9262/1158/3066 9263/1158/3079 9264/1157/3072
f 9265/1157/3072 9266/1158/3112 9267/1157/3066
f 9268/1159/3113 9269/1159/3077 9270/1158/3114
f 9271/1158/3079 9272/1159/3077 9273/1158/3066
f 9274/1160/3113 9275/1160/3080 9276/1159/3115
f 9277/1159/3077 9278/1160/3080 9279/1159/3113
f 9280/1161/3113 9281/1161/3085 9282/1160/3116
f 9283/1160/3080 9284/1161/3082 9285/1160/3113
f 9286/1163/3113 9287/1163/3084 9288/1161/3117
f 9289/1161/3082 9290/1163/3087 9291/1161/3113
f 9292/1164/3113 9293/1164/3118 9294/1163/3084
f 9295/1163/3084 9296/1164/3089 9297/1163/3113
f 9298/1165/3113 9299/1165/3091 9300/1164/3086
f 9301/1164/3086 9302/1165/3091 9303/1164/3113
f 9304/1166/3113 9305/1166/3093 9306/1165/3088
f 9307/1165/3119 9308/1166/3093 9309/1165/3113
f 9310/1167/3113 9311/1167/3095 9312/1166/3090
f 9313/1166/3093 9314/1167/3120 9315/1166/3113
f 9316/1169/3113 9317/1169/3094 9318/1167/3095
f 9319/1167/3092 9320/1169/3121 9321/1167/3113
f 9322/1170/3113 9323/1170/3096 9324/1169/3094
f 9325/1169/3094 9326/1170/3122 9327/1169/3113
f 9328/1171/3066 9329/1171/3097 9330/1170/3096
f 9331/1170/3096 9332/1171/3123 9333/1170/3113
f 9334/1172/3066 9335/1172/3102 9336/1171/3124
f 9337/1171/3097 9338/1172/3102 9339/1171/3066
f 9340/1173/3066 9341/1173/3104 9342/1172/3125
f 9343/1172/3102 9344/1173/3126 9345/1172/3066
f 9346/1174/3066 9347/1174/3127 9348/1173/3128
f 9349/1173/3101 9350/1174/3103 9351/1173/3066
f 9352/1175/3066 9353/1175/3107 9354/1174/3129
f 9355/1174/3103 9356/1175/3107 9357/1174/3066
f 9358/1154/3066 9359/1154/3066 9360/1175/3107
f 9361/1175/3107 9362/1154/3066 9363/1175/3066
f 9364/1153/3066 9365/1153/3064 9366/1154/3066
f 9367/1154/3066 9368/1153/3064 9369/1154/3066
f 9370/1155/3066 9371/1155/3071 9372/1153/3064
f 9373/1153/3064 9374/1155/3108 9375/1153/3066
f 9376/1156/3066 9377/1156/3073 9378/1155/3071
f 9379/1155/3109 9380/1156/3110 9381/1155/3066
f 9382/1157/3066 9383/1157/3072 9384/1156/3073
f 9385/1156/3070 9386/1157/3111 9387/1156/3066
f 9388/1158/3066 9389/1158/3079 9390/1157/3072
f 9391/1157/3072 9392/1158/3112 9393/1157/3066
f 9394/1159/3113 9395/1159/3077 9396/1158/3114
f 9397/1158/3079 9398/1159/3077 9399/1158/3066
f 9400/1160/3113 9401/1160/3080 9402/1159/3115
f 9403/1159/3077 9404/1160/3080 9405/1159/3113
f 9406/1161/3113 9407/1161/3085 9408/1160/3116
f 9409/1160/3080 9410/1161/3082 9411/1160/3113
f 9412/1163/3113 9413/1163/3084 9414/1161/3117
f 9415/1161/3082 9416/1163/3087 9417/1161/3113
f 9418/1164/3113 9419/1164/3118 9420/1163/3084
f 9421/1163/3084 9422/1164/3089 9423/1163/3113
f 9424/1165/3113 9425/1165/3091 9426/1164/3086
f 9427/1164/3086 9428/1165/3091 9429/1164/3113
f 9430/1166/3113 9431/1166/3093 9432/1165/3088
f 9433/1165/3119 9434/1166/3093 9435/1165/3113
f 9436/1167/3113 9437/1167/3095 9438/1166/3090
f 9439/1166/3093 9440/1167/3120 9441/1166/3113
f 9442/1169/3113 9443/1169/3094 9444/1167/3095
f 9445/1167/3092 9446/1169/3121 9447/1167/3113
f 9448/1170/3113 9449/1170/3096 9450/1169/3094
f 9451/1169/3094 9452/1170/3122 9453/1169/3113
f 9454/1171/3066 9455/1171/3097 9456/1170/3096
f 9457/1170/3096 9458/1171/3123 9459/1170/3113
f 9460/1172/3066 9461/1172/3102 9462/1171/3124
f 9463/1171/3097 9464/1172/3102 9465/1171/3066
f 9466/1173/3066 9467/1173/3104 9468/1172/3125
f 9469/1172/3102 9470/1173/3126 9471/1172/3066
f 9472/1174/3066 9473/1174/3127 9474/1173/3128
f 9475/1173/3101 9476/1174/3103 9477/1173/3066
f 9478/1175/3066 9479/1175/3107 9480/1174/3129
f 9481/1174/3103 9482/1175/3107 9483/1174/3066
f 9484/1154/3066 9485/1154/3066 9486/1175/3107
f 9487/1175/3107 9488/1154/3066 9489/1175/3066
f 9490/1153/3066 9491/1153/3064 9492/1154/3066
f 9493/1154/3066 9494/1153/3064 9495/1154/3066
f 9496/1155/3066 9497/1155/3071 9498/1153/3064
f 9499/1153/3064 9500/1155/3108 9501/1153/3066
f 9502/1156/3066 9503/1156/3073 9504/1155/3071
f 9505/1155/3109 9506/1156/3110 9507/1155/3066
f 9508/1157/3066 9509/1157/3072 9510/1156/3073
f 9511/1156/3070 9512/1157/3111 9513/1156/3066
f 9514/1158/3066 9515/1158/3079 9516/1157/3072
f 9517/1157/3072 9518/1158/3112 9519/1157/3066
f 9520/1159/3113 9521/1159/3077 9522/1158/3114
f 9523/1158/3079 9524/1159/3077 9525/1158/3066
f 9526/1160/3113 9527/1160/3080 9528/1159/3115
f 9529/1159/3077 9530/1160/3080 9531/1159/3113
f 9532/1161/3113 9533/1161/3085 9534/1160/3116
f 9535/1160/3080 9536/1161/3082 9537/1160/3113
f 9538/1163/3113 9539/1163/3084 9540/1161/3117
f 9541/1161/3082 9542/1163/3087 9543/1161/3113
f 9544/1164/3113 9545/1164/3118 9546/1163/3084
f 9547/1163/3084 9548/1164/3089 9549/1163/3113
f 9550/1165/3113 9551/1165/3091 9552/1164/3086
f 9553/1164/3086 9554/1165/3091 9555/1164/3113
f 9556/1166/3113 9557/1166/3093 9558/1165/3088
f 9559/1165/3119 9560/1166/3093 9561/1165/3113
f 9562/1167/3113 9563/1167/3095 9564/1166/3090
f 9565/1166/3093 9566/1167/3120 9567/1166/3113
f 9568/1169/3113 9569/1169/3094 9570/1167/3095
f 9571/1167/3092 9572/1169/3121 9573/1167/3113
f 9574/1170/3113 9575/1170/3096 9576/1169/3094
f 9577/1169/3094 9578/1170/3122 9579/1169/3113
f 9580/1171/3066 9581/1171/3097 9582/1170/3096
f 9583/1170/3096 9584/1171/3123 9585/1170/3113
f 9586/1172/3066 9587/1172/3102 9588/1171/3124
f 9589/1171/3097 9590/1172/3102 9591/1171/3066
f 9592/1173/3066 9593/1173/3104 9594/1172/3125
f 9595/1172/3102 9596/1173/3126 9597/1172/3066
f 9598/1174/3066 9599/1174/3127 9600/1173/3128
f 9601/1173/3101 9602/1174/3103 9603/1173/3066
f 9604/1175/3066 9605/1175/3107 9606/1174/3129
f 9607/1174/3103 9608/1175/3107 9609/1174/3066
f 9610/1154/3066 9611/1154/3066 9612/1175/3107
f 9613/1175/3107 9614/1154/3066 9615/1175/3066
f 9616/1153/3066 9617/1153/3064 9618/1154/3066
f 9619/1154/3066 9620/1153/3064 9621/1154/3066
f 9622/1155/3066 9623/1155/3071 9624/1153/3064
f 9625/1153/3064 9626/1155/3108 9627/1153/3066
f 9628/1156/3066 9629/1156/3073 9630/1155/3071
f 9631/1155/3109 9632/1156/3110 9633/1155/3066
f 9634/1157/3066 9635/1157/3072 9636/1156/3073
f 9637/1156/3070 9638/1157/3111 9639/1156/3066
f 9640/1158/3066 9641/1158/3079 9642/1157/3072
f 9643/1157/3072 9644/1158/3112 9645/1157/3066
f 9646/1159/3113 9647/1159/3077 9648/1158/3114
f 9649/1158/3079 9650/1159/3077 9651/1158/3066
f 9652/1160/3113 9653/1160/3080 9654/1159/3115
f 9655/1159/3077 9656/1160/3080 9657/1159/3113
f 9658/1161/3113 9659/1161/3085 9660/1160/3116
f 9661/1160/3080 9662/1161/3082 9663/1160/3113
f 9664/1163/3113 9665/1163/3084 9666/1161/3117
f 9667/1161/3082 9668/1163/3087 9669/1161/3113
f 9670/1164/3113 9671/1164/3118 9672/1163/3084
f 9673/1163/3084 9674/1164/3089 9675/1163/3113
f 9676/1165/3113 9677/1165/3091 9678/1164/3086
f 9679/1164/3086 9680/1165/3091 9681/1164/3113
f 9682/1166/3113 9683/1166/3093 9684/1165/3088
f 9685/1165/3119 9686/1166/3093 9687/1165/3113
f 9688/1167/3113 9689/1167/3095 9690/1166/3090
f 9691/1166/3093 9692/1167/3120 9693/1166/3113
f 9694/1169/3113 9695/1169/3094 9696/1167/3095
f 9697/1167/3092 9698/1169/3121 9699/1167/3113
f 9700/1170/3113 9701/1170/3096 9702/1169/3094
f 9703/1169/3094 9704/1170/3122 9705/1169/3113
f 9706/1171/3066 9707/1171/3097 9708/1170/3096
f 9709/1170/3096 9710/1171/3123 9711/1170/3113
f 9712/1172/3066 9713/1172/3102 9714/1171/3124
f 9715/1171/3097 9716/1172/3102 9717/1171/3066
f 9718/1173/3066 9719/1173/3104 9720/1172/3125
f 9721/1172/3102 9722/1173/3126 9723/1172/3066
f 9724/1174/3066 9725/1174/3127 9726/1173/3128
f 9727/1173/3101 9728/1174/3103 9729/1173/3066
f 9730/1175/3066 9731/1175/3107 9732/1174/3129
f 9733/1174/3103 9734/1175/3107 9735/1174/3066
f 9736/1154/3066 9737/1154/3066 9738/1175/3107
f 9739/1175/3107 9740/1154/3066 9741/1175/3066
f 9742/1153/3066 9743/1153/3064 9744/1154/3066
f 9745/1154/3066 9746/1153/3064 9747/1154/3066
f 9748/1155/3066 9749/1155/3071 9750/1153/3064
f 9751/1153/3064 9752/1155/3108 9753/1153/3066
f 9754/1156/3066 9755/1156/3073 9756/1155/3071
f 9757/1155/3109 9758/1156/3110 9759/1155/3066
f 9760/1157/3066 9761/1157/3072 9762/1156/3073
f 9763/1156/3070 9764/1157/3111 9765/1156/3066
f 9766/1158/3066 9767/1158/3079 9768/1157/3072
f 9769/1157/3072 9770/1158/3112 9771/1157/3066
f 9772/1159/3113 9773/1159/3077 9774/1158/3114
f 9775/1158/3079 9776/1159/3077 9777/1158/3066
f 9778/1160/3113 9779/1160/3080 9780/1159/3115
f 9781/1159/3077 9782/1160/3080 9783/1159/3113
f 9784/1161/3113 9785/1161/3085 9786/1160/3116
f 9787/1160/3080 9788/1161/3082 9789/1160/3113
f 9790/1163/3113 9791/1163/3084 9792/1161/3117
f 9793/1161/3082 9794/1163/3087 9795/1161/3113
f 9796/1164/3113 9797/1164/3118 9798/1163/3084
f 9799/1163/3084 9800/1164/3089 9801/1163/3113
f 9802/1165/3113 9803/1165/3091 9804/1164/3086
f 9805/1164/3086 9806/1165/3091 9807/1164/3113
f 9808/1166/3113 9809/1166/3093 9810/1165/3088
f 9811/1165/3119 9812/1166/3093 9813/1165/3113
f 9814/1167/3113 9815/1167/3095 9816/1166/3090
f 9817/1166/3093 9818/1167/3120 9819/1166/3113
f 9820/1169/3113 9821/1169/3094 9822/1167/3095
f 9823/1167/3092 9824/1169/3121 9825/1167/3113
f 9826/1170/3113 9827/1170/3096 9828/1169/3094
f 9829/1169/3094 9830/1170/3122 9831/1169/3113
f 9832/1171/3066 9833/1171/3097 9834/1170/3096
f 9835/1170/3096 9836/1171/3123 9837/1170/3113
f 9838/1172/3066 9839/1172/3102 9840/1171/3124
f 9841/1171/3097 9842/1172/3102 9843/1171/3066
f 9844/1173/3066 9845/1173/3104 9846/1172/3125
f 9847/1172/3102 9848/1173/3126 9849/1172/3066
f 9850/1174/3066 9851/1174/3127 9852/1173/3128
f 9853/1173/3101 9854/1174/3103 9855/1173/3066
f 9856/1175/3066 9857/1175/3107 9858/1174/3129
f 9859/1174/3103 9860/1175/3107 9861/1174/3066
f 9862/1154/3066 9863/1154/3066 9864/1175/3107
f 9865/1175/3107 9866/1154/3066 9867/1175/3066
f 9868/1153/3066 9869/1153/3064 9870/1154/3066
f 9871/1154/3066 9872/1153/3064 9873/1154/3066
f 9874/1155/3066 9875/1155/3071 9876/1153/3064
f 9877/1153/3064 9878/1155/3108 9879/1153/3066
f 9880/1156/3066 9881/1156/3073 9882/1155/3071
f 9883/1155/3109 9884/1156/3110 9885/1155/3066
f 9886/1157/3066 9887/1157/3072 9888/1156/3073
f 9889/1156/3070 9890/1157/3111 9891/1156/3066
f 9892/1158/3066 9893/1158/3079 9894/1157/3072
f 9895/1157/3072 9896/1158/3112 9897/1157/3066
f 9898/1159/3113 9899/1159/3077 9900/1158/3114
f 9901/1158/3079 9902/1159/3077 9903/1158/3066
f 9904/1160/3113 9905/1160/3080 9906/1159/3115
f 9907/1159/3077 9908/1160/3080 9909/1159/3113
f 9910/1161/3113 9911/1161/3085 9912/1160/3116
f 9913/1160/3080 9914/1161/3082 9915/1160/3113
f 9916/1163/3113 9917/1163/3084 9918/1161/3117
f 9919/1161/3082 9920/1163/3087 9921/1161/3113
f 9922/1164/3113 9923/1164/3118 9924/1163/3084
f 9925/1163/3084 9926/1164/3089 9927/1163/3113
f 9928/1165/3113 9929/1165/3091 9930/1164/3086
f 9931/1164/3086 9932/1165/3091 9933/1164/3113
f 9934/1166/3113 9935/1166/3093 9936/1165/3088
f 9937/1165/3119 9938/1166/3093 9939/1165/3113
f 9940/1167/3113 9941/1167/3095 9942/1166/3090
f 9943/1166/3093 9944/1167/3120 9945/1166/3113
f 9946/1169/3113 9947/1169/3094 9948/1167/3095
f 9949/1167/3092 9950/1169/3121 9951/1167/3113
f 9952/1170/3113 9953/1170/3096 9954/1169/3094
f 9955/1169/3094 9956/1170/3122 9957/1169/3113
f 9958/1171/3066 9959/1171/3097 9960/1170/3096
f 9961/1170/3096 9962/1171/3123 9963/1170/3113
f 9964/1172/3066 9965/1172/3102 9966/1171/3124
f 9967/1171/3097 9968/1172/3102 9969/1171/3066
f 9970/1173/3066 9971/1173/3104 9972/1172/3125
f 9973/1172/3102 9974/1173/3126 9975/1172/3066
f 9976/1174/3066 9977/1174/3127 9978/1173/3128
f 9979/1173/3101 9980/1174/3103 9981/1173/3066
f 9982/1175/3066 9983/1175/3107 9984/1174/3129
f 9985/1174/3103 9986/1175/3107 9987/1174/3066
f 9988/1154/3066 9989/1154/3066 9990/1175/3107
f 9991/1175/3107 9992/1154/3066 9993/1175/3066
f 9994/1153/3066 9995/1153/3064 9996/1154/3066
f 9997/1154/3066 9998/1153/3064 9999/1154/3066
f 10000/1155/3066 10001/1155/3071 10002/1153/3064
f 10003/1153/3064 10004/1155/3108 10005/1153/3066
f 10006/1156/3066 10007/1156/3073 10008/1155/3071
f 10009/1155/3109 10010/1156/3110 10011/1155/3066
f 10012/1157/3066 10013/1157/3072 10014/1156/3073
f 10015/1156/3070 10016/1157/3111 10017/1156/3066
f 10018/1158/3066 10019/1158/3079 10020/1157/3072
f 10021/1157/3072 10022/1158/3112 10023/1157/3066
f 10024/1159/3113 10025/1159/3077 10026/1158/3114
f 10027/1158/3079 10028/1159/3077 10029/1158/3066
f 10030/1160/3113 10031/1160/3080 10032/1159/3115
f 10033/1159/3077 10034/1160/3080 10035/1159/3113
f 10036/1161/3113 10037/1161/3085 10038/1160/3116
f 10039/1160/3080 10040/1161/3082 10041/1160/3113
f 10042/1163/3113 10043/1163/3084 10044/1161/3117
f 10045/1161/3082 10046/1163/3087 10047/1161/3113
f 10048/1164/3113 10049/1164/3118 10050/1163/3084
f 10051/1163/3084 10052/1164/3089 10053/1163/3113
f 10054/1165/3113 10055/1165/3091 10056/1164/3086
f 10057/1164/3086 10058/1165/3091 10059/1164/3113
f 10060/1166/3113 10061/1166/3093 10062/1165/3088
f 10063/1165/3119 10064/1166/3093 10065/1165/3113
f 10066/1167/3113 10067/1167/3095 10068/1166/3090
f 10069/1166/3093 10070/1167/3120 10071/1166/3113
f 10072/1169/3113 10073/1169/3094 10074/1167/3095
f 10075/1167/3092 10076/1169/3121 10077/1167/3113
f 10078/1170/3113 10079/1170/3096 10080/1169/3094
f 10081/1169/3094 10082/1170/3122 10083/1169/3113
f 10084/1171/3066 10085/1171/3097 10086/1170/3096
f 10087/1170/3096 10088/1171/3123 10089/1170/3113
f 10090/1172/3066 10091/1172/3102 10092/1171/3124
f 10093/1171/3097 10094/1172/3102 10095/1171/3066
f 10096/1173/3066 10097/1173/3104 10098/1172/3125
f 10099/1172/3102 10100/1173/3126 10101/1172/3066
f 10102/1174/3066 10103/1174/3127 10104/1173/3128
f 10105/1173/3101 10106/1174/3103 10107/1173/3066
f 10108/1175/3066 10109/1175/3107 10110/1174/3129
f 10111/1174/3103 10112/1175/3107 10113/1174/3066
f 10114/1154/3066 10115/1154/3066 10116/1175/3107
f 10117/1175/3107 10118/1154/3066 10119/1175/3066
f 10120/1153/3066 10121/1153/3064 10122/1154/3066
f 10123/1154/3066 10124/1153/3064 10125/1154/3066
f 10126/1155/3066 10127/1155/3071 10128/1153/3064
f 10129/1153/3064 10130/1155/3108 10131/1153/3066
f 10132/1156/3066 10133/1156/3073 10134/1155/3071
f 10135/1155/3109 10136/1156/3110 10137/1155/3066
f 10138/1157/3066 10139/1157/3072 10140/1156/3073
f 10141/1156/3070 10142/1157/3111 10143/1156/3066
f 10144/1158/3066 10145/1158/3079 10146/1157/3072
f 10147/1157/3072 10148/1158/3112 10149/1157/3066
f 10150/1159/3113 10151/1159/3077 10152/1158/3114
f 10153/1158/3079 10154/1159/3077 10155/1158/3066
f 10156/1160/3113 10157/1160/3080 10158/1159/3115
f 10159/1159/3077 10160/1160/3080 10161/1159/3113
f 10162/1161/3113 10163/1161/3085 10164/1160/3116
f 10165/1160/3080 10166/1161/3082 10167/1160/3113
f 10168/1163/3113 10169/1163/3084 10170/1161/3117
f 10171/1161/3082 10172/1163/3087 10173/1161/3113
f 10174/1164/3113 10175/1164/3118 10176/1163/3084
f 10177/1163/3084 10178/1164/3089 10179/1163/3113
f 10180/1165/3113 10181/1165/3091 10182/1164/3086
f 10183/1164/3086 10184/1165/3091 10185/1164/3113
f 10186/1166/3113 10187/1166/3093 10188/1165/3088
f 10189/1165/3119 10190/1166/3093 10191/1165/3113
f 10192/1167/3113 10193/1167/3095 10194/1166/3090
f 10195/1166/3093 10196/1167/3120 10197/1166/3113
f 10198/1169/3113 10199/1169/3094 10200/1167/3095
f 10201/1167/3092 10202/1169/3121 10203/1167/3113
f 10204/1170/3113 10205/1170/3096 10206/1169/3094
f 10207/1169/3094 10208/1170/3122 10209/1169/3113
f 10210/1171/3066 10211/1171/3097 10212/1170/3096
f 10213/1170/3096 10214/1171/3123 10215/1170/3113
f 10216/1172/3066 10217/1172/3102 10218/1171/3124
f 10219/1171/3097 10220/1172/3102 10221/1171/3066
f 10222/1173/3066 10223/1173/3104 10224/1172/3125
f 10225/1172/3102 10226/1173/3126 10227/1172/3066
f 10228/1174/3066 10229/1174/3127 10230/1173/3128
f 10231/1173/3101 10232/1174/3103 10233/1173/3066
f 10234/1175/3066 10235/1175/3107 10236/1174/3129
f 10237/1174/3103 10238/1175/3107 10239/1174/3066
f 10240/1154/3066 10241/1154/3066 10242/1175/3107
f 10243/1175/3107 10244/1154/3066 10245/1175/3066
s 1
f 10246/1153/3064 10247/1153/3064 10248/1154/3066
f 10249/1154/3066 10250/1153/3064 10251/1154/3066
f 10252/1155/3068 10253/1155/3068 10254/1153/3069
f 10255/1153/3069 10256/1155/3068 10257/1153/3069
f 10258/1156/3070 10259/1156/3070 10260/1155/3071
f 10261/1155/3071 10262/1156/3070 10263/1155/3071
f 10264/1157/3072 10265/1157/3072 10266/1156/3073
f 10267/1156/3073 10268/1157/3072 10269/1156/3073
f 10270/1158/3075 10271/1158/3075 10272/1157/3076
f 10273/1157/3076 10274/1158/3075 10275/1157/3076
f 10276/1159/3077 10277/1159/3077 10278/1158/3079
f 10279/1158/3079 10280/1159/3077 10281/1158/3079
f 10282/1160/3080 10283/1160/3080 10284/1159/3077
f 10285/1159/3078 10286/1160/3080 10287/1159/3077
f 10288/1176/3082 10289/1161/3082 10290/1160/3083
f 10291/1160/3080 10292/1176/3082 10293/1160/3080
f 10294/1163/3084 10295/1163/3084 10296/1161/3085
f 10297/1176/3085 10298/1163/3084 10299/1161/3085
f 10300/1164/3086 10301/1164/3086 10302/1163/3087
f 10303/1163/3087 10304/1164/3086 10305/1163/3087
f 10306/1165/3088 10307/1165/3088 10308/1164/3089
f 10309/1164/3089 10310/1165/3088 10311/1164/3089
f 10312/1166/3090 10313/1166/3130 10314/1165/3091
f 10315/1165/3091 10316/1166/3090 10317/1165/3091
f 10318/1167/3092 10319/1167/3092 10320/1166/3093
f 10321/1166/3093 10322/1167/3092 10323/1166/3093
f 10324/1169/3094 10325/1169/3094 10326/1167/3095
f 10327/1167/3095 10328/1169/3094 10329/1167/3095
f 10330/1170/3096 10331/1170/3096 10332/1169/3094
f 10333/1169/3094 10334/1170/3096 10335/1169/3094
f 10336/1171/3097 10337/1171/3097 10338/1170/3096
f 10339/1170/3098 10340/1171/3097 10341/1170/3096
f 10342/1172/3099 10343/1172/3099 10344/1171/3100
f 10345/1171/3100 10346/1172/3099 10347/1171/3100
f 10348/1173/3101 10349/1173/3101 10350/1172/3102
f 10351/1172/3102 10352/1173/3101 10353/1172/3102
f 10354/1174/3103 10355/1174/3103 10356/1173/3104
f 10357/1173/3104 10358/1174/3103 10359/1173/3104
f 10360/1175/3105 10361/1175/3105 10362/1174/3106
f 10363/1174/3106 10364/1175/3105 10365/1174/3106
f 10366/1154/3066 10367/1154/3066 10368/1175/3107
f 10369/1175/3107 10370/1154/3066 10371/1175/3107
f 10372/1154/3131 10373/1153/3131 10374/1177/3131
f 10375/1153/3131 10376/1155/3131 10377/1177/3131
f 10378/1155/3131 10379/1156/3131 10380/1177/3131
f 10381/1156/3131 10382/1157/3131 10383/1177/3131
f 10384/1157/3131 10385/1158/3131 10386/1177/3131
f 10387/1158/3131 10388/1159/3131 10389/1177/3131
f 10390/1159/3131 10391/1160/3131 10392/1177/3131
f 10393/1160/3131 10394/1162/3131 10395/1177/3131
f 10396/1162/3131 10397/1163/3131 10398/1177/3131
f 10399/1163/3131 10400/1164/3131 10401/1177/3131
f 10402/1164/3131 10403/1165/3131 10404/1177/3131
f 10405/1165/3131 10406/1166/3131 10407/1177/3131
f 10408/1166/3131 10409/1168/3131 10410/1177/3131
f 10411/1168/3131 10412/1169/3131 10413/1177/3131
f 10414/1169/3131 10415/1170/3131 10416/1177/3131
f 10417/1170/3131 10418/1171/3131 10419/1177/3131
f 10420/1171/3131 10421/1172/3131 10422/1177/3131
f 10423/1172/3131 10424/1173/3131 10425/1177/3131
f 10426/1173/3131 10427/1174/3131 10428/1177/3131
f 10429/1174/3131 10430/1175/3131 10431/1177/3131
f 10432/1175/3131 10433/1154/3131 10434/1177/3131
f 10435/1153/3132 10436/1154/3132 10437/1177/3132
f 10438/1155/3132 10439/1153/3132 10440/1177/3132
f 10441/1156/3132 10442/1155/3132 10443/1177/3132
f 10444/1157/3132 10445/1156/3132 10446/1177/3132
f 10447/1158/3132 10448/1157/3132 10449/1177/3132
f 10450/1159/3132 10451/1158/3132 10452/1177/3132
f 10453/1160/3132 10454/1159/3132 10455/1177/3132
f 10456/1176/3132 10457/1160/3132 10458/1177/3132
f 10459/1163/3132 10460/1176/3132 10461/1177/3132
f 10462/1164/3132 10463/1163/3132 10464/1177/3132
f 10465/1165/3132 10466/1164/3132 10467/1177/3132
f 10468/1166/3132 10469/1165/3132 10470/1177/3132
f 10471/1167/3132 10472/1166/3132 10473/1177/3132
f 10474/1169/3132 10475/1167/3132 10476/1177/3132
f 10477/1170/3132 10478/1169/3132 10479/1177/3132
f 10480/1171/3132 10481/1170/3132 10482/1177/3132
f 10483/1172/3132 10484/1171/3132 10485/1177/3132
f 10486/1173/3132 10487/1172/3132 10488/1177/3132
f 10489/1174/3132 10490/1173/3132 10491/1177/3132
f 10492/1175/3132 10493/1174/3132 10494/1177/3132
f 10495/1154/3132 10496/1175/3132 10497/1177/3132
f 10498/1178/3064 10499/1178/3064 10500/1179/3066
f 10501/1180/3066 10502/1178/3064 10503/1179/3066
f 10504/1181/3068 10505/1181/3068 10506/1178/3069
f 10507/1178/3069 10508/1181/3068 10509/1178/3069
f 10510/1182/3070 10511/1182/3070 10512/1181/3071
f 10513/1181/3109 10514/1182/3070 10515/1181/3109
f 10516/1183/3072 10517/1183/3072 10518/1182/3073
f 10519/1182/3073 10520/1183/3072 10521/1182/3073
f 10522/1184/3075 10523/1184/3075 10524/1183/3076
f 10525/1183/3076 10526/1184/3075 10527/1183/3076
f 10528/1185/3077 10529/1185/3077 10530/1184/3079
f 10531/1184/3079 10532/1185/3077 10533/1184/3079
f 10534/1186/3080 10535/1186/3080 10536/1185/3077
f 10537/1185/3077 10538/1186/3080 10539/1185/3077
f 10540/1187/3082 10541/1187/3082 10542/1186/3080
f 10543/1186/3080 10544/1187/3082 10545/1186/3080
f 10546/1188/3084 10547/1188/3084 10548/1187/3085
f 10549/1187/3085 10550/1188/3084 10551/1187/3085
f 10552/1189/3086 10553/1189/3086 10554/1188/3087
f 10555/1188/3087 10556/1189/3086 10557/1188/3087
f 10558/1190/3088 10559/1190/3088 10560/1189/3089
f 10561/1189/3089 10562/1190/3088 10563/1189/3089
f 10564/1191/3090 10565/1191/3090 10566/1190/3091
f 10567/1190/3091 10568/1191/3090 10569/1190/3091
f 10570/1192/3133 10571/1192/3133 10572/1191/3093
f 10573/1191/3093 10574/1192/3092 10575/1191/3093
f 10576/1193/3094 10577/1193/3094 10578/1192/3095
f 10579/1192/3095 10580/1193/3094 10581/1192/3095
f 10582/1194/3096 10583/1194/3096 10584/1193/3094
f 10585/1193/3094 10586/1194/3096 10587/1193/3094
f 10588/1195/3097 10589/1195/3097 10590/1194/3096
f 10591/1194/3096 10592/1195/3097 10593/1194/3096
f 10594/1196/3099 10595/1196/3099 10596/1195/3100
f 10597/1195/3100 10598/1196/3099 10599/1195/3100
f 10600/1197/3101 10601/1197/3101 10602/1196/3102
f 10603/1196/3134 10604/1197/3101 10605/1196/3102
f 10606/1198/3103 10607/1198/3135 10608/1197/3104
f 10609/1197/3104 10610/1198/3127 10611/1197/3104
f 10612/1199/3105 10613/1199/3105 10614/1198/3106
f 10615/1198/3106 10616/1199/3105 10617/1198/3106
f 10618/1180/3066 10619/1179/3066 10620/1199/3107
f 10621/1199/3107 10622/1180/3066 10623/1199/3107
s 0
f 10624/1178/3066 10625/1178/3064 10626/1180/3066
f 10627/1180/3066 10628/1178/3064 10629/1180/3066
f 10630/1181/3066 10631/1181/3071 10632/1178/3064
f 10633/1178/3064 10634/1181/3108 10635/1178/3066
f 10636/1182/3066 10637/1182/3073 10638/1181/3071
f 10639/1181/3109 10640/1182/3110 10641/1181/3066
f 10642/1183/3066 10643/1183/3072 10644/1182/3073
f 10645/1182/3070 10646/1183/3111 10647/1182/3066
f 10648/1184/3066 10649/1184/3079 10650/1183/3072
f 10651/1183/3072 10652/1184/3112 10653/1183/3066
f 10654/1185/3113 10655/1185/3077 10656/1184/3114
f 10657/1184/3079 10658/1185/3077 10659/1184/3066
f 10660/1186/3113 10661/1186/3080 10662/1185/3115
f 10663/1185/3077 10664/1186/3080 10665/1185/3113
f 10666/1187/3113 10667/1187/3085 10668/1186/3116
f 10669/1186/3080 10670/1187/3082 10671/1186/3113
f 10672/1188/3113 10673/1188/3084 10674/1187/3117
f 10675/1187/3082 10676/1188/3087 10677/1187/3113
f 10678/1189/3113 10679/1189/3118 10680/1188/3084
f 10681/1188/3084 10682/1189/3089 10683/1188/3113
f 10684/1190/3113 10685/1190/3091 10686/1189/3086
f 10687/1189/3086 10688/1190/3091 10689/1189/3113
f 10690/1191/3113 10691/1191/3093 10692/1190/3088
f 10693/1190/3119 10694/1191/3093 10695/1190/3113
f 10696/1192/3113 10697/1192/3095 10698/1191/3090
f 10699/1191/3093 10700/1192/3120 10701/1191/3113
f 10702/1193/3113 10703/1193/3094 10704/1192/3095
f 10705/1192/3092 10706/1193/3121 10707/1192/3113
f 10708/1194/3113 10709/1194/3096 10710/1193/3094
f 10711/1193/3094 10712/1194/3122 10713/1193/3113
f 10714/1195/3066 10715/1195/3097 10716/1194/3096
f 10717/1194/3096 10718/1195/3123 10719/1194/3113
f 10720/1196/3066 10721/1196/3102 10722/1195/3124
f 10723/1195/3097 10724/1196/3102 10725/1195/3066
f 10726/1197/3066 10727/1197/3104 10728/1196/3125
f 10729/1196/3102 10730/1197/3126 10731/1196/3066
f 10732/1198/3066 10733/1198/3127 10734/1197/3128
f 10735/1197/3101 10736/1198/3103 10737/1197/3066
f 10738/1199/3066 10739/1199/3107 10740/1198/3129
f 10741/1198/3103 10742/1199/3107 10743/1198/3066
f 10744/1180/3066 10745/1180/3066 10746/1199/3107
f 10747/1199/3107 10748/1180/3066 10749/1199/3066
f 10750/1178/3066 10751/1178/3064 10752/1180/3066
f 10753/1180/3066 10754/1178/3064 10755/1180/3066
f 10756/1181/3066 10757/1181/3071 10758/1178/3064
f 10759/1178/3064 10760/1181/3108 10761/1178/3066
f 10762/1182/3066 10763/1182/3073 10764/1181/3071
f 10765/1181/3109 10766/1182/3110 10767/1181/3066
f 10768/1183/3066 10769/1183/3072 10770/1182/3073
f 10771/1182/3070 10772/1183/3111 10773/1182/3066
f 10774/1184/3066 10775/1184/3079 10776/1183/3072
f 10777/1183/3072 10778/1184/3112 10779/1183/3066
f 10780/1185/3113 10781/1185/3077 10782/1184/3114
f 10783/1184/3079 10784/1185/3077 10785/1184/3066
f 10786/1186/3113 10787/1186/3080 10788/1185/3115
f 10789/1185/3077 10790/1186/3080 10791/1185/3113
f 10792/1187/3113 10793/1187/3085 10794/1186/3116
f 10795/1186/3080 10796/1187/3082 10797/1186/3113
f 10798/1188/3113 10799/1188/3084 10800/1187/3117
f 10801/1187/3082 10802/1188/3087 10803/1187/3113
f 10804/1189/3113 10805/1189/3118 10806/1188/3084
f 10807/1188/3084 10808/1189/3089 10809/1188/3113
f 10810/1190/3113 10811/1190/3091 10812/1189/3086
f 10813/1189/3086 10814/1190/3091 10815/1189/3113
f 10816/1191/3113 10817/1191/3093 10818/1190/3088
f 10819/1190/3119 10820/1191/3093 10821/1190/3113
f 10822/1192/3113 10823/1192/3095 10824/1191/3090
f 10825/1191/3093 10826/1192/3120 10827/1191/3113
f 10828/1193/3113 10829/1193/3094 10830/1192/3095
f 10831/1192/3092 10832/1193/3121 10833/1192/3113
f 10834/1194/3113 10835/1194/3096 10836/1193/3094
f 10837/1193/3094 10838/1194/3122 10839/1193/3113
f 10840/1195/3066 10841/1195/3097 10842/1194/3096
f 10843/1194/3096 10844/1195/3123 10845/1194/3113
f 10846/1196/3066 10847/1196/3102 10848/1195/3124
f 10849/1195/3097 10850/1196/3102 10851/1195/3066
f 10852/1197/3066 10853/1197/3104 10854/1196/3125
f 10855/1196/3102 10856/1197/3126 10857/1196/3066
f 10858/1198/3066 10859/1198/3127 10860/1197/3128
f 10861/1197/3101 10862/1198/3103 10863/1197/3066
f 10864/1199/3066 10865/1199/3107 10866/1198/3129
f 10867/1198/3103 10868/1199/3107 10869/1198/3066
f 10870/1180/3066 10871/1180/3066 10872/1199/3107
f 10873/1199/3107 10874/1180/3066 10875/1199/3066
f 10876/1178/3066 10877/1178/3064 10878/1180/3066
f 10879/1180/3066 10880/1178/3064 10881/1180/3066
f 10882/1181/3066 10883/1181/3071 10884/1178/3064
f 10885/1178/3064 10886/1181/3108 10887/1178/3066
f 10888/1182/3066 10889/1182/3073 10890/1181/3071
f 10891/1181/3109 10892/1182/3110 10893/1181/3066
f 10894/1183/3066 10895/1183/3072 10896/1182/3073
f 10897/1182/3070 10898/1183/3111 10899/1182/3066
f 10900/1184/3066 10901/1184/3079 10902/1183/3072
f 10903/1183/3072 10904/1184/3112 10905/1183/3066
f 10906/1185/3113 10907/1185/3077 10908/1184/3114
f 10909/1184/3079 10910/1185/3077 10911/1184/3066
f 10912/1186/3113 10913/1186/3080 10914/1185/3115
f 10915/1185/3077 10916/1186/3080 10917/1185/3113
f 10918/1187/3113 10919/1187/3085 10920/1186/3116
f 10921/1186/3080 10922/1187/3082 10923/1186/3113
f 10924/1188/3113 10925/1188/3084 10926/1187/3117
f 10927/1187/3082 10928/1188/3087 10929/1187/3113
f 10930/1189/3113 10931/1189/3118 10932/1188/3084
f 10933/1188/3084 10934/1189/3089 10935/1188/3113
f 10936/1190/3113 10937/1190/3091 10938/1189/3086
f 10939/1189/3086 10940/1190/3091 10941/1189/3113
f 10942/1191/3113 10943/1191/3093 10944/1190/3088
f 10945/1190/3119 10946/1191/3093 10947/1190/3113
f 10948/1192/3113 10949/1192/3095 10950/1191/3090
f 10951/1191/3093 10952/1192/3120 10953/1191/3113
f 10954/1193/3113 10955/1193/3094 10956/1192/3095
f 10957/1192/3092 10958/1193/3121 10959/1192/3113
f 10960/1194/3113 10961/1194/3096 10962/1193/3094
f 10963/1193/3094 10964/1194/3122 10965/1193/3113
f 10966/1195/3066 10967/1195/3097 10968/1194/3096
f 10969/1194/3096 10970/1195/3123 10971/1194/3113
f 10972/1196/3066 10973/1196/3102 10974/1195/3124
f 10975/1195/3097 10976/1196/3102 10977/1195/3066
f 10978/1197/3066 10979/1197/3104 10980/1196/3125
f 10981/1196/3102 10982/1197/3126 10983/1196/3066
f 10984/1198/3066 10985/1198/3127 10986/1197/3128
f 10987/1197/3101 10988/1198/3103 10989/1197/3066
f 10990/1199/3066 10991/1199/3107 10992/1198/3129
f 10993/1198/3103 10994/1199/3107 10995/1198/3066
f 10996/1180/3066 10997/1180/3066 10998/1199/3107
f 10999/1199/3107 11000/1180/3066 11001/1199/3066
f 11002/1178/3066 11003/1178/3064 11004/1180/3066
f 11005/1180/3066 11006/1178/3064 11007/1180/3066
f 11008/1181/3066 11009/1181/3071 11010/1178/3064
f 11011/1178/3064 11012/1181/3108 11013/1178/3066
f 11014/1182/3066 11015/1182/3073 11016/1181/3071
f 11017/1181/3109 11018/1182/3110 11019/1181/3066
f 11020/1183/3066 11021/1183/3072 11022/1182/3073
f 11023/1182/3070 11024/1183/3111 11025/1182/3066
f 11026/1184/3066 11027/1184/3079 11028/1183/3072
f 11029/1183/3072 11030/1184/3112 11031/1183/3066
f 11032/1185/3113 11033/1185/3077 11034/1184/3114
f 11035/1184/3079 11036/1185/3077 11037/1184/3066
f 11038/1186/3113 11039/1186/3080 11040/1185/3115
f 11041/1185/3077 11042/1186/3080 11043/1185/3113
f 11044/1187/3113 11045/1187/3085 11046/1186/3116
f 11047/1186/3080 11048/1187/3082 11049/1186/3113
f 11050/1188/3113 11051/1188/3084 11052/1187/3117
f 11053/1187/3082 11054/1188/3087 11055/1187/3113
f 11056/1189/3113 11057/1189/3118 11058/1188/3084
f 11059/1188/3084 11060/1189/3089 11061/1188/3113
f 11062/1190/3113 11063/1190/3091 11064/1189/3086
f 11065/1189/3086 11066/1190/3091 11067/1189/3113
f 11068/1191/3113 11069/1191/3093 11070/1190/3088
f 11071/1190/3119 11072/1191/3093 11073/1190/3113
f 11074/1192/3113 11075/1192/3095 11076/1191/3090
f 11077/1191/3093 11078/1192/3120 11079/1191/3113
f 11080/1193/3113 11081/1193/3094 11082/1192/3095
f 11083/1192/3092 11084/1193/3121 11085/1192/3113
f 11086/1194/3113 11087/1194/3096 11088/1193/3094
f 11089/1193/3094 11090/1194/3122 11091/1193/3113
f 11092/1195/3066 11093/1195/3097 11094/1194/3096
f 11095/1194/3096 11096/1195/3123 11097/1194/3113
f 11098/1196/3066 11099/1196/3102 11100/1195/3124
f 11101/1195/3097 11102/1196/3102 11103/1195/3066
f 11104/1197/3066 11105/1197/3104 11106/1196/3125
f 11107/1196/3102 11108/1197/3126 11109/1196/3066
f 11110/1198/3066 11111/1198/3127 11112/1197/3128
f 11113/1197/3101 11114/1198/3103 11115/1197/3066
f 11116/1199/3066 11117/1199/3107 11118/1198/3129
f 11119/1198/3103 11120/1199/3107 11121/1198/3066
f 11122/1180/3066 11123/1180/3066 11124/1199/3107
f 11125/1199/3107 11126/1180/3066 11127/1199/3066
f 11128/1178/3066 11129/1178/3064 11130/1180/3066
f 11131/1180/3066 11132/1178/3064 11133/1180/3066
f 11134/1181/3066 11135/1181/3071 11136/1178/3064
f 11137/1178/3064 11138/1181/3108 11139/1178/3066
f 11140/1182/3066 11141/1182/3073 11142/1181/3071
f 11143/1181/3109 11144/1182/3110 11145/1181/3066
f 11146/1183/3066 11147/1183/3072 11148/1182/3073
f 11149/1182/3070 11150/1183/3111 11151/1182/3066
f 11152/1184/3066 11153/1184/3079 11154/1183/3072
f 11155/1183/3072 11156/1184/3112 11157/1183/3066
f 11158/1185/3113 11159/1185/3077 11160/1184/3114
f 11161/1184/3079 11162/1185/3077 11163/1184/3066
f 11164/1186/3113 11165/1186/3080 11166/1185/3115
f 11167/1185/3077 11168/1186/3080 11169/1185/3113
f 11170/1187/3113 11171/1187/3085 11172/1186/3116
f 11173/1186/3080 11174/1187/3082 11175/1186/3113
f 11176/1188/3113 11177/1188/3084 11178/1187/3117
f 11179/1187/3082 11180/1188/3087 11181/1187/3113
f 11182/1189/3113 11183/1189/3118 11184/1188/3084
f 11185/1188/3084 11186/1189/3089 11187/1188/3113
f 11188/1190/3113 11189/1190/3091 11190/1189/3086
f 11191/1189/3086 11192/1190/3091 11193/1189/3113
f 11194/1191/3113 11195/1191/3093 11196/1190/3088
f 11197/1190/3119 11198/1191/3093 11199/1190/3113
f 11200/1192/3113 11201/1192/3095 11202/1191/3090
f 11203/1191/3093 11204/1192/3120 11205/1191/3113
f 11206/1193/3113 11207/1193/3094 11208/1192/3095
f 11209/1192/3092 11210/1193/3121 11211/1192/3113
f 11212/1194/3113 11213/1194/3096 11214/1193/3094
f 11215/1193/3094 11216/1194/3122 11217/1193/3113
f 11218/1195/3066 11219/1195/3097 11220/1194/3096
f 11221/1194/3096 11222/1195/3123 11223/1194/3113
f 11224/1196/3066 11225/1196/3102 11226/1195/3124
f 11227/1195/3097 11228/1196/3102 11229/1195/3066
f 11230/1197/3066 11231/1197/3104 11232/1196/3125
f 11233/1196/3102 11234/1197/3126 11235/1196/3066
f 11236/1198/3066 11237/1198/3127 11238/1197/3128
f 11239/1197/3101 11240/1198/3103 11241/1197/3066
f 11242/1199/3066 11243/1199/3107 11244/1198/3129
f 11245/1198/3103 11246/1199/3107 11247/1198/3066
f 11248/1180/3066 11249/1180/3066 11250/1199/3107
f 11251/1199/3107 11252/1180/3066 11253/1199/3066
f 11254/1178/3066 11255/1178/3064 11256/1180/3066
f 11257/1180/3066 11258/1178/3064 11259/1180/3066
f 11260/1181/3066 11261/1181/3071 11262/1178/3064
f 11263/1178/3064 11264/1181/3108 11265/1178/3066
f 11266/1182/3066 11267/1182/3073 11268/1181/3071
f 11269/1181/3109 11270/1182/3110 11271/1181/3066
f 11272/1183/3066 11273/1183/3072 11274/1182/3073
f 11275/1182/3070 11276/1183/3111 11277/1182/3066
f 11278/1184/3066 11279/1184/3079 11280/1183/3072
f 11281/1183/3072 11282/1184/3112 11283/1183/3066
f 11284/1185/3113 11285/1185/3077 11286/1184/3114
f 11287/1184/3079 11288/1185/3077 11289/1184/3066
f 11290/1186/3113 11291/1186/3080 11292/1185/3115
f 11293/1185/3077 11294/1186/3080 11295/1185/3113
f 11296/1187/3113 11297/1187/3085 11298/1186/3116
f 11299/1186/3080 11300/1187/3082 11301/1186/3113
f 11302/1188/3113 11303/1188/3084 11304/1187/3117
f 11305/1187/3082 11306/1188/3087 11307/1187/3113
f 11308/1189/3113 11309/1189/3118 11310/1188/3084
f 11311/1188/3084 11312/1189/3089 11313/1188/3113
f 11314/1190/3113 11315/1190/3091 11316/1189/3086
f 11317/1189/3086 11318/1190/3091 11319/1189/3113
f 11320/1191/3113 11321/1191/3093 11322/1190/3088
f 11323/1190/3119 11324/1191/3093 11325/1190/3113
f 11326/1192/3113 11327/1192/3095 11328/1191/3090
f 11329/1191/3093 11330/1192/3120 11331/1191/3113
f 11332/1193/3113 11333/1193/3094 11334/1192/3095
f 11335/1192/3092 11336/1193/3121 11337/1192/3113
f 11338/1194/3113 11339/1194/3096 11340/1193/3094
f 11341/1193/3094 11342/1194/3122 11343/1193/3113
f 11344/1195/3066 11345/1195/3097 11346/1194/3096
f 11347/1194/3096 11348/1195/3123 11349/1194/3113
f 11350/1196/3066 11351/1196/3102 11352/1195/3124
f 11353/1195/3097 11354/1196/3102 11355/1195/3066
f 11356/1197/3066 11357/1197/3104 11358/1196/3125
f 11359/1196/3102 11360/1197/3126 11361/1196/3066
f 11362/1198/3066 11363/1198/3127 11364/1197/3128
f 11365/1197/3101 11366/1198/3103 11367/1197/3066
f 11368/1199/3066 11369/1199/3107 11370/1198/3129
f 11371/1198/3103 11372/1199/3107 11373/1198/3066
f 11374/1180/3066 11375/1180/3066 11376/1199/3107
f 11377/1199/3107 11378/1180/3066 11379/1199/3066
f 11380/1178/3066 11381/1178/3064 11382/1180/3066
f 11383/1180/3066 11384/1178/3064 11385/1180/3066
f 11386/1181/3066 11387/1181/3071 11388/1178/3064
f 11389/1178/3064 11390/1181/3108 11391/1178/3066
f 11392/1182/3066 11393/1182/3073 11394/1181/3071
f 11395/1181/3109 11396/1182/3110 11397/1181/3066
f 11398/1183/3066 11399/1183/3072 11400/1182/3073
f 11401/1182/3070 11402/1183/3111 11403/1182/3066
f 11404/1184/3066 11405/1184/3079 11406/1183/3072
f 11407/1183/3072 11408/1184/3112 11409/1183/3066
f 11410/1185/3113 11411/1185/3077 11412/1184/3114
f 11413/1184/3079 11414/1185/3077 11415/1184/3066
f 11416/1186/3113 11417/1186/3080 11418/1185/3115
f 11419/1185/3077 11420/1186/3080 11421/1185/3113
f 11422/1187/3113 11423/1187/3085 11424/1186/3116
f 11425/1186/3080 11426/1187/3082 11427/1186/3113
f 11428/1188/3113 11429/1188/3084 11430/1187/3117
f 11431/1187/3082 11432/1188/3087 11433/1187/3113
f 11434/1189/3113 11435/1189/3118 11436/1188/3084
f 11437/1188/3084 11438/1189/3089 11439/1188/3113
f 11440/1190/3113 11441/1190/3091 11442/1189/3086
f 11443/1189/3086 11444/1190/3091 11445/1189/3113
f 11446/1191/3113 11447/1191/3093 11448/1190/3088
f 11449/1190/3119 11450/1191/3093 11451/1190/3113
f 11452/1192/3113 11453/1192/3095 11454/1191/3090
f 11455/1191/3093 11456/1192/3120 11457/1191/3113
f 11458/1193/3113 11459/1193/3094 11460/1192/3095
f 11461/1192/3092 11462/1193/3121 11463/1192/3113
f 11464/1194/3113 11465/1194/3096 11466/1193/3094
f 11467/1193/3094 11468/1194/3122 11469/1193/3113
f 11470/1195/3066 11471/1195/3097 11472/1194/3096
f 11473/1194/3096 11474/1195/3123 11475/1194/3113
f 11476/1196/3066 11477/1196/3102 11478/1195/3124
f 11479/1195/3097 11480/1196/3102 11481/1195/3066
f 11482/1197/3066 11483/1197/3104 11484/1196/3125
f 11485/1196/3102 11486/1197/3126 11487/1196/3066
f 11488/1198/3066 11489/1198/3127 11490/1197/3128
f 11491/1197/3101 11492/1198/3103 11493/1197/3066
f 11494/1199/3066 11495/1199/3107 11496/1198/3129
f 11497/1198/3103 11498/1199/3107 11499/1198/3066
f 11500/1180/3066 11501/1180/3066 11502/1199/3107
f 11503/1199/3107 11504/1180/3066 11505/1199/3066
f 11506/1178/3066 11507/1178/3064 11508/1180/3066
f 11509/1180/3066 11510/1178/3064 11511/1180/3066
f 11512/1181/3066 11513/1181/3071 11514/1178/3064
f 11515/1178/3064 11516/1181/3108 11517/1178/3066
f 11518/1182/3066 11519/1182/3073 11520/1181/3071
f 11521/1181/3109 11522/1182/3110 11523/1181/3066
f 11524/1183/3066 11525/1183/3072 11526/1182/3073
f 11527/1182/3070 11528/1183/3111 11529/1182/3066
f 11530/1184/3066 11531/1184/3079 11532/1183/3072
f 11533/1183/3072 11534/1184/3112 11535/1183/3066
f 11536/1185/3113 11537/1185/3077 11538/1184/3114
f 11539/1184/3079 11540/1185/3077 11541/1184/3066
f 11542/1186/3113 11543/1186/3080 11544/1185/3115
f 11545/1185/3077 11546/1186/3080 11547/1185/3113
f 11548/1187/3113 11549/1187/3085 11550/1186/3116
f 11551/1186/3080 11552/1187/3082 11553/1186/3113
f 11554/1188/3113 11555/1188/3084 11556/1187/3117
f 11557/1187/3082 11558/1188/3087 11559/1187/3113
f 11560/1189/3113 11561/1189/3118 11562/1188/3084
f 11563/1188/3084 11564/1189/3089 11565/1188/3113
f 11566/1190/3113 11567/1190/3091 11568/1189/3086
f 11569/1189/3086 11570/1190/3091 11571/1189/3113
f 11572/1191/3113 11573/1191/3093 11574/1190/3088
f 11575/1190/3119 11576/1191/3093 11577/1190/3113
f 11578/1192/3113 11579/1192/3095 11580/1191/3090
f 11581/1191/3093 11582/1192/3120 11583/1191/3113
f 11584/1193/3113 11585/1193/3094 11586/1192/3095
f 11587/1192/3092 11588/1193/3121 11589/1192/3113
f 11590/1194/3113 11591/1194/3096 11592/1193/3094
f 11593/1193/3094 11594/1194/3122 11595/1193/3113
f 11596/1195/3066 11597/1195/3097 11598/1194/3096
f 11599/1194/3096 11600/1195/3123 11601/1194/3113
f 11602/1196/3066 11603/1196/3102 11604/1195/3124
f 11605/1195/3097 11606/1196/3102 11607/1195/3066
f 11608/1197/3066 11609/1197/3104 11610/1196/3125
f 11611/1196/3102 11612/1197/3126 11613/1196/3066
f 11614/1198/3066 11615/1198/3127 11616/1197/3128
f 11617/1197/3101 11618/1198/3103 11619/1197/3066
f 11620/1199/3066 11621/1199/3107 11622/1198/3129
f 11623/1198/3103 11624/1199/3107 11625/1198/3066
f 11626/1180/3066 11627/1180/3066 11628/1199/3107
f 11629/1199/3107 11630/1180/3066 11631/1199/3066
s 1
f 11632/1178/3064 11633/1178/3064 11634/1180/3066
f 11635/1180/3066 11636/1178/3064 11637/1180/3066
f 11638/1181/3068 11639/1181/3068 11640/1178/3069
f 11641/1178/3069 11642/1181/3068 11643/1178/3069
f 11644/1182/3070 11645/1182/3070 11646/1181/3109
f 11647/1181/3109 11648/1182/3070 11649/1181/3109
f 11650/1183/3072 11651/1183/3072 11652/1182/3073
f 11653/1182/3073 11654/1183/3072 11655/1182/3073
f 11656/1184/3075 11657/1184/3075 11658/1183/3076
f 11659/1183/3076 11660/1184/3075 11661/1183/3076
f 11662/1185/3077 11663/1185/3077 11664/1184/3079
f 11665/1184/3079 11666/1185/3077 11667/1184/3079
f 11668/1186/3080 11669/1186/3081 11670/1185/3077
f 11671/1185/3077 11672/1186/3080 11673/1185/3077
f 11674/1187/3082 11675/1187/3082 11676/1186/3080
f 11677/1186/3080 11678/1187/3082 11679/1186/3080
f 11680/1188/3084 11681/1188/3084 11682/1187/3085
f 11683/1187/3085 11684/1188/3084 11685/1187/3085
f 11686/1189/3086 11687/1189/3086 11688/1188/3087
f 11689/1188/3087 11690/1189/3086 11691/1188/3087
f 11692/1190/3088 11693/1190/3088 11694/1189/3089
f 11695/1189/3089 11696/1190/3088 11697/1189/3089
f 11698/1191/3090 11699/1191/3090 11700/1190/3091
f 11701/1190/3091 11702/1191/3090 11703/1190/3091
f 11704/1192/3092 11705/1192/3092 11706/1191/3093
f 11707/1191/3093 11708/1192/3133 11709/1191/3093
f 11710/1193/3094 11711/1193/3094 11712/1192/3095
f 11713/1192/3095 11714/1193/3094 11715/1192/3095
f 11716/1194/3096 11717/1194/3096 11718/1193/3094
f 11719/1193/3094 11720/1194/3096 11721/1193/3094
f 11722/1195/3097 11723/1195/3097 11724/1194/3096
f 11725/1194/3096 11726/1195/3097 11727/1194/3096
f 11728/1196/3099 11729/1196/3099 11730/1195/3100
f 11731/1195/3100 11732/1196/3099 11733/1195/3100
f 11734/1197/3101 11735/1197/3101 11736/1196/3102
f 11737/1196/3102 11738/1197/3101 11739/1196/3102
f 11740/1198/3103 11741/1198/3136 11742/1197/3104
f 11743/1197/3104 11744/1198/3103 11745/1197/3104
f 11746/1199/3105 11747/1199/3105 11748/1198/3106
f 11749/1198/3106 11750/1199/3105 11751/1198/3106
f 11752/1180/3066 11753/1180/3066 11754/1199/3107
f 11755/1199/3107 11756/1180/3066 11757/1199/3107
f 11758/1179/3131 11759/1178/3131 11760/1200/3131
f 11761/1178/3131 11762/1181/3131 11763/1200/3131
f 11764/1181/3131 11765/1182/3131 11766/1200/3131
f 11767/1182/3131 11768/1183/3131 11769/1200/3131
f 11770/1183/3131 11771/1184/3131 11772/1200/3131
f 11773/1184/3131 11774/1185/3131 11775/1200/3131
f 11776/1185/3131 11777/1186/3131 11778/1200/3131
f 11779/1186/3131 11780/1187/3131 11781/1200/3131
f 11782/1187/3131 11783/1188/3131 11784/1200/3131
f 11785/1188/3131 11786/1189/3131 11787/1200/3131
f 11788/1189/3131 11789/1190/3131 11790/1200/3131
f 11791/1190/3131 11792/1191/3131 11793/1200/3131
f 11794/1191/3131 11795/1192/3131 11796/1200/3131
f 11797/1192/3131 11798/1193/3131 11799/1200/3131
f 11800/1193/3131 11801/1194/3131 11802/1200/3131
f 11803/1194/3131 11804/1195/3131 11805/1200/3131
f 11806/1195/3131 11807/1196/3131 11808/1200/3131
f 11809/1196/3131 11810/1197/3131 11811/1200/3131
f 11812/1197/3131 11813/1198/3131 11814/1200/3131
f 11815/1198/3131 11816/1199/3131 11817/1200/3131
f 11818/1199/3131 11819/1179/3131 11820/1200/3131
f 11821/1178/3132 11822/1180/3132 11823/1200/3132
f 11824/1181/3132 11825/1178/3132 11826/1200/3132
f 11827/1182/3132 11828/1181/3132 11829/1200/3132
f 11830/1183/3132 11831/1182/3132 11832/1200/3132
f 11833/1184/3132 11834/1183/3132 11835/1200/3132
f 11836/1185/3132 11837/1184/3132 11838/1200/3132
f 11839/1186/3132 11840/1185/3132 11841/1200/3132
f 11842/1187/3132 11843/1186/3132 11844/1200/3132
f 11845/1188/3132 11846/1187/3132 11847/1200/3132
f 11848/1189/3132 11849/1188/3132 11850/1200/3132
f 11851/1190/3132 11852/1189/3132 11853/1200/3132
f 11854/1191/3132 11855/1190/3132 11856/1200/3132
f 11857/1192/3132 11858/1191/3132 11859/1200/3132
f 11860/1193/3132 11861/1192/3132 11862/1200/3132
f 11863/1194/3132 11864/1193/3132 11865/1200/3132
f 11866/1195/3132 11867/1194/3132 11868/1200/3132
f 11869/1196/3132 11870/1195/3132 11871/1200/3132
f 11872/1197/3132 11873/1196/3132 11874/1200/3132
f 11875/1198/3132 11876/1197/3132 11877/1200/3132
f 11878/1199/3132 11879/1198/3132 11880/1200/3132
f 11881/1180/3132 11882/1199/3132 11883/1200/3132
f 11884/1201/3137 11885/1202/3138 11886/1203/3139
f 11887/1202/3140 11888/1201/3141 11889/1204/3142
f 11890/1204/3142 11891/1205/3143 11892/1202/3138
f 11893/1206/3144 11894/1205/3145 11895/1204/3146
f 11896/1206/3144 11897/1207/3147 11898/1205/3143
f 11899/1204/3148 11900/1205/3149 11901/1207/3150
f 11902/1201/3151 11903/1202/3152 11904/1205/3153
f 11905/1208/3154 11906/1203/3155 11907/1202/3152
f 11908/1209/3156 11909/1203/3157 11910/1208/3154
f 11911/1209/3158 11912/1210/3159 11913/1203/3157
f 11914/1208/3160 11915/1210/3161 11916/1209/3162
f 11917/1201/3137 11918/1203/3139 11919/1208/3160
f 11920/1204/3148 11921/1207/3150 11922/1206/3163
f 11923/1201/3164 11924/1205/3165 11925/1204/3166
f 11926/1208/3154 11927/1202/3152 11928/1201/3151
f 11929/1208/3160 11930/1203/3167 11931/1210/3168
f 11932/1211/3169 11933/1212/3169 11934/1213/3131
f 11935/1214/3131 11936/1211/3169 11937/1213/3131
f 11938/1214/3132 11939/1213/3132 11940/1215/3170
f 11941/1216/3170 11942/1214/3132 11943/1215/3170
f 11944/1217/3171 11945/1218/3171 11946/1212/3172
f 11947/1211/3172 11948/1217/3171 11949/1212/3172
f 11950/1216/3173 11951/1215/3173 11952/1219/3174
f 11953/1220/3174 11954/1216/3173 11955/1219/3174
f 11956/1221/3175 11957/1222/3175 11958/1218/3176
f 11959/1217/3176 11960/1221/3175 11961/1218/3176
f 11962/1220/3177 11963/1219/3177 11964/1223/3178
f 11965/1224/3178 11966/1220/3177 11967/1223/3178
f 11968/1221/3179 11969/1222/3179 11970/1222/3180
f 11971/1221/3180 11972/1221/3179 11973/1222/3180
f 11974/1224/3181 11975/1223/3181 11976/1223/3182
f 11977/1224/3182 11978/1224/3181 11979/1223/3182
f 11980/1217/3183 11981/1218/3183 11982/1222/3184
f 11983/1221/3184 11984/1217/3183 11985/1222/3184
f 11986/1224/3185 11987/1223/3185 11988/1219/3186
f 11989/1220/3186 11990/1224/3185 11991/1219/3186
f 11992/1211/3187 11993/1212/3187 11994/1218/3188
f 11995/1217/3188 11996/1211/3187 11997/1218/3188
f 11998/1220/3189 11999/1219/3189 12000/1215/3190
f 12001/1216/3190 12002/1220/3189 12003/1215/3190
f 12004/1214/3132 12005/1213/3132 12006/1212/3191
f 12007/1211/3192 12008/1214/3132 12009/1212/3191
f 12010/1216/3193 12011/1215/3193 12012/1213/3131
f 12013/1214/3131 12014/1216/3193 12015/1213/3131
f 12016/1225/3170 12017/1226/3194 12018/1213/3132
f 12019/1214/3132 12020/1225/3170 12021/1213/3132
f 12022/1214/3131 12023/1213/3131 12024/1227/3169
f 12025/1228/3169 12026/1214/3131 12027/1227/3169
f 12028/1229/3174 12029/1230/3174 12030/1226/3173
f 12031/1225/3173 12032/1229/3174 12033/1226/3173
f 12034/1228/3172 12035/1227/3172 12036/1231/3171
f 12037/1232/3171 12038/1228/3172 12039/1231/3171
f 12040/1233/3178 12041/1234/3178 12042/1230/3195
f 12043/1229/3195 12044/1233/3178 12045/1230/3195
f 12046/1232/3196 12047/1231/3196 12048/1235/3175
f 12049/1236/3175 12050/1232/3196 12051/1235/3175
f 12052/1233/3182 12053/1234/3182 12054/1234/3181
f 12055/1233/3181 12056/1233/3182 12057/1234/3181
f 12058/1236/3180 12059/1235/3180 12060/1235/3179
f 12061/1236/3179 12062/1236/3180 12063/1235/3179
f 12064/1229/3197 12065/1230/3197 12066/1234/3185
f 12067/1233/3185 12068/1229/3197 12069/1234/3185
f 12070/1236/3184 12071/1235/3184 12072/1231/3183
f 12073/1232/3183 12074/1236/3184 12075/1231/3183
f 12076/1225/3190 12077/1226/3198 12078/1230/3189
f 12079/1229/3189 12080/1225/3190 12081/1230/3189
f 12082/1232/3188 12083/1231/3188 12084/1227/3199
f 12085/1228/3199 12086/1232/3188 12087/1227/3199
f 12088/1214/3131 12089/1213/3131 12090/1226/3193
f 12091/1225/3193 12092/1214/3131 12093/1226/3193
f 12094/1228/3191 12095/1227/3191 12096/1213/3132
f 12097/1214/3132 12098/1228/3191 12099/1213/3132
f 12100/1215/3113 12101/1213/3113 12102/1213/3113
f 12103/1212/3113 12104/1215/3113 12105/1213/3113
f 12106/1216/3066 12107/1211/3066 12108/1214/3066
f 12109/1214/3066 12110/1216/3066 12111/1214/3066
f 12112/1219/3113 12113/1215/3113 12114/1212/3113
f 12115/1218/3113 12116/1219/3113 12117/1212/3113
f 12118/1220/3066 12119/1217/3066 12120/1211/3066
f 12121/1216/3066 12122/1220/3066 12123/1211/3066
f 12124/1223/3113 12125/1219/3113 12126/1218/3113
f 12127/1222/3113 12128/1223/3113 12129/1218/3113
f 12130/1224/3066 12131/1221/3066 12132/1217/3066
f 12133/1220/3066 12134/1224/3066 12135/1217/3066
f 12136/1223/3113 12137/1223/3113 12138/1222/3113
f 12139/1222/3113 12140/1223/3113 12141/1222/3113
f 12142/1224/3066 12143/1221/3066 12144/1221/3066
f 12145/1224/3066 12146/1224/3066 12147/1221/3066
f 12148/1219/3113 12149/1223/3113 12150/1222/3113
f 12151/1218/3113 12152/1219/3113 12153/1222/3113
f 12154/1220/3066 12155/1217/3066 12156/1221/3066
f 12157/1224/3066 12158/1220/3066 12159/1221/3066
f 12160/1215/3113 12161/1219/3113 12162/1218/3113
f 12163/1212/3113 12164/1215/3113 12165/1218/3113
f 12166/1216/3066 12167/1211/3066 12168/1217/3066
f 12169/1220/3066 12170/1216/3066 12171/1217/3066
f 12172/1213/3113 12173/1215/3113 12174/1212/3113
f 12175/1213/3113 12176/1213/3113 12177/1212/3113
f 12178/1214/3066 12179/1214/3066 12180/1211/3066
f 12181/1216/3066 12182/1214/3066 12183/1211/3066
f 12184/1227/3113 12185/1213/3113 12186/1213/3113
f 12187/1226/3113 12188/1227/3113 12189/1213/3113
f 12190/1228/3066 12191/1225/3066 12192/1214/3066
f 12193/1214/3066 12194/1228/3066 12195/1214/3066
f 12196/1231/3113 12197/1227/3113 12198/1226/3113
f 12199/1230/3113 12200/1231/3113 12201/1226/3113
f 12202/1232/3066 12203/1229/3066 12204/1225/3066
f 12205/1228/3066 12206/1232/3066 12207/1225/3066
f 12208/1235/3113 12209/1231/3113 12210/1230/3113
f 12211/1234/3113 12212/1235/3113 12213/1230/3113
f 12214/1236/3066 12215/1233/3066 12216/1229/3066
f 12217/1232/3066 12218/1236/3066 12219/1229/3066
f 12220/1235/3113 12221/1235/3113 12222/1234/3113
f 12223/1234/3113 12224/1235/3113 12225/1234/3113
f 12226/1236/3066 12227/1233/3066 12228/1233/3066
f 12229/1236/3066 12230/1236/3066 12231/1233/3066
f 12232/1231/3113 12233/1235/3113 12234/1234/3113
f 12235/1230/3113 12236/1231/3113 12237/1234/3113
f 12238/1232/3066 12239/1229/3066 12240/1233/3066
f 12241/1236/3066 12242/1232/3066 12243/1233/3066
f 12244/1227/3113 12245/1231/3113 12246/1230/3113
f 12247/1226/3113 12248/1227/3113 12249/1230/3113
f 12250/1228/3066 12251/1225/3066 12252/1229/3066
f 12253/1232/3066 12254/1228/3066 12255/1229/3066
f 12256/1213/3113 12257/1227/3113 12258/1226/3113
f 12259/1213/3113 12260/1213/3113 12261/1226/3113
f 12262/1214/3066 12263/1214/3066 12264/1225/3066
f 12265/1228/3066 12266/1214/3066 12267/1225/3066
f 12268/1212/3191 12269/1211/3191 12270/1213/3132
f 12271/1211/3191 12272/1214/3132 12273/1213/3132
f 12274/1213/3131 12275/1214/3131 12276/1215/3193
f 12277/1214/3131 12278/1216/3193 12279/1215/3193
f 12280/1218/3188 12281/1217/3188 12282/1212/3187
f 12283/1217/3188 12284/1211/3187 12285/1212/3187
f 12286/1215/3190 12287/1216/3190 12288/1219/3189
f 12289/1216/3190 12290/1220/3189 12291/1219/3189
f 12292/1222/3184 12293/1221/3184 12294/1218/3183
f 12295/1221/3184 12296/1217/3183 12297/1218/3183
f 12298/1219/3186 12299/1220/3186 12300/1223/3185
f 12301/1220/3186 12302/1224/3185 12303/1223/3185
f 12304/1222/3180 12305/1221/3180 12306/1222/3179
f 12307/1221/3180 12308/1221/3179 12309/1222/3179
f 12310/1223/3182 12311/1224/3182 12312/1223/3181
f 12313/1224/3182 12314/1224/3181 12315/1223/3181
f 12316/1218/3176 12317/1217/3176 12318/1222/3175
f 12319/1217/3176 12320/1221/3175 12321/1222/3175
f 12322/1223/3178 12323/1224/3178 12324/1219/3177
f 12325/1224/3178 12326/1220/3177 12327/1219/3177
f 12328/1212/3172 12329/1211/3172 12330/1218/3171
f 12331/1211/3172 12332/1217/3171 12333/1218/3171
f 12334/1219/3174 12335/1220/3174 12336/1215/3173
f 12337/1220/3174 12338/1216/3173 12339/1215/3173
f 12340/1213/3131 12341/1214/3131 12342/1212/3200
f 12343/1214/3131 12344/1211/3169 12345/1212/3169
f 12346/1215/3170 12347/1216/3170 12348/1213/3132
f 12349/1216/3170 12350/1214/3132 12351/1213/3132
f 12352/1226/3193 12353/1225/3193 12354/1213/3131
f 12355/1225/3193 12356/1214/3131 12357/1213/3131
f 12358/1213/3132 12359/1214/3132 12360/1227/3191
f 12361/1214/3132 12362/1228/3191 12363/1227/3191
f 12364/1230/3189 12365/1229/3189 12366/1226/3190
f 12367/1229/3189 12368/1225/3190 12369/1226/3190
f 12370/1227/3187 12371/1228/3187 12372/1231/3188
f 12373/1228/3187 12374/1232/3188 12375/1231/3188
f 12376/1234/3185 12377/1233/3185 12378/1230/3197
f 12379/1233/3185 12380/1229/3197 12381/1230/3197
f 12382/1231/3201 12383/1232/3201 12384/1235/3184
f 12385/1232/3201 12386/1236/3184 12387/1235/3184
f 12388/1234/3181 12389/1233/3181 12390/1234/3182
f 12391/1233/3181 12392/1233/3182 12393/1234/3182
f 12394/1235/3179 12395/1236/3179 12396/1235/3180
f 12397/1236/3179 12398/1236/3180 12399/1235/3180
f 12400/1230/3195 12401/1229/3195 12402/1234/3178
f 12403/1229/3202 12404/1233/3178 12405/1234/3178
f 12406/1235/3175 12407/1236/3175 12408/1231/3176
f 12409/1236/3175 12410/1232/3176 12411/1231/3176
f 12412/1226/3173 12413/1225/3173 12414/1230/3174
f 12415/1225/3173 12416/1229/3174 12417/1230/3174
f 12418/1231/3171 12419/1232/3171 12420/1227/3203
f 12421/1232/3171 12422/1228/3203 12423/1227/3203
f 12424/1213/3132 12425/1214/3132 12426/1226/3194
f 12427/1214/3132 12428/1225/3170 12429/1226/3170
f 12430/1227/3169 12431/1228/3169 12432/1213/3131
f 12433/1228/3169 12434/1214/3131 12435/1213/3131
f 12436/1213/3113 12437/1215/3113 12438/1213/3113
f 12439/1215/3113 12440/1212/3113 12441/1213/3113
f 12442/1211/3066 12443/1216/3066 12444/1214/3066
f 12445/1216/3066 12446/1214/3066 12447/1214/3066
f 12448/1215/3113 12449/1219/3113 12450/1212/3113
f 12451/1219/3113 12452/1218/3113 12453/1212/3113
f 12454/1217/3066 12455/1220/3066 12456/1211/3066
f 12457/1220/3066 12458/1216/3066 12459/1211/3066
f 12460/1219/3113 12461/1223/3113 12462/1218/3113
f 12463/1223/3113 12464/1222/3113 12465/1218/3113
f 12466/1221/3066 12467/1224/3066 12468/1217/3066
f 12469/1224/3066 12470/1220/3066 12471/1217/3066
f 12472/1223/3113 12473/1223/3113 12474/1222/3113
f 12475/1223/3113 12476/1222/3113 12477/1222/3113
f 12478/1221/3066 12479/1224/3066 12480/1221/3066
f 12481/1224/3066 12482/1224/3066 12483/1221/3066
f 12484/1223/3113 12485/1219/3113 12486/1222/3113
f 12487/1219/3113 12488/1218/3113 12489/1222/3113
f 12490/1217/3066 12491/1220/3066 12492/1221/3066
f 12493/1220/3066 12494/1224/3066 12495/1221/3066
f 12496/1219/3113 12497/1215/3113 12498/1218/3113
f 12499/1215/3113 12500/1212/3113 12501/1218/3113
f 12502/1211/3066 12503/1216/3066 12504/1217/3066
f 12505/1216/3066 12506/1220/3066 12507/1217/3066
f 12508/1215/3113 12509/1213/3113 12510/1212/3113
f 12511/1213/3113 12512/1213/3113 12513/1212/3113
f 12514/1214/3066 12515/1214/3066 12516/1211/3066
f 12517/1214/3066 12518/1216/3066 12519/1211/3066
f 12520/1213/3113 12521/1227/3113 12522/1213/3113
f 12523/1227/3113 12524/1226/3113 12525/1213/3113
f 12526/1225/3066 12527/1228/3066 12528/1214/3066
f 12529/1228/3066 12530/1214/3066 12531/1214/3066
f 12532/1227/3113 12533/1231/3113 12534/1226/3113
f 12535/1231/3113 12536/1230/3113 12537/1226/3113
f 12538/1229/3066 12539/1232/3066 12540/1225/3066
f 12541/1232/3066 12542/1228/3066 12543/1225/3066
f 12544/1231/3113 12545/1235/3113 12546/1230/3113
f 12547/1235/3113 12548/1234/3113 12549/1230/3113
f 12550/1233/3066 12551/1236/3066 12552/1229/3066
f 12553/1236/3066 12554/1232/3066 12555/1229/3066
f 12556/1235/3113 12557/1235/3113 12558/1234/3113
f 12559/1235/3113 12560/1234/3113 12561/1234/3113
f 12562/1233/3066 12563/1236/3066 12564/1233/3066
f 12565/1236/3066 12566/1236/3066 12567/1233/3066
f 12568/1235/3113 12569/1231/3113 12570/1234/3113
f 12571/1231/3113 12572/1230/3113 12573/1234/3113
f 12574/1229/3066 12575/1232/3066 12576/1233/3066
f 12577/1232/3066 12578/1236/3066 12579/1233/3066
f 12580/1231/3113 12581/1227/3113 12582/1230/3113
f 12583/1227/3113 12584/1226/3113 12585/1230/3113
f 12586/1225/3066 12587/1228/3066 12588/1229/3066
f 12589/1228/3066 12590/1232/3066 12591/1229/3066
f 12592/1227/3113 12593/1213/3113 12594/1226/3113
f 12595/1213/3113 12596/1213/3113 12597/1226/3113
f 12598/1214/3066 12599/1214/3066 12600/1225/3066
f 12601/1214/3066 12602/1228/3066 12603/1225/3066
o Bottom_7
v 1.498776 8.253371 0.031457
v 1.384410 7.738665 -0.277516
v 1.547727 7.717583 -0.379800
v 1.322109 8.292809 -0.034162
v 1.384410 7.738665 -0.277516
v 1.498776 8.253371 0.031457
v 1.322109 8.292809 -0.034162
v 1.221538 7.839013 -0.306681
v 1.384410 7.738665 -0.277516
v 1.248683 8.388049 -0.192784
v 1.221538 7.839013 -0.306681
v 1.322109 8.292809 -0.034162
v 1.248683 8.388049 -0.192784
v 1.153896 7.959395 -0.450240
v 1.221538 7.839013 -0.306681
v 1.322109 8.483118 -0.350802
v 1.153896 7.959395 -0.450240
v 1.248683 8.388049 -0.192784
v 1.322109 8.483118 -0.350802
v 1.221538 8.029106 -0.623712
v 1.153896 7.959395 -0.450240
v 1.675444 8.483118 -0.350802
v 1.384410 8.008241 -0.725609
v 1.498776 8.522557 -0.416420
v 1.675444 8.483118 -0.350802
v 1.547727 7.907892 -0.696442
v 1.384410 8.008241 -0.725609
v 1.384410 8.767685 0.340644
v 1.675444 8.292809 -0.034162
v 1.547727 8.868034 0.311479
v 1.384410 8.767685 0.340644
v 1.498776 8.253371 0.031457
v 1.675444 8.292809 -0.034162
v 1.153896 8.816531 0.065275
v 1.322109 8.292809 -0.034162
v 1.221538 8.746819 0.238748
v 1.547727 9.058127 -0.005553
v 1.498776 8.522557 -0.416420
v 1.384410 9.037261 -0.107449
v 1.547727 9.058127 -0.005553
v 1.615368 8.988029 0.168136
v 1.675444 8.483118 -0.350802
v 1.184602 9.355566 0.604474
v 1.615368 8.988029 0.168136
v 1.236222 9.496815 0.473773
v 1.059556 9.203900 0.602558
v 1.547727 8.868034 0.311479
v 1.184602 9.355566 0.604474
v 0.934509 9.131325 0.469794
v 1.384410 8.767685 0.340644
v 1.059556 9.203900 0.602558
v 0.882888 9.180173 0.283465
v 1.221538 8.746819 0.238748
v 0.934509 9.131325 0.469794
v 0.934509 9.321634 0.153153
v 1.153896 8.816531 0.065275
v 0.882888 9.180173 0.283465
v 0.934509 9.321634 0.153153
v 1.221538 8.936913 -0.078284
v 1.153896 8.816531 0.065275
v 1.059556 9.473085 0.154679
v 1.221538 8.936913 -0.078284
v 0.934509 9.321634 0.153153
v 1.059556 9.473085 0.154679
v 1.384410 9.037261 -0.107449
v 1.221538 8.936913 -0.078284
v 1.184602 9.545660 0.287442
v 1.547727 9.058127 -0.005553
v 1.384410 9.037261 -0.107449
v 1.184602 9.545660 0.287442
v 1.236222 9.496815 0.473773
v 1.547727 9.058127 -0.005553
v 0.668841 9.836956 0.678023
v 1.236222 9.496815 0.473773
v 1.184602 9.545660 0.287442
v 0.573164 9.495400 0.777801
v 1.059556 9.203900 0.602558
v 1.184602 9.355566 0.604474
v 0.505969 9.388484 0.624387
v 0.934509 9.131325 0.469794
v 1.059556 9.203900 0.602558
v 0.505969 9.578577 0.307357
v 0.882888 9.180173 0.283465
v 0.477933 9.422815 0.429313
v 0.505969 9.578577 0.307357
v 0.934509 9.321634 0.153153
v 0.882888 9.180173 0.283465
v 0.640805 9.871504 0.483337
v 1.059556 9.473085 0.154679
v 0.573164 9.764587 0.329924
v 0.640805 9.871504 0.483337
v 1.184602 9.545660 0.287442
v 1.059556 9.473085 0.154679
v -0.000003 9.597607 0.839188
v 0.573164 9.495400 0.777801
v 0.640805 9.681194 0.799979
v -0.000003 9.478638 0.678718
v 0.573164 9.495400 0.777801
v -0.000003 9.597607 0.839188
v -0.000003 9.478638 0.678718
v 0.505969 9.388484 0.624387
v 0.573164 9.495400 0.777801
v -0.000003 9.669121 0.361472
v 0.477933 9.422815 0.429313
v -0.000003 9.508261 0.480656
v -0.000003 9.669121 0.361472
v 0.505969 9.578577 0.307357
v 0.477933 9.422815 0.429313
v -0.000003 9.866793 0.391311
v 0.505969 9.578577 0.307357
v -0.000003 9.669121 0.361472
v -0.000003 9.866793 0.391311
v 0.573164 9.764587 0.329924
v 0.505969 9.578577 0.307357
v -0.000003 9.985977 0.552170
v 0.573164 9.764587 0.329924
v -0.000003 9.866793 0.391311
v -0.000003 9.985977 0.552170
v -0.000003 9.956137 0.749842
v 0.640805 9.871504 0.483337
v -0.640811 9.681194 0.799979
v -0.000003 9.795667 0.868812
v -0.000003 9.956137 0.749842
v -0.573170 9.495400 0.777801
v -0.000003 9.795667 0.868812
v -0.640811 9.681194 0.799979
v -0.505974 9.388484 0.624387
v -0.000003 9.597607 0.839188
v -0.573170 9.495400 0.777801
v -0.477939 9.422815 0.429313
v -0.000003 9.508261 0.480656
v -0.000003 9.478638 0.678718
v -0.505974 9.578577 0.307357
v -0.000003 9.669121 0.361472
v -0.000003 9.508261 0.480656
v -0.573170 9.764587 0.329924
v -0.000003 9.669121 0.361472
v -0.505974 9.578577 0.307357
v -0.573170 9.764587 0.329924
v -0.000003 9.866793 0.391311
v -0.000003 9.669121 0.361472
v -0.640811 9.871504 0.483337
v -0.668846 9.836956 0.678023
v -0.000003 9.985977 0.552170
v -1.236228 9.496815 0.473773
v -0.668846 9.836956 0.678023
v -0.640811 9.871504 0.483337
v -1.184608 9.355566 0.604474
v -0.668846 9.836956 0.678023
v -1.236228 9.496815 0.473773
v -1.059561 9.203900 0.602558
v -0.573170 9.495400 0.777801
v -0.640811 9.681194 0.799979
v -0.934515 9.131325 0.469794
v -0.505974 9.388484 0.624387
v -0.573170 9.495400 0.777801
v -0.882894 9.180173 0.283465
v -0.505974 9.388484 0.624387
v -0.934515 9.131325 0.469794
v -0.934515 9.321634 0.153153
v -0.505974 9.578577 0.307357
v -0.477939 9.422815 0.429313
v -1.059561 9.473085 0.154679
v -0.505974 9.578577 0.307357
v -0.934515 9.321634 0.153153
v -1.615373 8.988029 0.168136
v -1.236228 9.496815 0.473773
v -1.184608 9.545660 0.287442
v -1.547732 8.868034 0.311479
v -1.236228 9.496815 0.473773
v -1.615373 8.988029 0.168136
v -1.547732 8.868034 0.311479
v -1.184608 9.355566 0.604474
v -1.236228 9.496815 0.473773
v -1.384415 8.767685 0.340644
v -1.184608 9.355566 0.604474
v -1.547732 8.868034 0.311479
v -1.221543 8.746819 0.238748
v -1.059561 9.203900 0.602558
v -1.384415 8.767685 0.340644
v -1.221543 8.746819 0.238748
v -0.934515 9.131325 0.469794
v -1.059561 9.203900 0.602558
v -1.153902 8.816531 0.065275
v -0.934515 9.131325 0.469794
v -1.221543 8.746819 0.238748
v -1.153902 8.816531 0.065275
v -0.882894 9.180173 0.283465
v -0.934515 9.131325 0.469794
v -1.221543 8.936913 -0.078284
v -0.934515 9.321634 0.153153
v -0.882894 9.180173 0.283465
v -1.384415 9.037261 -0.107449
v -1.059561 9.473085 0.154679
v -0.934515 9.321634 0.153153
v -1.547732 9.058127 -0.005553
v -1.059561 9.473085 0.154679
v -1.384415 9.037261 -0.107449
v -1.547732 9.058127 -0.005553
v -1.184608 9.545660 0.287442
v -1.059561 9.473085 0.154679
v -1.547732 9.058127 -0.005553
v -1.615373 8.988029 0.168136
v -1.184608 9.545660 0.287442
v -1.675449 8.292809 -0.034162
v -1.615373 8.988029 0.168136
v -1.748430 8.388049 -0.192784
v -1.322115 8.292809 -0.034162
v -1.221543 8.746819 0.238748
v -1.384415 8.767685 0.340644
v -1.248688 8.388049 -0.192784
v -1.153902 8.816531 0.065275
v -1.221543 8.746819 0.238748
v -1.675449 8.483118 -0.350802
v -1.748430 8.388049 -0.192784
v -1.547732 9.058127 -0.005553
v -1.615373 7.787900 -0.553099
v -1.748430 8.388049 -0.192784
v -1.675449 8.483118 -0.350802
v -1.547732 7.717583 -0.379800
v -1.748430 8.388049 -0.192784
v -1.615373 7.787900 -0.553099
v -1.547732 7.717583 -0.379800
v -1.675449 8.292809 -0.034162
v -1.748430 8.388049 -0.192784
v -1.384415 7.738665 -0.277516
v -1.675449 8.292809 -0.034162
v -1.547732 7.717583 -0.379800
v -1.384415 7.738665 -0.277516
v -1.498781 8.253371 0.031457
v -1.675449 8.292809 -0.034162
v -1.221543 7.839013 -0.306681
v -1.322115 8.292809 -0.034162
v -1.498781 8.253371 0.031457
v -1.153902 7.959395 -0.450240
v -1.248688 8.388049 -0.192784
v -1.322115 8.292809 -0.034162
v -1.221543 8.029106 -0.623712
v -1.248688 8.388049 -0.192784
v -1.153902 7.959395 -0.450240
v -1.384415 8.008241 -0.725609
v -1.322115 8.483118 -0.350802
v -1.221543 8.029106 -0.623712
v -1.384415 8.008241 -0.725609
v -1.498781 8.522557 -0.416420
v -1.322115 8.483118 -0.350802
v -1.547732 7.907892 -0.696442
v -1.498781 8.522557 -0.416420
v -1.384415 8.008241 -0.725609
v -1.547732 7.907892 -0.696442
v -1.675449 8.483118 -0.350802
v -1.498781 8.522557 -0.416420
v -1.547732 7.907892 -0.696442
v -1.615373 7.787900 -0.553099
v -1.675449 8.483118 -0.350802
v -1.236228 7.278898 -0.859127
v -1.615373 7.787900 -0.553099
v -1.547732 7.907892 -0.696442
v -0.934515 7.454291 -0.538116
v -1.221543 7.839013 -0.306681
v -1.384415 7.738665 -0.277516
v -0.882894 7.595754 -0.668429
v -1.221543 7.839013 -0.306681
v -0.934515 7.454291 -0.538116
v -1.059561 7.571811 -0.987911
v -1.221543 8.029106 -0.623712
v -0.934515 7.644600 -0.854758
v -1.059561 7.571811 -0.987911
v -1.384415 8.008241 -0.725609
v -1.221543 8.029106 -0.623712
v -1.184608 7.420360 -0.989439
v -1.384415 8.008241 -0.725609
v -1.059561 7.571811 -0.987911
v -1.184608 7.420360 -0.989439
v -1.547732 7.907892 -0.696442
v -1.384415 8.008241 -0.725609
v -0.640811 6.904424 -0.868302
v -1.184608 7.230051 -0.672797
v -1.236228 7.278898 -0.859127
v -0.573170 7.011340 -0.714889
v -1.059561 7.302841 -0.539645
v -1.184608 7.230051 -0.672797
v -0.505974 7.197350 -0.692321
v -0.934515 7.454291 -0.538116
v -1.059561 7.302841 -0.539645
v -0.477939 7.352896 -0.814667
v -0.882894 7.595754 -0.668429
v -0.934515 7.454291 -0.538116
v -0.505974 7.387442 -1.009352
v -0.934515 7.644600 -0.854758
v -0.882894 7.595754 -0.668429
v -0.573170 7.280526 -1.162766
v -1.059561 7.571811 -0.987911
v -0.934515 7.644600 -0.854758
v -0.640811 7.094516 -1.185332
v -1.184608 7.420360 -0.989439
v -1.059561 7.571811 -0.987911
v -0.000003 6.972567 -0.937135
v -0.668846 6.938971 -1.062987
v -0.000003 6.819572 -1.135197
v -0.000003 6.972567 -0.937135
v -0.640811 6.904424 -0.868302
v -0.668846 6.938971 -1.062987
v -0.000003 6.909133 -0.776276
v -0.640811 6.904424 -0.868302
v -0.000003 6.972567 -0.937135
v -0.000003 7.106806 -0.746436
v -0.573170 7.011340 -0.714889
v -0.000003 6.909133 -0.776276
v -0.000003 7.106806 -0.746436
v -0.505974 7.197350 -0.692321
v -0.573170 7.011340 -0.714889
v -0.000003 7.297289 -1.063683
v -0.477939 7.352896 -0.814667
v -0.000003 7.267665 -0.865621
v -0.000003 7.297289 -1.063683
v -0.505974 7.387442 -1.009352
v -0.477939 7.352896 -0.814667
v -0.000003 6.980257 -1.253776
v -0.640811 7.094516 -1.185332
v -0.573170 7.280526 -1.162766
v -0.000003 6.980257 -1.253776
v -0.000003 6.819572 -1.135197
v -0.640811 7.094516 -1.185332
v 0.640805 6.904424 -0.868302
v -0.000003 6.972567 -0.937135
v -0.000003 6.819572 -1.135197
v 0.573164 7.011340 -0.714889
v -0.000003 6.972567 -0.937135
v 0.640805 6.904424 -0.868302
v 0.505969 7.197350 -0.692321
v -0.000003 6.909133 -0.776276
v 0.573164 7.011340 -0.714889
v 0.505969 7.387442 -1.009352
v -0.000003 7.267665 -0.865621
v 0.477933 7.352896 -0.814667
v 0.573164 7.280526 -1.162766
v -0.000003 7.297289 -1.063683
v 0.505969 7.387442 -1.009352
v 0.573164 7.280526 -1.162766
v -0.000003 7.178104 -1.224542
v -0.000003 7.297289 -1.063683
v 0.640805 7.094516 -1.185332
v -0.000003 7.178104 -1.224542
v 0.573164 7.280526 -1.162766
v 0.640805 7.094516 -1.185332
v -0.000003 6.980257 -1.253776
v -0.000003 7.178104 -1.224542
v 0.640805 7.094516 -1.185332
v 0.668841 6.938971 -1.062987
v -0.000003 6.980257 -1.253776
v 1.236222 7.278898 -0.859127
v 0.668841 6.938971 -1.062987
v 0.640805 7.094516 -1.185332
v 1.184602 7.230051 -0.672797
v 0.640805 6.904424 -0.868302
v 0.668841 6.938971 -1.062987
v 1.059556 7.302841 -0.539645
v 0.640805 6.904424 -0.868302
v 1.184602 7.230051 -0.672797
v 0.934509 7.454291 -0.538116
v 0.573164 7.011340 -0.714889
v 1.059556 7.302841 -0.539645
v 0.882888 7.595754 -0.668429
v 0.505969 7.197350 -0.692321
v 0.934509 7.454291 -0.538116
v 1.059556 7.571811 -0.987911
v 0.505969 7.387442 -1.009352
v 0.934509 7.644600 -0.854758
v 1.059556 7.571811 -0.987911
v 0.573164 7.280526 -1.162766
v 0.505969 7.387442 -1.009352
v 1.184602 7.420360 -0.989439
v 0.573164 7.280526 -1.162766
v 1.059556 7.571811 -0.987911
v 1.184602 7.420360 -0.989439
v 0.640805 7.094516 -1.185332
v 0.573164 7.280526 -1.162766
v 1.184602 7.420360 -0.989439
v 1.236222 7.278898 -0.859127
v 0.640805 7.094516 -1.185332
v 1.384410 7.738665 -0.277516
v 1.184602 7.230051 -0.672797
v 1.547727 7.717583 -0.379800
v 1.221538 7.839013 -0.306681
v 1.059556 7.302841 -0.539645
v 1.384410 7.738665 -0.277516
v 1.221538 7.839013 -0.306681
v 0.934509 7.454291 -0.538116
v 1.059556 7.302841 -0.539645
v 1.153896 7.959395 -0.450240
v 0.934509 7.454291 -0.538116
v 1.221538 7.839013 -0.306681
v 1.153896 7.959395 -0.450240
v 0.882888 7.595754 -0.668429
v 0.934509 7.454291 -0.538116
v 1.221538 8.029106 -0.623712
v 0.882888 7.595754 -0.668429
v 1.153896 7.959395 -0.450240
v 1.221538 8.029106 -0.623712
v 0.934509 7.644600 -0.854758
v 0.882888 7.595754 -0.668429
v 1.748424 8.388049 -0.192784
v 1.615368 7.787900 -0.553099
v 1.547727 7.907892 -0.696442
v 1.615368 7.787900 -0.553099
v 1.748424 8.388049 -0.192784
v 1.675444 8.292809 -0.034162
v 1.675444 8.292809 -0.034162
v 1.547727 7.717583 -0.379800
v 1.615368 7.787900 -0.553099
v 1.498776 8.253371 0.031457
v 1.547727 7.717583 -0.379800
v 1.675444 8.292809 -0.034162
v 1.498776 8.522557 -0.416420
v 1.221538 8.029106 -0.623712
v 1.322109 8.483118 -0.350802
v 1.498776 8.522557 -0.416420
v 1.384410 8.008241 -0.725609
v 1.221538 8.029106 -0.623712
v 1.675444 8.483118 -0.350802
v 1.748424 8.388049 -0.192784
v 1.547727 7.907892 -0.696442
v 1.615368 8.988029 0.168136
v 1.748424 8.388049 -0.192784
v 1.675444 8.483118 -0.350802
v 1.547727 8.868034 0.311479
v 1.748424 8.388049 -0.192784
v 1.615368 8.988029 0.168136
v 1.675444 8.292809 -0.034162
v 1.748424 8.388049 -0.192784
v 1.547727 8.868034 0.311479
v 1.221538 8.746819 0.238748
v 1.498776 8.253371 0.031457
v 1.384410 8.767685 0.340644
v 1.221538 8.746819 0.238748
v 1.322109 8.292809 -0.034162
v 1.498776 8.253371 0.031457
v 1.153896 8.816531 0.065275
v 1.248683 8.388049 -0.192784
v 1.322109 8.292809 -0.034162
v 1.221538 8.936913 -0.078284
v 1.248683 8.388049 -0.192784
v 1.153896 8.816531 0.065275
v 1.221538 8.936913 -0.078284
v 1.322109 8.483118 -0.350802
v 1.248683 8.388049 -0.192784
v 1.384410 9.037261 -0.107449
v 1.322109 8.483118 -0.350802
v 1.221538 8.936913 -0.078284
v 1.384410 9.037261 -0.107449
v 1.498776 8.522557 -0.416420
v 1.322109 8.483118 -0.350802
v 1.547727 9.058127 -0.005553
v 1.675444 8.483118 -0.350802
v 1.498776 8.522557 -0.416420
v 1.236222 9.496815 0.473773
v 1.615368 8.988029 0.168136
v 1.547727 9.058127 -0.005553
v 1.184602 9.355566 0.604474
v 1.547727 8.868034 0.311479
v 1.615368 8.988029 0.168136
v 1.059556 9.203900 0.602558
v 1.384410 8.767685 0.340644
v 1.547727 8.868034 0.311479
v 0.934509 9.131325 0.469794
v 1.221538 8.746819 0.238748
v 1.384410 8.767685 0.340644
v 0.882888 9.180173 0.283465
v 1.153896 8.816531 0.065275
v 1.221538 8.746819 0.238748
v 1.184602 9.545660 0.287442
v 1.384410 9.037261 -0.107449
v 1.059556 9.473085 0.154679
v 0.640805 9.681194 0.799979
v 1.236222 9.496815 0.473773
v 0.668841 9.836956 0.678023
v 0.640805 9.681194 0.799979
v 1.184602 9.355566 0.604474
v 1.236222 9.496815 0.473773
v 0.573164 9.495400 0.777801
v 1.184602 9.355566 0.604474
v 0.640805 9.681194 0.799979
v 0.505969 9.388484 0.624387
v 1.059556 9.203900 0.602558
v 0.573164 9.495400 0.777801
v 0.477933 9.422815 0.429313
v 0.934509 9.131325 0.469794
v 0.505969 9.388484 0.624387
v 0.477933 9.422815 0.429313
v 0.882888 9.180173 0.283465
v 0.934509 9.131325 0.469794
v 0.573164 9.764587 0.329924
v 0.934509 9.321634 0.153153
v 0.505969 9.578577 0.307357
v 0.573164 9.764587 0.329924
v 1.059556 9.473085 0.154679
v 0.934509 9.321634 0.153153
v 0.640805 9.871504 0.483337
v 0.668841 9.836956 0.678023
v 1.184602 9.545660 0.287442
v -0.000003 9.956137 0.749842
v 0.668841 9.836956 0.678023
v 0.640805 9.871504 0.483337
v -0.000003 9.795667 0.868812
v 0.668841 9.836956 0.678023
v -0.000003 9.956137 0.749842
v -0.000003 9.795667 0.868812
v 0.640805 9.681194 0.799979
v 0.668841 9.836956 0.678023
v -0.000003 9.597607 0.839188
v 0.640805 9.681194 0.799979
v -0.000003 9.795667 0.868812
v -0.000003 9.508261 0.480656
v 0.505969 9.388484 0.624387
v -0.000003 9.478638 0.678718
v -0.000003 9.508261 0.480656
v 0.477933 9.422815 0.429313
v 0.505969 9.388484 0.624387
v -0.000003 9.985977 0.552170
v 0.640805 9.871504 0.483337
v 0.573164 9.764587 0.329924
v -0.668846 9.836956 0.678023
v -0.000003 9.956137 0.749842
v -0.000003 9.985977 0.552170
v -0.640811 9.681194 0.799979
v -0.000003 9.956137 0.749842
v -0.668846 9.836956 0.678023
v -0.573170 9.495400 0.777801
v -0.000003 9.597607 0.839188
v -0.000003 9.795667 0.868812
v -0.505974 9.388484 0.624387
v -0.000003 9.478638 0.678718
v -0.000003 9.597607 0.839188
v -0.477939 9.422815 0.429313
v -0.000003 9.478638 0.678718
v -0.505974 9.388484 0.624387
v -0.505974 9.578577 0.307357
v -0.000003 9.508261 0.480656
v -0.477939 9.422815 0.429313
v -0.640811 9.871504 0.483337
v -0.000003 9.866793 0.391311
v -0.573170 9.764587 0.329924
v -0.640811 9.871504 0.483337
v -0.000003 9.985977 0.552170
v -0.000003 9.866793 0.391311
v -1.184608 9.355566 0.604474
v -0.640811 9.681194 0.799979
v -0.668846 9.836956 0.678023
v -1.059561 9.203900 0.602558
v -0.640811 9.681194 0.799979
v -1.184608 9.355566 0.604474
v -0.934515 9.131325 0.469794
v -0.573170 9.495400 0.777801
v -1.059561 9.203900 0.602558
v -0.882894 9.180173 0.283465
v -0.477939 9.422815 0.429313
v -0.505974 9.388484 0.624387
v -0.934515 9.321634 0.153153
v -0.477939 9.422815 0.429313
v -0.882894 9.180173 0.283465
v -1.059561 9.473085 0.154679
v -0.573170 9.764587 0.329924
v -0.505974 9.578577 0.307357
v -1.184608 9.545660 0.287442
v -0.573170 9.764587 0.329924
v -1.059561 9.473085 0.154679
v -1.184608 9.545660 0.287442
v -0.640811 9.871504 0.483337
v -0.573170 9.764587 0.329924
v -1.184608 9.545660 0.287442
v -1.236228 9.496815 0.473773
v -0.640811 9.871504 0.483337
v -1.384415 8.767685 0.340644
v -1.059561 9.203900 0.602558
v -1.184608 9.355566 0.604474
v -1.221543 8.936913 -0.078284
v -0.882894 9.180173 0.283465
v -1.153902 8.816531 0.065275
v -1.384415 9.037261 -0.107449
v -0.934515 9.321634 0.153153
v -1.221543 8.936913 -0.078284
v -1.748430 8.388049 -0.192784
v -1.615373 8.988029 0.168136
v -1.547732 9.058127 -0.005553
v -1.675449 8.292809 -0.034162
v -1.547732 8.868034 0.311479
v -1.615373 8.988029 0.168136
v -1.498781 8.253371 0.031457
v -1.547732 8.868034 0.311479
v -1.675449 8.292809 -0.034162
v -1.498781 8.253371 0.031457
v -1.384415 8.767685 0.340644
v -1.547732 8.868034 0.311479
v -1.322115 8.292809 -0.034162
v -1.384415 8.767685 0.340644
v -1.498781 8.253371 0.031457
v -1.248688 8.388049 -0.192784
v -1.221543 8.746819 0.238748
v -1.322115 8.292809 -0.034162
v -1.322115 8.483118 -0.350802
v -1.153902 8.816531 0.065275
v -1.248688 8.388049 -0.192784
v -1.322115 8.483118 -0.350802
v -1.221543 8.936913 -0.078284
v -1.153902 8.816531 0.065275
v -1.498781 8.522557 -0.416420
v -1.221543 8.936913 -0.078284
v -1.322115 8.483118 -0.350802
v -1.498781 8.522557 -0.416420
v -1.384415 9.037261 -0.107449
v -1.221543 8.936913 -0.078284
v -1.675449 8.483118 -0.350802
v -1.384415 9.037261 -0.107449
v -1.498781 8.522557 -0.416420
v -1.675449 8.483118 -0.350802
v -1.547732 9.058127 -0.005553
v -1.384415 9.037261 -0.107449
v -1.221543 7.839013 -0.306681
v -1.498781 8.253371 0.031457
v -1.384415 7.738665 -0.277516
v -1.153902 7.959395 -0.450240
v -1.322115 8.292809 -0.034162
v -1.221543 7.839013 -0.306681
v -1.221543 8.029106 -0.623712
v -1.322115 8.483118 -0.350802
v -1.248688 8.388049 -0.192784
v -1.184608 7.230051 -0.672797
v -1.615373 7.787900 -0.553099
v -1.236228 7.278898 -0.859127
v -1.184608 7.230051 -0.672797
v -1.547732 7.717583 -0.379800
v -1.615373 7.787900 -0.553099
v -1.059561 7.302841 -0.539645
v -1.547732 7.717583 -0.379800
v -1.184608 7.230051 -0.672797
v -1.059561 7.302841 -0.539645
v -1.384415 7.738665 -0.277516
v -1.547732 7.717583 -0.379800
v -0.934515 7.454291 -0.538116
v -1.384415 7.738665 -0.277516
v -1.059561 7.302841 -0.539645
v -0.882894 7.595754 -0.668429
v -1.153902 7.959395 -0.450240
v -1.221543 7.839013 -0.306681
v -0.934515 7.644600 -0.854758
v -1.153902 7.959395 -0.450240
v -0.882894 7.595754 -0.668429
v -0.934515 7.644600 -0.854758
v -1.221543 8.029106 -0.623712
v -1.153902 7.959395 -0.450240
v -1.184608 7.420360 -0.989439
v -1.236228 7.278898 -0.859127
v -1.547732 7.907892 -0.696442
v -0.668846 6.938971 -1.062987
v -1.236228 7.278898 -0.859127
v -1.184608 7.420360 -0.989439
v -0.640811 6.904424 -0.868302
v -1.236228 7.278898 -0.859127
v -0.668846 6.938971 -1.062987
v -0.573170 7.011340 -0.714889
v -1.184608 7.230051 -0.672797
v -0.640811 6.904424 -0.868302
v -0.505974 7.197350 -0.692321
v -1.059561 7.302841 -0.539645
v -0.573170 7.011340 -0.714889
v -0.477939 7.352896 -0.814667
v -0.934515 7.454291 -0.538116
v -0.505974 7.197350 -0.692321
v -0.505974 7.387442 -1.009352
v -0.882894 7.595754 -0.668429
v -0.477939 7.352896 -0.814667
v -0.573170 7.280526 -1.162766
v -0.934515 7.644600 -0.854758
v -0.505974 7.387442 -1.009352
v -0.640811 7.094516 -1.185332
v -1.059561 7.571811 -0.987911
v -0.573170 7.280526 -1.162766
v -0.640811 7.094516 -1.185332
v -0.668846 6.938971 -1.062987
v -1.184608 7.420360 -0.989439
v -0.000003 6.819572 -1.135197
v -0.668846 6.938971 -1.062987
v -0.640811 7.094516 -1.185332
v -0.000003 6.909133 -0.776276
v -0.573170 7.011340 -0.714889
v -0.640811 6.904424 -0.868302
v -0.000003 7.267665 -0.865621
v -0.505974 7.197350 -0.692321
v -0.000003 7.106806 -0.746436
v -0.000003 7.267665 -0.865621
v -0.477939 7.352896 -0.814667
v -0.505974 7.197350 -0.692321
v -0.000003 7.178104 -1.224542
v -0.505974 7.387442 -1.009352
v -0.000003 7.297289 -1.063683
v -0.000003 7.178104 -1.224542
v -0.573170 7.280526 -1.162766
v -0.505974 7.387442 -1.009352
v -0.000003 6.980257 -1.253776
v -0.573170 7.280526 -1.162766
v -0.000003 7.178104 -1.224542
v 0.668841 6.938971 -1.062987
v -0.000003 6.819572 -1.135197
v -0.000003 6.980257 -1.253776
v 0.640805 6.904424 -0.868302
v -0.000003 6.819572 -1.135197
v 0.668841 6.938971 -1.062987
v 0.573164 7.011340 -0.714889
v -0.000003 6.909133 -0.776276
v -0.000003 6.972567 -0.937135
v 0.505969 7.197350 -0.692321
v -0.000003 7.106806 -0.746436
v -0.000003 6.909133 -0.776276
v 0.477933 7.352896 -0.814667
v -0.000003 7.106806 -0.746436
v 0.505969 7.197350 -0.692321
v 0.477933 7.352896 -0.814667
v -0.000003 7.267665 -0.865621
v -0.000003 7.106806 -0.746436
v 0.505969 7.387442 -1.009352
v -0.000003 7.297289 -1.063683
v -0.000003 7.267665 -0.865621
v 1.184602 7.230051 -0.672797
v 0.668841 6.938971 -1.062987
v 1.236222 7.278898 -0.859127
v 1.059556 7.302841 -0.539645
v 0.573164 7.011340 -0.714889
v 0.640805 6.904424 -0.868302
v 0.934509 7.454291 -0.538116
v 0.505969 7.197350 -0.692321
v 0.573164 7.011340 -0.714889
v 0.882888 7.595754 -0.668429
v 0.477933 7.352896 -0.814667
v 0.505969 7.197350 -0.692321
v 0.934509 7.644600 -0.854758
v 0.477933 7.352896 -0.814667
v 0.882888 7.595754 -0.668429
v 0.934509 7.644600 -0.854758
v 0.505969 7.387442 -1.009352
v 0.477933 7.352896 -0.814667
v 1.615368 7.787900 -0.553099
v 1.236222 7.278898 -0.859127
v 1.184602 7.420360 -0.989439
v 1.547727 7.717583 -0.379800
v 1.236222 7.278898 -0.859127
v 1.615368 7.787900 -0.553099
v 1.547727 7.717583 -0.379800
v 1.184602 7.230051 -0.672797
v 1.236222 7.278898 -0.859127
v 1.384410 7.738665 -0.277516
v 1.059556 7.302841 -0.539645
v 1.184602 7.230051 -0.672797
v 1.384410 8.008241 -0.725609
v 0.934509 7.644600 -0.854758
v 1.221538 8.029106 -0.623712
v 1.384410 8.008241 -0.725609
v 1.059556 7.571811 -0.987911
v 0.934509 7.644600 -0.854758
v 1.547727 7.907892 -0.696442
v 1.059556 7.571811 -0.987911
v 1.384410 8.008241 -0.725609
v 1.547727 7.907892 -0.696442
v 1.184602 7.420360 -0.989439
v 1.059556 7.571811 -0.987911
v 1.615368 7.787900 -0.553099
v 1.184602 7.420360 -0.989439
v 1.547727 7.907892 -0.696442
v -0.118374 7.965872 0.147062
v -0.118374 8.065572 -0.019121
v 0.115254 8.287828 0.340532
v -1.064011 9.183846 0.191878
v -1.258478 8.916668 0.031138
v -1.258478 8.833505 0.169328
v -1.064011 9.101074 0.329852
v -1.064011 9.183846 0.191878
v -1.258478 8.833505 0.169328
v 0.115254 8.387917 0.174134
v -1.064011 9.183846 0.191878
v -1.064011 9.101074 0.329852
v 0.115254 8.287828 0.340532
v 0.115254 8.387917 0.174134
v -1.064011 9.101074 0.329852
v -0.118374 7.965872 0.147062
v 0.115254 8.287828 0.340532
v -1.064011 9.101074 0.329852
v -0.118374 8.065572 -0.019121
v 0.115254 8.387917 0.174134
v 0.115254 8.287828 0.340532
v -1.258478 8.916668 0.031138
v -0.118374 8.065572 -0.019121
v -0.118374 7.965872 0.147062
v -1.258478 8.833505 0.169328
v -1.258478 8.916668 0.031138
v -0.118374 7.965872 0.147062
v -1.258478 8.833505 0.169328
v -0.118374 7.965872 0.147062
v -1.064011 9.101074 0.329852
v -1.258478 8.916668 0.031138
v -1.064011 9.183846 0.191878
v 0.115254 8.387917 0.174134
v -0.118374 8.065572 -0.019121
v -1.258478 8.916668 0.031138
v 0.115254 8.387917 0.174134
v 0.188235 7.256826 -0.965952
v 0.221165 8.225017 0.076683
v 0.221165 8.125316 0.242866
v -0.178450 7.172626 -0.828713
v -0.178450 7.255790 -0.966904
v 0.188235 7.174051 -0.827977
v -0.221171 8.223590 0.075947
v -0.178450 7.255790 -0.966904
v -0.178450 7.172626 -0.828713
v -0.221171 8.123890 0.242131
v -0.221171 8.223590 0.075947
v -0.178450 7.172626 -0.828713
v 0.221165 8.125316 0.242866
v -0.221171 8.123890 0.242131
v -0.178450 7.172626 -0.828713
v 0.221165 8.225017 0.076683
v 0.188235 7.256826 -0.965952
v -0.221171 8.223590 0.075947
v 0.221165 8.225017 0.076683
v -0.221171 8.223590 0.075947
v -0.221171 8.123890 0.242131
v 0.221165 8.125316 0.242866
v 0.221165 8.225017 0.076683
v -0.221171 8.123890 0.242131
v 0.188235 7.174051 -0.827977
v 0.188235 7.256826 -0.965952
v 0.221165 8.125316 0.242866
v -0.178450 7.255790 -0.966904
v 0.188235 7.256826 -0.965952
v 0.188235 7.174051 -0.827977
v 0.188235 7.174051 -0.827977
v 0.221165 8.125316 0.242866
v -0.178450 7.172626 -0.828713
v 0.188235 7.256826 -0.965952
v -0.178450 7.255790 -0.966904
v -0.221171 8.223590 0.075947
v -0.210490 8.322495 -0.071477
v -0.315957 8.300589 -0.033894
v -0.144629 8.447727 0.002077
v -0.144629 8.197866 -0.144859
v -0.217165 8.113236 -0.144248
v -0.210490 8.322495 -0.071477
v -0.000003 8.141061 -0.178497
v 0.217160 8.113236 -0.144248
v -0.000003 8.028049 -0.194208
v 0.210485 8.322495 -0.071477
v 0.315951 8.300589 -0.033894
v 0.144624 8.197866 -0.144859
v 0.210485 8.322495 -0.071477
v 0.217160 8.487941 0.076458
v 0.315951 8.300589 -0.033894
v -0.000003 8.322495 -0.071477
v -0.000003 8.504533 0.035716
v 0.144624 8.447727 0.002077
v -0.000003 8.322495 -0.071477
v -0.144629 8.447727 0.002077
v -0.000003 8.504533 0.035716
v -0.000003 8.322495 -0.071477
v -0.210490 8.322495 -0.071477
v -0.144629 8.447727 0.002077
v -0.000003 8.322495 -0.071477
v -0.144629 8.197866 -0.144859
v -0.210490 8.322495 -0.071477
v -0.000003 8.322495 -0.071477
v -0.000003 8.141061 -0.178497
v -0.144629 8.197866 -0.144859
v -0.000003 8.322495 -0.071477
v 0.144624 8.197866 -0.144859
v -0.000003 8.141061 -0.178497
v -0.000003 8.322495 -0.071477
v 0.210485 8.322495 -0.071477
v 0.144624 8.197866 -0.144859
v -0.000003 8.504533 0.035716
v -0.217165 8.487941 0.076458
v -0.000003 8.572954 0.127024
v -0.144629 8.447727 0.002077
v -0.217165 8.487941 0.076458
v -0.000003 8.504533 0.035716
v -0.144629 8.447727 0.002077
v -0.315957 8.300589 -0.033894
v -0.217165 8.487941 0.076458
v -0.210490 8.322495 -0.071477
v -0.217165 8.113236 -0.144248
v -0.315957 8.300589 -0.033894
v -0.144629 8.197866 -0.144859
v -0.000003 8.028049 -0.194208
v -0.217165 8.113236 -0.144248
v -0.000003 8.141061 -0.178497
v -0.000003 8.028049 -0.194208
v -0.144629 8.197866 -0.144859
v 0.144624 8.197866 -0.144859
v 0.217160 8.113236 -0.144248
v -0.000003 8.141061 -0.178497
v 0.144624 8.197866 -0.144859
v 0.315951 8.300589 -0.033894
v 0.217160 8.113236 -0.144248
v 0.144624 8.447727 0.002077
v 0.217160 8.487941 0.076458
v 0.210485 8.322495 -0.071477
v 0.144624 8.447727 0.002077
v -0.000003 8.572954 0.127024
v 0.217160 8.487941 0.076458
v 0.144624 8.447727 0.002077
v -0.000003 8.504533 0.035716
v -0.000003 8.572954 0.127024
v 0.144624 8.447727 0.002077
v 0.210485 8.322495 -0.071477
v -0.000003 8.322495 -0.071477
v -0.254101 8.548958 0.045181
v -0.287031 8.564004 0.085175
v -0.000003 8.648659 0.103886
v -0.254101 8.548958 0.045181
v -0.417863 8.316175 -0.060850
v -0.287031 8.564004 0.085175
v -0.369357 8.329941 -0.083746
v -0.287031 8.068949 -0.206705
v -0.417863 8.316175 -0.060850
v -0.000003 8.011612 -0.271593
v -0.000003 7.956374 -0.273028
v -0.254101 8.110925 -0.212672
v -0.000003 8.011612 -0.271593
v 0.287025 8.068949 -0.206705
v -0.000003 7.956374 -0.273028
v 0.254096 8.110925 -0.212672
v 0.417857 8.316175 -0.060850
v 0.287025 8.068949 -0.206705
v 0.369351 8.329941 -0.083746
v 0.417857 8.316175 -0.060850
v 0.254096 8.110925 -0.212672
v 0.369351 8.329941 -0.083746
v 0.287025 8.564004 0.085175
v 0.417857 8.316175 -0.060850
v 0.254096 8.548958 0.045181
v 0.287025 8.564004 0.085175
v 0.369351 8.329941 -0.083746
v 0.254096 8.548958 0.045181
v -0.000003 8.676580 0.151501
v 0.287025 8.564004 0.085175
v -0.000003 8.648659 0.103886
v -0.000003 8.676580 0.151501
v 0.254096 8.548958 0.045181
v -0.287031 8.564004 0.085175
v -0.309281 8.566648 0.123906
v -0.000003 8.676580 0.151501
v -0.417863 8.316175 -0.060850
v -0.449903 8.300027 -0.033074
v -0.287031 8.564004 0.085175
v -0.417863 8.316175 -0.060850
v -0.309281 8.033403 -0.190054
v -0.449903 8.300027 -0.033074
v -0.287031 8.068949 -0.206705
v -0.309281 8.033403 -0.190054
v -0.417863 8.316175 -0.060850
v 0.287025 8.068949 -0.206705
v 0.309276 8.033403 -0.190054
v -0.000003 7.956374 -0.273028
v 0.287025 8.068949 -0.206705
v 0.449898 8.300027 -0.033074
v 0.309276 8.033403 -0.190054
v 0.417857 8.316175 -0.060850
v 0.449898 8.300027 -0.033074
v 0.287025 8.068949 -0.206705
v -0.000003 8.676580 0.151501
v -0.000003 8.687603 0.195253
v 0.287025 8.564004 0.085175
v -0.309281 8.566648 0.123906
v -0.327527 8.558256 0.174858
v -0.000003 8.687603 0.195253
v -0.449903 8.300027 -0.033074
v -0.476604 8.275695 0.008397
v -0.309281 8.566648 0.123906
v -0.449903 8.300027 -0.033074
v -0.327527 7.993133 -0.158064
v -0.476604 8.275695 0.008397
v -0.309281 8.033403 -0.190054
v -0.327527 7.993133 -0.158064
v -0.449903 8.300027 -0.033074
v -0.000003 7.912448 -0.261400
v -0.000003 7.864834 -0.233481
v -0.309281 8.033403 -0.190054
v -0.000003 7.912448 -0.261400
v 0.327521 7.993133 -0.158064
v -0.000003 7.864834 -0.233481
v 0.309276 8.033403 -0.190054
v 0.327521 7.993133 -0.158064
v -0.000003 7.912448 -0.261400
v 0.309276 8.033403 -0.190054
v 0.476598 8.275695 0.008397
v 0.327521 7.993133 -0.158064
v 0.449898 8.300027 -0.033074
v 0.476598 8.275695 0.008397
v 0.309276 8.033403 -0.190054
v 0.449898 8.300027 -0.033074
v 0.327521 8.558256 0.174858
v 0.476598 8.275695 0.008397
v 0.309276 8.566648 0.123906
v 0.327521 8.558256 0.174858
v 0.449898 8.300027 -0.033074
v 0.309276 8.566648 0.123906
v -0.000003 8.686557 0.250273
v 0.327521 8.558256 0.174858
v -0.327527 8.558256 0.174858
v -0.000003 8.686557 0.250273
v -0.000003 8.687603 0.195253
v -0.327527 8.558256 0.174858
v -0.331532 8.504091 0.273569
v -0.000003 8.686557 0.250273
v -0.327527 8.558256 0.174858
v -0.481944 8.218462 0.105249
v -0.331532 8.504091 0.273569
v -0.476604 8.275695 0.008397
v -0.481944 8.218462 0.105249
v -0.327527 8.558256 0.174858
v 0.327521 7.993133 -0.158064
v 0.331527 7.932834 -0.063074
v -0.000003 7.864834 -0.233481
v 0.476598 8.275695 0.008397
v 0.481939 8.218462 0.105249
v 0.327521 7.993133 -0.158064
v 0.327521 8.558256 0.174858
v 0.331527 8.504091 0.273569
v 0.476598 8.275695 0.008397
v -0.000003 8.686557 0.250273
v -0.000003 8.634032 0.350111
v 0.327521 8.558256 0.174858
v -0.481944 8.218462 0.105249
v -0.481944 8.153263 0.216182
v -0.331532 8.504091 0.273569
v -0.331532 7.932834 -0.063074
v -0.331532 7.867634 0.047860
v -0.481944 8.218462 0.105249
v -0.000003 7.803109 -0.139228
v -0.000003 7.737693 -0.028683
v -0.331532 7.932834 -0.063074
v 0.331527 7.932834 -0.063074
v 0.481939 8.153263 0.216182
v 0.331527 7.867634 0.047860
v 0.481939 8.218462 0.105249
v 0.331527 8.438892 0.384505
v 0.481939 8.153263 0.216182
v 0.331527 8.504091 0.273569
v -0.000003 8.568832 0.461045
v 0.331527 8.438892 0.384505
v -0.331532 8.438892 0.384505
v -0.000003 8.568832 0.461045
v -0.000003 8.634032 0.350111
v -0.331532 8.438892 0.384505
v -0.476604 8.096030 0.313033
v -0.327527 8.378592 0.479494
v -0.481944 8.153263 0.216182
v -0.476604 8.096030 0.313033
v -0.331532 8.438892 0.384505
v -0.481944 8.153263 0.216182
v -0.327527 7.813685 0.146961
v -0.476604 8.096030 0.313033
v -0.331532 7.867634 0.047860
v -0.327527 7.813685 0.146961
v -0.481944 8.153263 0.216182
v -0.000003 7.737693 -0.028683
v 0.327521 7.813685 0.146961
v -0.000003 7.685169 0.071154
v 0.331527 7.867634 0.047860
v 0.327521 7.813685 0.146961
v -0.000003 7.737693 -0.028683
v 0.331527 7.867634 0.047860
v 0.476598 8.096030 0.313033
v 0.327521 7.813685 0.146961
v 0.481939 8.153263 0.216182
v 0.476598 8.096030 0.313033
v 0.331527 7.867634 0.047860
v 0.331527 8.438892 0.384505
v -0.000003 8.507108 0.555299
v 0.327521 8.378592 0.479494
v -0.000003 8.568832 0.461045
v -0.000003 8.507108 0.555299
v 0.331527 8.438892 0.384505
v -0.327527 8.378592 0.479494
v -0.309281 8.338320 0.511484
v -0.000003 8.507108 0.555299
v -0.327527 7.813685 0.146961
v -0.309281 7.805077 0.197523
v -0.476604 8.096030 0.313033
v -0.000003 7.685169 0.071154
v 0.309276 7.805077 0.197523
v -0.000003 7.683734 0.126393
v 0.327521 7.813685 0.146961
v 0.449898 8.071700 0.354503
v 0.309276 7.805077 0.197523
v 0.476598 8.096030 0.313033
v 0.449898 8.071700 0.354503
v 0.327521 7.813685 0.146961
v -0.309281 8.338320 0.511484
v -0.000003 8.459493 0.583219
v -0.000003 8.507108 0.555299
v -0.449903 8.071700 0.354503
v -0.417863 8.055162 0.382495
v -0.309281 8.338320 0.511484
v -0.000003 7.683734 0.126393
v -0.000003 7.695361 0.170317
v -0.309281 7.805077 0.197523
v -0.000003 7.683734 0.126393
v 0.287025 7.807937 0.236643
v -0.000003 7.695361 0.170317
v 0.309276 7.805077 0.197523
v 0.417857 8.055162 0.382495
v 0.287025 7.807937 0.236643
v 0.449898 8.071700 0.354503
v 0.287025 8.302775 0.528133
v 0.417857 8.055162 0.382495
v 0.309276 8.338320 0.511484
v 0.287025 8.302775 0.528133
v 0.449898 8.071700 0.354503
v -0.287031 8.302775 0.528133
v -0.369357 8.042000 0.405564
v -0.254101 8.260627 0.534706
v -0.417863 8.055162 0.382495
v -0.369357 8.042000 0.405564
v -0.287031 8.302775 0.528133
v -0.287031 7.807937 0.236643
v -0.000003 7.723281 0.217933
v -0.254101 7.822767 0.276249
v 0.287025 7.807937 0.236643
v 0.369351 8.042000 0.405564
v 0.254096 7.822767 0.276249
v 0.287025 8.302775 0.528133
v -0.000003 8.360114 0.593023
v 0.254096 8.260627 0.534706
v -0.254101 8.260627 0.534706
v -0.000003 8.360114 0.593023
v -0.000003 8.415351 0.594457
v -0.254101 7.822767 0.276249
v -0.000003 7.831228 0.287841
v -0.165545 7.896198 0.326111
v -0.000003 7.723281 0.217933
v 0.165540 7.896198 0.326111
v -0.000003 7.831228 0.287841
v 0.254096 7.822767 0.276249
v 0.165540 7.896198 0.326111
v -0.000003 7.723281 0.217933
v 0.254096 7.822767 0.276249
v 0.240745 8.039013 0.410272
v 0.165540 7.896198 0.326111
v 0.369351 8.042000 0.405564
v 0.240745 8.039013 0.410272
v 0.254096 7.822767 0.276249
v 0.369351 8.042000 0.405564
v 0.165540 8.181828 0.494434
v 0.240745 8.039013 0.410272
v 0.254096 8.260627 0.534706
v 0.165540 8.181828 0.494434
v 0.369351 8.042000 0.405564
v 0.254096 8.260627 0.534706
v -0.000003 8.246798 0.532705
v 0.165540 8.181828 0.494434
v -0.165545 8.181828 0.494434
v -0.000003 8.246798 0.532705
v -0.000003 8.360114 0.593023
v -0.165545 8.181828 0.494434
v -0.000003 8.039013 0.410272
v -0.000003 8.246798 0.532705
v 0.165540 7.896198 0.326111
v -0.000003 8.039013 0.410272
v -0.000003 7.831228 0.287841
v 0.254096 8.548958 0.045181
v 0.217160 8.487941 0.076458
v -0.000003 8.648659 0.103886
v 0.254096 8.548958 0.045181
v 0.315951 8.300589 -0.033894
v 0.217160 8.487941 0.076458
v 0.369351 8.329941 -0.083746
v 0.315951 8.300589 -0.033894
v 0.254096 8.548958 0.045181
v 0.369351 8.329941 -0.083746
v 0.217160 8.113236 -0.144248
v 0.315951 8.300589 -0.033894
v 0.254096 8.110925 -0.212672
v 0.217160 8.113236 -0.144248
v 0.369351 8.329941 -0.083746
v -0.000003 8.011612 -0.271593
v -0.000003 8.028049 -0.194208
v 0.254096 8.110925 -0.212672
v -0.000003 8.011612 -0.271593
v -0.217165 8.113236 -0.144248
v -0.000003 8.028049 -0.194208
v -0.254101 8.110925 -0.212672
v -0.217165 8.113236 -0.144248
v -0.000003 8.011612 -0.271593
v -0.369357 8.329941 -0.083746
v -0.217165 8.487941 0.076458
v -0.315957 8.300589 -0.033894
v -0.369357 8.329941 -0.083746
v -0.417863 8.316175 -0.060850
v -0.254101 8.548958 0.045181
v -0.254101 8.110925 -0.212672
v -0.287031 8.068949 -0.206705
v -0.369357 8.329941 -0.083746
v -0.254101 8.110925 -0.212672
v -0.000003 7.956374 -0.273028
v -0.287031 8.068949 -0.206705
v 0.254096 8.110925 -0.212672
v 0.287025 8.068949 -0.206705
v -0.000003 8.011612 -0.271593
v -0.287031 8.564004 0.085175
v -0.000003 8.676580 0.151501
v -0.000003 8.648659 0.103886
v -0.287031 8.564004 0.085175
v -0.449903 8.300027 -0.033074
v -0.309281 8.566648 0.123906
v -0.287031 8.068949 -0.206705
v -0.000003 7.912448 -0.261400
v -0.309281 8.033403 -0.190054
v -0.000003 7.956374 -0.273028
v -0.000003 7.912448 -0.261400
v -0.287031 8.068949 -0.206705
v -0.000003 7.956374 -0.273028
v 0.309276 8.033403 -0.190054
v -0.000003 7.912448 -0.261400
v 0.417857 8.316175 -0.060850
v 0.309276 8.566648 0.123906
v 0.449898 8.300027 -0.033074
v 0.287025 8.564004 0.085175
v 0.309276 8.566648 0.123906
v 0.417857 8.316175 -0.060850
v 0.287025 8.564004 0.085175
v -0.000003 8.687603 0.195253
v 0.309276 8.566648 0.123906
v -0.309281 8.566648 0.123906
v -0.000003 8.687603 0.195253
v -0.000003 8.676580 0.151501
v -0.309281 8.566648 0.123906
v -0.476604 8.275695 0.008397
v -0.327527 8.558256 0.174858
v -0.309281 8.033403 -0.190054
v -0.000003 7.864834 -0.233481
v -0.327527 7.993133 -0.158064
v -0.000003 8.687603 0.195253
v -0.000003 8.686557 0.250273
v 0.309276 8.566648 0.123906
v -0.476604 8.275695 0.008397
v -0.331532 7.932834 -0.063074
v -0.481944 8.218462 0.105249
v -0.327527 7.993133 -0.158064
v -0.331532 7.932834 -0.063074
v -0.476604 8.275695 0.008397
v -0.327527 7.993133 -0.158064
v -0.000003 7.803109 -0.139228
v -0.331532 7.932834 -0.063074
v -0.000003 7.864834 -0.233481
v -0.000003 7.803109 -0.139228
v -0.327527 7.993133 -0.158064
v -0.000003 7.864834 -0.233481
v 0.331527 7.932834 -0.063074
v -0.000003 7.803109 -0.139228
v 0.327521 7.993133 -0.158064
v 0.481939 8.218462 0.105249
v 0.331527 7.932834 -0.063074
v 0.476598 8.275695 0.008397
v 0.331527 8.504091 0.273569
v 0.481939 8.218462 0.105249
v 0.327521 8.558256 0.174858
v -0.000003 8.634032 0.350111
v 0.331527 8.504091 0.273569
v -0.331532 8.504091 0.273569
v -0.000003 8.634032 0.350111
v -0.000003 8.686557 0.250273
v -0.331532 8.504091 0.273569
v -0.331532 8.438892 0.384505
v -0.000003 8.634032 0.350111
v -0.331532 8.504091 0.273569
v -0.481944 8.153263 0.216182
v -0.331532 8.438892 0.384505
v -0.481944 8.218462 0.105249
v -0.331532 7.867634 0.047860
v -0.481944 8.153263 0.216182
v -0.331532 7.932834 -0.063074
v -0.000003 7.737693 -0.028683
v -0.331532 7.867634 0.047860
v -0.000003 7.803109 -0.139228
v 0.331527 7.867634 0.047860
v -0.000003 7.737693 -0.028683
v 0.331527 7.932834 -0.063074
v 0.331527 7.867634 0.047860
v -0.000003 7.803109 -0.139228
v 0.481939 8.218462 0.105249
v 0.481939 8.153263 0.216182
v 0.331527 7.932834 -0.063074
v 0.331527 8.504091 0.273569
v 0.331527 8.438892 0.384505
v 0.481939 8.218462 0.105249
v -0.000003 8.634032 0.350111
v -0.000003 8.568832 0.461045
v 0.331527 8.504091 0.273569
v -0.331532 8.438892 0.384505
v -0.327527 8.378592 0.479494
v -0.000003 8.568832 0.461045
v -0.331532 7.867634 0.047860
v -0.000003 7.685169 0.071154
v -0.327527 7.813685 0.146961
v -0.000003 7.737693 -0.028683
v -0.000003 7.685169 0.071154
v -0.331532 7.867634 0.047860
v 0.481939 8.153263 0.216182
v 0.327521 8.378592 0.479494
v 0.476598 8.096030 0.313033
v 0.331527 8.438892 0.384505
v 0.327521 8.378592 0.479494
v 0.481939 8.153263 0.216182
v -0.327527 8.378592 0.479494
v -0.000003 8.507108 0.555299
v -0.000003 8.568832 0.461045
v -0.327527 8.378592 0.479494
v -0.449903 8.071700 0.354503
v -0.309281 8.338320 0.511484
v -0.476604 8.096030 0.313033
v -0.449903 8.071700 0.354503
v -0.327527 8.378592 0.479494
v -0.476604 8.096030 0.313033
v -0.309281 7.805077 0.197523
v -0.449903 8.071700 0.354503
v -0.327527 7.813685 0.146961
v -0.000003 7.683734 0.126393
v -0.309281 7.805077 0.197523
v -0.000003 7.685169 0.071154
v -0.000003 7.683734 0.126393
v -0.327527 7.813685 0.146961
v 0.327521 7.813685 0.146961
v 0.309276 7.805077 0.197523
v -0.000003 7.685169 0.071154
v 0.476598 8.096030 0.313033
v 0.309276 8.338320 0.511484
v 0.449898 8.071700 0.354503
v 0.327521 8.378592 0.479494
v 0.309276 8.338320 0.511484
v 0.476598 8.096030 0.313033
v 0.327521 8.378592 0.479494
v -0.000003 8.459493 0.583219
v 0.309276 8.338320 0.511484
v -0.000003 8.507108 0.555299
v -0.000003 8.459493 0.583219
v 0.327521 8.378592 0.479494
v -0.309281 8.338320 0.511484
v -0.287031 8.302775 0.528133
v -0.000003 8.459493 0.583219
v -0.309281 8.338320 0.511484
v -0.417863 8.055162 0.382495
v -0.287031 8.302775 0.528133
v -0.449903 8.071700 0.354503
v -0.287031 7.807937 0.236643
v -0.417863 8.055162 0.382495
v -0.309281 7.805077 0.197523
v -0.287031 7.807937 0.236643
v -0.449903 8.071700 0.354503
v -0.309281 7.805077 0.197523
v -0.000003 7.695361 0.170317
v -0.287031 7.807937 0.236643
v 0.309276 7.805077 0.197523
v 0.287025 7.807937 0.236643
v -0.000003 7.683734 0.126393
v 0.449898 8.071700 0.354503
v 0.417857 8.055162 0.382495
v 0.309276 7.805077 0.197523
v 0.309276 8.338320 0.511484
v -0.000003 8.415351 0.594457
v 0.287025 8.302775 0.528133
v -0.000003 8.459493 0.583219
v -0.000003 8.415351 0.594457
v 0.309276 8.338320 0.511484
v -0.287031 8.302775 0.528133
v -0.000003 8.415351 0.594457
v -0.000003 8.459493 0.583219
v -0.287031 8.302775 0.528133
v -0.254101 8.260627 0.534706
v -0.000003 8.415351 0.594457
v -0.417863 8.055162 0.382495
v -0.254101 7.822767 0.276249
v -0.369357 8.042000 0.405564
v -0.287031 7.807937 0.236643
v -0.254101 7.822767 0.276249
v -0.417863 8.055162 0.382495
v -0.000003 7.695361 0.170317
v -0.000003 7.723281 0.217933
v -0.287031 7.807937 0.236643
v -0.000003 7.695361 0.170317
v 0.254096 7.822767 0.276249
v -0.000003 7.723281 0.217933
v 0.287025 7.807937 0.236643
v 0.254096 7.822767 0.276249
v -0.000003 7.695361 0.170317
v 0.417857 8.055162 0.382495
v 0.369351 8.042000 0.405564
v 0.287025 7.807937 0.236643
v 0.417857 8.055162 0.382495
v 0.254096 8.260627 0.534706
v 0.369351 8.042000 0.405564
v 0.287025 8.302775 0.528133
v 0.254096 8.260627 0.534706
v 0.417857 8.055162 0.382495
v -0.000003 8.415351 0.594457
v -0.000003 8.360114 0.593023
v 0.287025 8.302775 0.528133
v -0.254101 8.260627 0.534706
v -0.165545 8.181828 0.494434
v -0.000003 8.360114 0.593023
v -0.254101 8.260627 0.534706
v -0.240751 8.039013 0.410272
v -0.165545 8.181828 0.494434
v -0.369357 8.042000 0.405564
v -0.240751 8.039013 0.410272
v -0.254101 8.260627 0.534706
v -0.369357 8.042000 0.405564
v -0.165545 7.896198 0.326111
v -0.240751 8.039013 0.410272
v -0.254101 7.822767 0.276249
v -0.165545 7.896198 0.326111
v -0.369357 8.042000 0.405564
v -0.000003 7.723281 0.217933
v -0.000003 7.831228 0.287841
v -0.254101 7.822767 0.276249
v -0.000003 8.360114 0.593023
v -0.000003 8.246798 0.532705
v 0.254096 8.260627 0.534706
v -0.240751 8.039013 0.410272
v -0.000003 8.039013 0.410272
v -0.165545 8.181828 0.494434
v -0.165545 7.896198 0.326111
v -0.000003 8.039013 0.410272
v -0.240751 8.039013 0.410272
v -0.000003 7.831228 0.287841
v -0.000003 8.039013 0.410272
v -0.165545 7.896198 0.326111
v 0.240745 8.039013 0.410272
v -0.000003 8.039013 0.410272
v 0.165540 7.896198 0.326111
v 0.165540 8.181828 0.494434
v -0.000003 8.039013 0.410272
v 0.240745 8.039013 0.410272
v 0.165540 8.181828 0.494434
v -0.000003 8.246798 0.532705
v -0.000003 8.039013 0.410272
v 0.254096 8.110925 -0.212672
v -0.000003 8.028049 -0.194208
v 0.217160 8.113236 -0.144248
v -0.254101 8.110925 -0.212672
v -0.315957 8.300589 -0.033894
v -0.217165 8.113236 -0.144248
v -0.369357 8.329941 -0.083746
v -0.315957 8.300589 -0.033894
v -0.254101 8.110925 -0.212672
v -0.254101 8.548958 0.045181
v -0.217165 8.487941 0.076458
v -0.369357 8.329941 -0.083746
v -0.254101 8.548958 0.045181
v -0.000003 8.572954 0.127024
v -0.217165 8.487941 0.076458
v -0.000003 8.648659 0.103886
v -0.000003 8.572954 0.127024
v -0.254101 8.548958 0.045181
v -0.000003 8.648659 0.103886
v 0.217160 8.487941 0.076458
v -0.000003 8.572954 0.127024
v -0.114815 8.388132 0.174523
v 0.117924 8.065356 -0.019510
v 0.117924 7.965266 0.146890
v -0.114815 8.288042 0.340921
v -0.114815 8.388132 0.174523
v 0.117924 7.965266 0.146890
v 1.067120 9.180565 0.189628
v -0.114815 8.388132 0.174523
v -0.114815 8.288042 0.340921
v 1.067120 9.097401 0.327818
v 1.067120 9.180565 0.189628
v -0.114815 8.288042 0.340921
v 1.260253 8.912779 0.028714
v 1.067120 9.180565 0.189628
v 1.067120 9.097401 0.327818
v 1.260253 8.829617 0.166904
v 1.260253 8.912779 0.028714
v 1.067120 9.097401 0.327818
v 0.117924 7.965266 0.146890
v 0.117924 8.065356 -0.019510
v 1.260253 8.829617 0.166904
v 1.067120 9.180565 0.189628
v 1.260253 8.912779 0.028714
v 0.117924 8.065356 -0.019510
v -0.114815 8.388132 0.174523
v 1.067120 9.180565 0.189628
v 0.117924 8.065356 -0.019510
v 0.117924 8.065356 -0.019510
v 1.260253 8.912779 0.028714
v 1.260253 8.829617 0.166904
v -0.114815 8.288042 0.340921
v 0.117924 7.965266 0.146890
v 1.260253 8.829617 0.166904
v 1.067120 9.097401 0.327818
v -0.114815 8.288042 0.340921
v 1.260253 8.829617 0.166904
vn 0.0476 -0.5144 0.8562
vn 0.0451 -0.5283 0.8478
vn 0.6860 -0.5810 0.4380
vn -0.6945 -0.3704 0.6168
vn -0.6444 -0.1523 0.7494
vn -1.0000 0.0003 -0.0005
vn -0.9300 0.3156 0.1886
vn -0.6942 0.3705 -0.6171
vn -1.0000 0.0004 -0.0005
vn -0.6438 0.5907 -0.4864
vn 0.7391 0.3469 -0.5774
vn 0.0447 0.5008 -0.8644
vn 0.0475 0.5143 -0.8563
vn 0.6858 0.1143 -0.7188
vn 0.0447 -0.5007 0.8645
vn 0.7394 -0.3467 0.5771
vn 0.6858 -0.1143 0.7188
vn 0.0447 -0.5007 0.8644
vn -0.9300 -0.3155 -0.1885
vn -0.6946 -0.3704 0.6167
vn -0.6438 -0.5906 0.4865
vn 0.6858 0.5809 -0.4384
vn 0.0476 0.5144 -0.8563
vn 0.0447 0.5282 -0.8479
vn 0.9290 0.3173 0.1907
vn 0.5306 0.0868 0.8432
vn 0.9289 0.3174 0.1908
vn 0.7204 0.5947 0.3569
vn 0.0365 -0.4870 0.8726
vn -0.4967 -0.7817 0.3771
vn -0.7231 -0.5919 -0.3561
vn -0.6439 -0.5907 0.4864
vn -0.4969 -0.0342 -0.8671
vn -0.9300 -0.3155 -0.1886
vn -0.4969 -0.0343 -0.8671
vn -0.6444 0.1523 -0.7494
vn 0.0360 0.5418 -0.8397
vn -0.6443 0.1524 -0.7494
vn 0.0360 0.5417 -0.8398
vn 0.5305 0.7851 -0.3196
vn 0.0447 0.5283 -0.8479
vn 0.5306 0.7851 -0.3196
vn 0.3953 0.7874 0.4730
vn 0.0212 -0.4756 0.8794
vn -0.2709 -0.9132 0.3044
vn 0.0365 -0.4871 0.8726
vn -0.2708 -0.1603 -0.9492
vn -0.3982 -0.7865 -0.4720
vn -0.7230 -0.5920 -0.3561
vn 0.2902 0.9267 -0.2386
vn 0.0360 0.5418 -0.8398
vn 0.0212 0.5529 -0.8330
vn -0.0000 -0.4713 0.8820
vn 0.2904 0.2249 0.9301
vn -0.0000 -0.9605 0.2783
vn -0.0000 -0.4714 0.8819
vn -0.0000 -0.2051 -0.9787
vn -0.3982 -0.7866 -0.4720
vn -0.0000 -0.8573 -0.5148
vn -0.0000 0.5573 -0.8303
vn -0.2708 -0.1602 -0.9492
vn 0.0212 0.5528 -0.8330
vn 0.0001 0.9779 -0.2089
vn 0.0211 0.5529 -0.8330
vn -0.0000 0.5574 -0.8303
vn 0.0001 0.9780 -0.2088
vn -0.0000 0.8570 0.5152
vn 0.2903 0.9267 -0.2385
vn -0.2903 0.2249 0.9301
vn -0.0000 0.2747 0.9615
vn -0.0000 0.8570 0.5153
vn -0.0214 -0.4756 0.8794
vn -0.2903 0.2248 0.9302
vn 0.2708 -0.9132 0.3044
vn -0.0214 -0.4757 0.8794
vn 0.3980 -0.7866 -0.4720
vn 0.0001 -0.8573 -0.5147
vn 0.2710 -0.1604 -0.9491
vn 0.0001 -0.8573 -0.5148
vn -0.0212 0.5529 -0.8330
vn -0.0000 -0.2050 -0.9788
vn 0.2709 -0.1604 -0.9491
vn -0.0211 0.5529 -0.8330
vn -0.2903 0.9267 -0.2386
vn -0.3952 0.7874 0.4731
vn -0.7205 0.5946 0.3568
vn -0.3952 0.7874 0.4730
vn -0.2904 0.9267 -0.2386
vn -0.5306 0.0867 0.8432
vn -0.7204 0.5947 0.3568
vn -0.0364 -0.4870 0.8727
vn 0.4966 -0.7817 0.3772
vn 0.7233 -0.5918 -0.3559
vn 0.2708 -0.9133 0.3043
vn 0.4967 -0.7817 0.3772
vn 0.4969 -0.0343 -0.8671
vn -0.0362 0.5417 -0.8398
vn 0.2709 -0.1604 -0.9492
vn 0.4968 -0.0343 -0.8672
vn -0.9289 0.3175 0.1908
vn -0.5305 0.7851 -0.3196
vn -0.6857 -0.1142 0.7188
vn -0.6858 -0.1142 0.7188
vn -0.5306 0.0867 0.8431
vn -0.0446 -0.5007 0.8645
vn -0.6857 -0.1142 0.7189
vn 0.6437 -0.5906 0.4866
vn -0.0364 -0.4870 0.8726
vn 0.6438 -0.5906 0.4866
vn 0.9299 -0.3157 -0.1889
vn 0.6443 0.1521 -0.7495
vn 0.7233 -0.5917 -0.3560
vn -0.0446 0.5283 -0.8479
vn -0.0362 0.5418 -0.8398
vn 0.4969 -0.0342 -0.8671
vn -0.6858 0.5809 -0.4384
vn -0.0447 0.5283 -0.8479
vn -0.6858 0.5809 -0.4385
vn -0.5305 0.7851 -0.3197
vn -0.0362 0.5418 -0.8397
vn -0.6858 0.5810 -0.4384
vn -0.7395 -0.3467 0.5770
vn -1.0000 0.0002 -0.0005
vn 0.6946 -0.3706 0.6166
vn 1.0000 0.0005 -0.0005
vn -0.7391 0.3469 -0.5773
vn -0.9290 -0.3172 -0.1907
vn -1.0000 0.0002 -0.0006
vn -0.6861 -0.5809 0.4379
vn -0.9290 -0.3172 -0.1906
vn -0.6861 -0.5810 0.4379
vn -0.7395 -0.3468 0.5770
vn -0.0450 -0.5284 0.8478
vn -0.7394 -0.3467 0.5771
vn -0.6861 -0.5810 0.4380
vn -0.0476 -0.5144 0.8562
vn 0.6443 -0.1521 0.7495
vn -0.0475 -0.5144 0.8562
vn 0.9299 0.3156 0.1890
vn 1.0000 0.0005 -0.0004
vn 0.6438 0.5905 -0.4866
vn 0.9299 0.3156 0.1889
vn -0.0446 0.5007 -0.8645
vn 0.6942 0.3708 -0.6169
vn 0.6438 0.5905 -0.4867
vn -0.0475 0.5144 -0.8562
vn 0.6942 0.3709 -0.6169
vn -0.6858 0.1143 -0.7188
vn -0.0476 0.5144 -0.8562
vn -0.0447 0.5008 -0.8644
vn -0.6857 0.1143 -0.7188
vn -0.7391 0.3469 -0.5774
vn -0.7203 -0.5944 -0.3576
vn 0.4970 0.0342 0.8671
vn 0.7235 0.5915 0.3560
vn 0.4971 0.0343 0.8670
vn -0.0370 0.4868 -0.8727
vn 0.6437 0.5905 -0.4867
vn 0.4969 0.7816 -0.3771
vn -0.0446 0.5007 -0.8644
vn 0.6437 0.5906 -0.4866
vn -0.5308 -0.0865 -0.8431
vn -0.0447 0.5007 -0.8645
vn -0.0371 0.4868 -0.8727
vn -0.5307 -0.0865 -0.8431
vn -0.2903 -0.9267 0.2387
vn -0.5306 -0.7852 0.3193
vn -0.0212 -0.5529 0.8329
vn -0.0364 -0.5419 0.8397
vn -0.5306 -0.7852 0.3194
vn 0.2711 0.1612 0.9490
vn 0.4970 0.0343 0.8671
vn -0.0364 -0.5418 0.8397
vn 0.3978 0.7870 0.4716
vn 0.7234 0.5915 0.3560
vn 0.4970 0.0343 0.8670
vn 0.2710 0.9133 -0.3039
vn 0.4969 0.7817 -0.3770
vn 0.7234 0.5916 0.3560
vn -0.0207 0.4763 -0.8790
vn 0.4968 0.7817 -0.3770
vn -0.2904 -0.2250 -0.9301
vn -0.0371 0.4867 -0.8728
vn -0.0000 -0.9778 0.2095
vn -0.3954 -0.7879 -0.4722
vn 0.0002 -0.8569 -0.5155
vn -0.3954 -0.7878 -0.4722
vn -0.0001 -0.5574 0.8303
vn -0.2903 -0.9267 0.2388
vn 0.0002 0.2052 0.9787
vn -0.0212 -0.5529 0.8330
vn -0.0000 -0.5574 0.8303
vn -0.0000 0.9606 -0.2780
vn 0.0002 0.8573 0.5148
vn -0.0000 0.9606 -0.2781
vn 0.2711 0.9133 -0.3039
vn 0.0001 -0.2743 -0.9616
vn -0.2904 -0.2251 -0.9301
vn -0.0208 0.4763 -0.8790
vn 0.0001 -0.2744 -0.9616
vn 0.0002 -0.8568 -0.5156
vn 0.2902 -0.9268 0.2386
vn 0.0211 -0.5529 0.8330
vn 0.2902 -0.9267 0.2387
vn -0.2712 0.1610 0.9490
vn 0.0212 -0.5528 0.8330
vn -0.2710 0.9134 -0.3039
vn 0.0001 0.8573 0.5148
vn -0.3982 0.7868 0.4715
vn 0.0211 0.4765 -0.8789
vn -0.2710 0.9133 -0.3039
vn -0.0003 0.4706 -0.8823
vn 0.2903 -0.2252 -0.9301
vn 0.2903 -0.2253 -0.9301
vn 0.3951 -0.7879 -0.4724
vn 0.7204 -0.5943 -0.3575
vn 0.5306 -0.7851 0.3193
vn 0.2903 -0.9267 0.2386
vn 0.3951 -0.7879 -0.4723
vn 0.0363 -0.5419 0.8397
vn 0.5306 -0.7852 0.3193
vn -0.4969 0.0342 0.8672
vn 0.0362 -0.5419 0.8397
vn -0.7231 0.5919 0.3560
vn -0.2712 0.1610 0.9489
vn -0.4969 0.0343 0.8671
vn 0.0369 0.4866 -0.8729
vn -0.4969 0.7817 -0.3769
vn 0.0369 0.4865 -0.8729
vn 0.5307 -0.0865 -0.8432
vn 0.0212 0.4765 -0.8789
vn 0.5307 -0.0864 -0.8431
vn 0.2903 -0.2253 -0.9300
vn 0.0451 -0.5283 0.8479
vn -0.4969 0.0342 0.8671
vn -0.9300 0.3156 0.1887
vn -0.6444 -0.1522 0.7494
vn -0.7232 0.5919 0.3560
vn -0.6439 0.5906 -0.4864
vn -0.7232 0.5919 0.3559
vn -0.4970 0.7817 -0.3768
vn 1.0000 0.0003 -0.0005
vn 0.9290 -0.3172 -0.1908
vn 0.6858 0.1143 -0.7187
vn 0.9290 -0.3172 -0.1907
vn 0.7395 -0.3467 0.5771
vn 0.6861 -0.5809 0.4380
vn -0.6438 0.5907 -0.4865
vn 0.0475 0.5144 -0.8563
vn 0.0447 0.5009 -0.8644
vn -0.6438 0.5906 -0.4865
vn 0.9289 0.3173 0.1907
vn 0.6858 -0.1143 0.7187
vn 0.7395 -0.3466 0.5771
vn 1.0000 0.0003 -0.0004
vn 0.6858 -0.1142 0.7187
vn -0.6438 -0.5907 0.4865
vn -0.6945 -0.3705 0.6168
vn -0.6946 -0.3704 0.6168
vn -0.6444 0.1524 -0.7494
vn -1.0000 0.0004 -0.0006
vn -1.0000 0.0003 -0.0006
vn 0.0446 0.5283 -0.8479
vn 0.6858 0.5810 -0.4384
vn 0.0476 0.5143 -0.8563
vn 0.9289 0.3174 0.1907
vn 0.5306 0.0869 0.8432
vn 0.6858 -0.1142 0.7188
vn -0.4967 -0.7817 0.3772
vn -0.6438 -0.5907 0.4864
vn -0.9300 -0.3156 -0.1885
vn 0.3952 0.7874 0.4731
vn -0.3983 -0.7866 -0.4719
vn -0.2709 -0.9132 0.3043
vn -0.3982 -0.7866 -0.4719
vn -0.4968 -0.7817 0.3771
vn -0.4969 -0.0342 -0.8672
vn -0.2709 -0.1602 -0.9492
vn -0.4968 -0.0342 -0.8672
vn 0.3952 0.7874 0.4730
vn 0.2902 0.9268 -0.2385
vn 0.3953 0.7874 0.4731
vn 0.2904 0.2248 0.9301
vn -0.3951 0.7874 0.4731
vn -0.0213 -0.4756 0.8794
vn 0.0001 -0.4714 0.8819
vn -0.2903 0.9267 -0.2387
vn -0.0211 0.5530 -0.8329
vn -0.0000 0.5574 -0.8302
vn -0.5307 0.0867 0.8431
vn -0.2903 0.2248 0.9301
vn 0.3981 -0.7866 -0.4720
vn 0.3980 -0.7866 -0.4721
vn 0.2710 -0.1603 -0.9491
vn -0.0212 0.5530 -0.8329
vn -0.2904 0.9267 -0.2387
vn -0.0365 -0.4870 0.8726
vn 0.4969 -0.0343 -0.8672
vn -0.9289 0.3174 0.1908
vn -0.7395 -0.3467 0.5771
vn 0.6946 -0.3707 0.6166
vn 0.6943 0.3708 -0.6168
vn -0.5306 -0.7851 0.3193
vn -0.0365 -0.5419 0.8397
vn -0.6860 -0.5810 0.4380
vn -0.5306 -0.7851 0.3194
vn -0.6860 -0.5810 0.4379
vn 0.4969 0.7817 -0.3769
vn 0.7235 0.5916 0.3559
vn 0.6438 0.5906 -0.4866
vn -0.5308 -0.0866 -0.8431
vn -0.7203 -0.5944 -0.3577
vn -0.5307 -0.0866 -0.8431
vn -0.0212 -0.5530 0.8329
vn -0.0365 -0.5418 0.8397
vn 0.3979 0.7869 0.4716
vn 0.4968 0.7816 -0.3771
vn -0.0370 0.4867 -0.8728
vn -0.2905 -0.2250 -0.9301
vn 0.0001 0.8573 0.5149
vn -0.0208 0.4763 -0.8791
vn -0.0003 0.4706 -0.8824
vn 0.2902 -0.9267 0.2386
vn 0.0001 0.2052 0.9787
vn -0.0000 -0.5573 0.8303
vn -0.3982 0.7868 0.4716
vn -0.0001 0.9606 -0.2781
vn 0.0212 -0.5529 0.8330
vn -0.4970 0.7817 -0.3769
vn -0.3981 0.7868 0.4715
vn 0.6861 -0.5810 0.4380
vn 0.5307 -0.7851 0.3193
vn 0.0451 -0.5284 0.8478
vn -0.4970 0.7816 -0.3769
vn 0.6858 0.1142 -0.7188
vn 0.5307 -0.0864 -0.8432
vn 0.1091 -0.9761 0.1879
vn 0.2198 -0.4780 -0.8504
vn 0.7121 -0.1463 0.6867
vn -0.1314 0.9734 -0.1877
vn -0.7202 0.1644 -0.6740
vn -0.8664 -0.3738 0.3311
vn -0.2468 0.4785 0.8427
vn -0.1315 0.9734 -0.1878
vn -0.8664 -0.3738 0.3312
vn 0.8574 0.4002 -0.3236
vn -0.2468 0.4784 0.8427
vn 0.7121 -0.1462 0.6866
vn -0.2469 0.4785 0.8427
vn 0.1091 -0.9761 0.1880
vn 0.7121 -0.1461 0.6867
vn -0.2468 0.4786 0.8427
vn 0.8574 0.4001 -0.3235
vn 0.7121 -0.1462 0.6867
vn -0.7202 0.1644 -0.6741
vn -0.7202 0.1645 -0.6740
vn -0.1313 0.9734 -0.1877
vn 0.8574 0.4002 -0.3235
vn 0.2198 -0.4781 -0.8504
vn 0.8575 0.4001 -0.3236
vn 0.5583 -0.0876 -0.8250
vn 0.6007 0.7947 -0.0866
vn 0.5688 0.0750 0.8191
vn -0.5827 -0.8097 0.0689
vn -0.5541 -0.0905 -0.8275
vn 0.5880 -0.8057 0.0716
vn -0.6054 0.7909 -0.0887
vn -0.5541 -0.0904 -0.8275
vn -0.5827 -0.8098 0.0689
vn -0.5722 0.0713 0.8170
vn -0.6054 0.7910 -0.0887
vn -0.5827 -0.8098 0.0688
vn 0.6008 0.7947 -0.0865
vn 0.5584 -0.0877 -0.8250
vn -0.6054 0.7909 -0.0886
vn 0.6008 0.7947 -0.0866
vn -0.6055 0.7909 -0.0886
vn 0.5688 0.0750 0.8190
vn -0.5721 0.0713 0.8170
vn 0.5880 -0.8057 0.0715
vn 0.5583 -0.0877 -0.8250
vn 0.5688 0.0749 0.8191
vn 0.5584 -0.0878 -0.8249
vn -0.5826 -0.8098 0.0688
vn -0.6055 0.7909 -0.0887
vn -0.2439 0.4914 -0.8361
vn 0.3510 0.4749 -0.8070
vn -0.1715 0.6401 -0.7489
vn -0.1711 0.3449 -0.9229
vn 0.2362 0.6823 -0.6919
vn -0.0007 0.2806 -0.9598
vn -0.2364 0.6819 -0.6922
vn 0.0004 0.7785 -0.6276
vn 0.2442 0.4916 -0.8359
vn -0.3512 0.4754 -0.8066
vn 0.1715 0.3456 -0.9226
vn -0.2365 0.2746 -0.9320
vn -0.3513 0.4754 -0.8066
vn -0.0000 0.5073 -0.8618
vn 0.0003 0.7042 -0.7100
vn 0.1717 0.6402 -0.7488
vn -0.1714 0.6401 -0.7489
vn -0.2438 0.4914 -0.8361
vn -0.0000 0.5074 -0.8617
vn -0.1711 0.3450 -0.9229
vn -0.0007 0.2807 -0.9598
vn 0.2441 0.4916 -0.8359
vn 0.1714 0.3456 -0.9226
vn 0.2366 0.2753 -0.9318
vn -0.0003 0.1722 -0.9851
vn 0.2366 0.2752 -0.9318
vn 0.0003 0.7043 -0.7099
vn 0.2367 0.2753 -0.9318
vn 0.2363 0.6823 -0.6919
vn -0.2363 0.6819 -0.6922
vn -0.3512 0.4753 -0.8067
vn 0.1718 0.6402 -0.7487
vn 0.1717 0.6403 -0.7487
vn -0.0004 0.1722 -0.9851
vn 0.0004 0.7043 -0.7099
vn 0.0106 0.4983 -0.8669
vn -0.4460 0.7786 -0.4415
vn -0.0001 0.5156 -0.8568
vn 0.0106 0.4983 -0.8670
vn -0.6245 0.3957 -0.6733
vn -0.0071 0.5077 -0.8615
vn -0.4459 0.0093 -0.8951
vn -0.6245 0.3957 -0.6734
vn -0.0001 0.5008 -0.8655
vn -0.0003 -0.1450 -0.9894
vn 0.0117 0.5183 -0.8551
vn -0.0001 0.5008 -0.8656
vn 0.4461 0.0094 -0.8949
vn -0.0120 0.5183 -0.8551
vn 0.6244 0.3957 -0.6735
vn 0.0073 0.5083 -0.8612
vn 0.4457 0.7788 -0.4414
vn -0.0099 0.4981 -0.8671
vn 0.0003 0.9361 -0.3519
vn -0.0001 0.5155 -0.8569
vn 0.0003 0.9360 -0.3519
vn -0.4460 0.7786 -0.4414
vn -0.5774 0.7901 -0.2059
vn 0.0003 0.9361 -0.3518
vn -0.8114 0.2967 -0.5037
vn -0.6245 0.3956 -0.6734
vn -0.5776 -0.2044 -0.7903
vn -0.8114 0.2966 -0.5037
vn -0.4459 0.0093 -0.8950
vn 0.5777 -0.2044 -0.7903
vn -0.0002 -0.1451 -0.9894
vn 0.4462 0.0094 -0.8949
vn 0.8114 0.2966 -0.5037
vn 0.5778 -0.2043 -0.7902
vn 0.6244 0.3956 -0.6735
vn 0.0004 0.9361 -0.3518
vn -0.0000 0.9956 -0.0935
vn -0.5774 0.7900 -0.2059
vn -0.6829 0.7194 0.1266
vn -0.0000 0.9956 -0.0934
vn -0.8113 0.2967 -0.5037
vn -0.9658 0.1319 -0.2230
vn -0.5775 0.7900 -0.2059
vn -0.6830 -0.4589 -0.5683
vn -0.6829 -0.4589 -0.5684
vn -0.8113 0.2966 -0.5037
vn -0.0001 -0.4034 -0.9150
vn -0.0001 -0.7003 -0.7138
vn -0.5776 -0.2045 -0.7903
vn 0.6831 -0.4588 -0.5682
vn 0.6831 -0.4587 -0.5682
vn 0.5778 -0.2044 -0.7902
vn 0.9658 0.1317 -0.2232
vn 0.6832 -0.4587 -0.5682
vn 0.8114 0.2965 -0.5037
vn 0.6830 0.7194 0.1265
vn 0.5774 0.7900 -0.2061
vn 0.5774 0.7901 -0.2060
vn -0.0002 0.9645 0.2641
vn -0.6829 0.7194 0.1267
vn -0.7075 0.6206 0.3381
vn -0.6830 0.7194 0.1267
vn -0.9997 0.0119 -0.0205
vn -0.7076 0.6205 0.3381
vn -0.9659 0.1319 -0.2230
vn -0.9997 0.0119 -0.0204
vn -0.6830 0.7194 0.1266
vn 0.7070 -0.5969 -0.3792
vn 0.9997 0.0116 -0.0206
vn 0.6832 -0.4588 -0.5682
vn 0.7075 0.6204 0.3383
vn -0.0000 0.8737 0.4865
vn -0.9997 -0.0120 0.0205
vn -0.7075 0.6205 0.3381
vn -0.7071 -0.5968 -0.3793
vn -0.7075 -0.6211 -0.3372
vn -0.9997 0.0118 -0.0205
vn -0.0000 -0.8489 -0.5285
vn 0.0002 -0.8731 -0.4875
vn -0.7070 -0.5969 -0.3793
vn 0.7071 -0.5968 -0.3792
vn 0.9997 -0.0116 0.0206
vn 0.7071 -0.6212 -0.3377
vn 0.7074 0.5966 0.3790
vn 0.7075 0.6205 0.3383
vn -0.0001 0.8496 0.5274
vn -0.7072 0.5968 0.3791
vn -0.0001 0.8737 0.4865
vn -0.7073 0.5967 0.3790
vn -0.9659 -0.1320 0.2229
vn -0.6833 0.4586 0.5681
vn -0.7073 0.5967 0.3791
vn -0.6838 -0.7187 -0.1262
vn -0.7075 -0.6211 -0.3373
vn 0.0003 -0.8731 -0.4875
vn 0.6835 -0.7190 -0.1262
vn 0.0001 -0.9637 -0.2670
vn 0.7071 -0.6213 -0.3377
vn 0.9659 -0.1317 0.2231
vn 0.6835 -0.7189 -0.1262
vn 0.9997 -0.0117 0.0206
vn 0.9658 -0.1317 0.2231
vn 0.7071 -0.6212 -0.3376
vn -0.0001 0.7003 0.7139
vn 0.6835 0.4585 0.5680
vn -0.0000 0.8496 0.5274
vn -0.5780 0.2042 0.7901
vn -0.0001 0.7002 0.7139
vn -0.6838 -0.7187 -0.1261
vn -0.5773 -0.7904 0.2049
vn 0.0001 -0.9637 -0.2669
vn 0.5773 -0.7904 0.2047
vn -0.0000 -0.9955 0.0944
vn 0.6835 -0.7189 -0.1261
vn 0.8128 -0.2953 0.5022
vn 0.5774 -0.7904 0.2047
vn -0.0000 0.3999 0.9166
vn -0.8127 -0.2956 0.5022
vn -0.6264 -0.3961 0.6713
vn -0.0001 -0.9955 0.0944
vn -0.0002 -0.9336 0.3582
vn -0.5772 -0.7904 0.2049
vn 0.4457 -0.7781 0.4427
vn -0.0001 -0.9336 0.3582
vn 0.6265 -0.3959 0.6714
vn 0.4458 -0.7780 0.4427
vn 0.4482 -0.0058 0.8939
vn 0.6264 -0.3959 0.6715
vn 0.5780 0.2040 0.7902
vn -0.4483 -0.0064 0.8939
vn -0.3240 -0.4792 0.8157
vn -0.2330 -0.2792 0.9315
vn -0.6264 -0.3961 0.6714
vn -0.4461 -0.7780 0.4424
vn -0.0000 -0.7618 0.6478
vn -0.2305 -0.6788 0.6972
vn 0.4457 -0.7780 0.4427
vn 0.3238 -0.4804 0.8151
vn 0.2311 -0.6786 0.6972
vn 0.4481 -0.0058 0.8939
vn 0.0004 -0.1979 0.9802
vn 0.2322 -0.2786 0.9319
vn 0.0004 0.1400 0.9902
vn -0.2305 -0.6787 0.6973
vn -0.0003 -0.5307 0.8475
vn -0.0196 -0.5245 0.8512
vn -0.0000 -0.7617 0.6479
vn 0.0198 -0.5242 0.8514
vn 0.2310 -0.6785 0.6973
vn 0.2311 -0.6785 0.6973
vn 0.0276 -0.5076 0.8611
vn 0.3237 -0.4804 0.8151
vn 0.0187 -0.4917 0.8705
vn 0.2322 -0.2787 0.9319
vn 0.2321 -0.2787 0.9319
vn -0.0003 -0.4839 0.8751
vn 0.0187 -0.4917 0.8706
vn -0.0183 -0.4914 0.8708
vn 0.0004 -0.1980 0.9802
vn 0.0001 -0.5077 0.8616
vn -0.0099 0.4981 -0.8670
vn -0.3512 0.4754 -0.8067
vn 0.0074 0.5083 -0.8612
vn -0.2363 0.6818 -0.6923
vn 0.0004 0.7785 -0.6277
vn 0.0116 0.5182 -0.8552
vn -0.0002 0.5008 -0.8656
vn -0.0072 0.5077 -0.8615
vn -0.4458 0.0093 -0.8951
vn -0.4458 0.0092 -0.8951
vn -0.0001 -0.4033 -0.9151
vn -0.0003 -0.1451 -0.9894
vn 0.5777 -0.2044 -0.7902
vn 0.6244 0.3957 -0.6734
vn 0.4458 0.7788 -0.4414
vn 0.4457 0.7788 -0.4413
vn 0.5773 0.7901 -0.2060
vn -0.0001 0.9956 -0.0935
vn -0.0001 -0.7003 -0.7139
vn 0.0001 0.9956 -0.0935
vn -0.9659 0.1319 -0.2229
vn -0.7070 -0.5968 -0.3793
vn -0.6829 -0.4589 -0.5683
vn -0.7070 -0.5969 -0.3794
vn 0.7070 -0.5969 -0.3793
vn 0.0001 -0.8489 -0.5285
vn 0.9997 0.0117 -0.0206
vn -0.7075 0.6206 0.3382
vn -0.0001 0.8737 0.4864
vn -0.7075 0.6205 0.3382
vn 0.7071 -0.5969 -0.3792
vn -0.6833 0.4587 0.5681
vn -0.7074 -0.6211 -0.3373
vn -0.6837 -0.7187 -0.1262
vn 0.6836 0.4585 0.5679
vn 0.9658 -0.1317 0.2232
vn 0.7074 0.5965 0.3790
vn 0.9997 -0.0116 0.0207
vn -0.6833 0.4586 0.5682
vn -0.5781 0.2042 0.7900
vn -0.8127 -0.2956 0.5021
vn -0.6837 -0.7187 -0.1261
vn -0.0000 -0.9637 -0.2670
vn -0.6837 -0.7188 -0.1262
vn 0.5773 -0.7904 0.2046
vn 0.6835 0.4584 0.5680
vn 0.5780 0.2040 0.7901
vn 0.0001 0.4000 0.9165
vn 0.5779 0.2040 0.7902
vn -0.4483 -0.0063 0.8939
vn -0.0000 0.3999 0.9165
vn -0.6264 -0.3962 0.6713
vn -0.5773 -0.7904 0.2050
vn -0.4462 -0.7780 0.4424
vn -0.4461 -0.7781 0.4423
vn 0.8128 -0.2954 0.5022
vn 0.0005 0.1400 0.9902
vn 0.0004 0.1400 0.9901
vn -0.4482 -0.0063 0.8939
vn -0.2306 -0.6787 0.6972
vn -0.3240 -0.4793 0.8157
vn -0.2306 -0.6787 0.6973
vn -0.0001 -0.9336 0.3583
vn 0.4457 -0.7780 0.4428
vn 0.0005 -0.1979 0.9802
vn -0.2329 -0.2793 0.9315
vn 0.0005 -0.1980 0.9802
vn -0.2330 -0.2793 0.9315
vn -0.0274 -0.5078 0.8610
vn -0.3239 -0.4793 0.8157
vn -0.0273 -0.5078 0.8610
vn -0.0000 -0.7618 0.6479
vn -0.0000 -0.5077 0.8615
vn -0.0196 -0.5244 0.8512
vn -0.0001 -0.5077 0.8616
vn 0.0117 0.5182 -0.8552
vn -0.2364 0.2746 -0.9320
vn -0.8570 0.4025 -0.3218
vn -0.2227 -0.4766 -0.8504
vn -0.1114 -0.9759 0.1876
vn -0.7114 -0.1442 0.6878
vn -0.8570 0.4025 -0.3217
vn 0.1341 0.9730 -0.1878
vn -0.8570 0.4024 -0.3218
vn 0.2502 0.4770 0.8425
vn 0.1342 0.9730 -0.1877
vn -0.7115 -0.1442 0.6878
vn 0.7194 0.1621 -0.6754
vn 0.1342 0.9730 -0.1876
vn 0.2501 0.4770 0.8425
vn 0.8660 -0.3764 0.3293
vn 0.7195 0.1620 -0.6754
vn 0.2502 0.4769 0.8426
vn 0.8659 -0.3764 0.3294
vn 0.1343 0.9730 -0.1878
vn 0.7194 0.1620 -0.6754
vn -0.2227 -0.4767 -0.8504
vn -0.2227 -0.4766 -0.8505
vn 0.7195 0.1621 -0.6753
vn -0.7114 -0.1443 0.6878
vn -0.1113 -0.9759 0.1876
vt -0.030054 1.409994
vt -0.030050 1.409974
vt -0.030056 1.409973
vt -0.030048 1.409996
vt -0.030044 1.409978
vt -0.030045 1.409999
vt -0.030042 1.409982
vt -0.030048 1.410003
vt -0.030044 1.409985
vt -0.030060 1.410003
vt -0.030050 1.409984
vt -0.030054 1.410005
vt -0.030056 1.409980
vt -0.030050 1.410015
vt -0.030060 1.409996
vt -0.030056 1.410018
vt -0.030042 1.410016
vt -0.030044 1.410014
vt -0.030056 1.410026
vt -0.030050 1.410025
vt -0.030058 1.410023
vt -0.030043 1.410038
vt -0.030045 1.410043
vt -0.030038 1.410032
vt -0.030034 1.410029
vt -0.030032 1.410031
vt -0.030034 1.410037
vt -0.030044 1.410021
vt -0.030038 1.410043
vt -0.030043 1.410045
vt -0.030024 1.410057
vt -0.030021 1.410043
vt -0.030018 1.410039
vt -0.030018 1.410047
vt -0.030017 1.410040
vt -0.030023 1.410058
vt -0.030021 1.410054
vt -0.030000 1.410048
vt -0.030023 1.410051
vt -0.030000 1.410043
vt -0.030000 1.410050
vt -0.030000 1.410044
vt -0.030000 1.410058
vt -0.030000 1.410063
vt -0.030000 1.410062
vt -0.029977 1.410051
vt -0.030000 1.410055
vt -0.029979 1.410043
vt -0.029982 1.410039
vt -0.029983 1.410040
vt -0.029982 1.410047
vt -0.029979 1.410054
vt -0.029977 1.410058
vt -0.029976 1.410057
vt -0.029955 1.410043
vt -0.029957 1.410038
vt -0.029962 1.410032
vt -0.029966 1.410029
vt -0.029968 1.410031
vt -0.029966 1.410037
vt -0.029962 1.410043
vt -0.029942 1.410023
vt -0.029957 1.410045
vt -0.029944 1.410018
vt -0.029950 1.410015
vt -0.029956 1.410014
vt -0.029958 1.410016
vt -0.029956 1.410021
vt -0.029950 1.410025
vt -0.029944 1.410026
vt -0.029940 1.409996
vt -0.029937 1.409999
vt -0.029952 1.409996
vt -0.029955 1.409999
vt -0.029940 1.410003
vt -0.029942 1.409976
vt -0.029944 1.409973
vt -0.029950 1.409974
vt -0.029946 1.409994
vt -0.029956 1.409978
vt -0.029958 1.409982
vt -0.029956 1.409985
vt -0.029950 1.409984
vt -0.029952 1.410003
vt -0.029946 1.410005
vt -0.029944 1.409980
vt -0.029955 1.409955
vt -0.029966 1.409962
vt -0.029968 1.409968
vt -0.029962 1.409967
vt -0.029966 1.409970
vt -0.029957 1.409961
vt -0.029977 1.409940
vt -0.029957 1.409953
vt -0.029979 1.409945
vt -0.029962 1.409956
vt -0.029982 1.409952
vt -0.029983 1.409958
vt -0.029982 1.409960
vt -0.029979 1.409955
vt -0.029977 1.409948
vt -0.030000 1.409943
vt -0.029976 1.409942
vt -0.030000 1.409937
vt -0.030000 1.409941
vt -0.030000 1.409948
vt -0.030000 1.409956
vt -0.030000 1.409955
vt -0.030000 1.409943
vt -0.030023 1.409940
vt -0.030021 1.409945
vt -0.030018 1.409952
vt -0.030018 1.409960
vt -0.030017 1.409958
vt -0.030021 1.409955
vt -0.030000 1.409951
vt -0.030023 1.409948
vt -0.030024 1.409942
vt -0.030045 1.409955
vt -0.030043 1.409953
vt -0.030038 1.409956
vt -0.030034 1.409962
vt -0.030032 1.409968
vt -0.030038 1.409967
vt -0.030034 1.409970
vt -0.030043 1.409961
vt -0.030063 1.409999
vt -0.030058 1.409976
vt -0.029996 1.409983
vt -0.029996 1.409986
vt -0.030004 1.409995
vt -0.029962 1.410031
vt -0.029955 1.410020
vt -0.029955 1.410017
vt -0.029962 1.410028
vt -0.030004 1.409999
vt -0.030007 1.409954
vt -0.030008 1.409993
vt -0.030008 1.409989
vt -0.029994 1.409951
vt -0.029994 1.409954
vt -0.030007 1.409951
vt -0.029992 1.409993
vt -0.029992 1.409989
vt -0.029992 1.409997
vt -0.029989 1.409996
vt -0.029995 1.410002
vt -0.029995 1.409992
vt -0.029992 1.409988
vt -0.030000 1.409990
vt -0.030008 1.409988
vt -0.030000 1.409985
vt -0.030008 1.409997
vt -0.030011 1.409996
vt -0.030005 1.409992
vt -0.030008 1.410003
vt -0.030000 1.409997
vt -0.030000 1.410004
vt -0.030005 1.410002
vt -0.029992 1.410003
vt -0.030000 1.410007
vt -0.029991 1.410006
vt -0.029990 1.410006
vt -0.030000 1.410010
vt -0.029985 1.409997
vt -0.029987 1.409997
vt -0.029990 1.409987
vt -0.030000 1.409984
vt -0.030000 1.409982
vt -0.029991 1.409988
vt -0.030010 1.409987
vt -0.030009 1.409988
vt -0.030015 1.409997
vt -0.030013 1.409997
vt -0.030010 1.410006
vt -0.030009 1.410006
vt -0.030000 1.410011
vt -0.029989 1.410007
vt -0.029984 1.409996
vt -0.029989 1.409985
vt -0.030011 1.409985
vt -0.030016 1.409996
vt -0.030000 1.410011
vt -0.029988 1.410006
vt -0.029983 1.409995
vt -0.029988 1.409984
vt -0.030000 1.409981
vt -0.030000 1.409979
vt -0.030012 1.409984
vt -0.030017 1.409995
vt -0.030012 1.410006
vt -0.030011 1.410007
vt -0.029988 1.410004
vt -0.029983 1.409993
vt -0.030012 1.409981
vt -0.030017 1.409993
vt -0.030012 1.410004
vt -0.030000 1.410009
vt -0.029983 1.409990
vt -0.029988 1.409981
vt -0.029988 1.409979
vt -0.030000 1.409976
vt -0.030000 1.409974
vt -0.030017 1.409990
vt -0.030012 1.409979
vt -0.030012 1.410001
vt -0.030000 1.410007
vt -0.029988 1.410001
vt -0.029983 1.409988
vt -0.029988 1.409999
vt -0.029988 1.409976
vt -0.030012 1.409976
vt -0.030000 1.409971
vt -0.030017 1.409988
vt -0.030000 1.410004
vt -0.030012 1.409999
vt -0.029989 1.409997
vt -0.029989 1.409976
vt -0.030011 1.409976
vt -0.030000 1.409971
vt -0.030016 1.409987
vt -0.030000 1.410002
vt -0.029984 1.409987
vt -0.029985 1.409986
vt -0.030000 1.409972
vt -0.030010 1.409976
vt -0.030015 1.409986
vt -0.030010 1.409996
vt -0.030011 1.409997
vt -0.029990 1.409996
vt -0.029987 1.409986
vt -0.029991 1.409994
vt -0.029990 1.409976
vt -0.030000 1.409973
vt -0.029991 1.409977
vt -0.030013 1.409986
vt -0.030009 1.409977
vt -0.030000 1.409998
vt -0.030009 1.409994
vt -0.030000 1.410000
vt -0.030000 1.409977
vt -0.029994 1.409980
vt -0.030006 1.409980
vt -0.030009 1.409986
vt -0.030006 1.409991
vt -0.030000 1.409994
vt -0.029994 1.409991
vt -0.030000 1.409986
vt -0.029991 1.409986
vt -0.029996 1.409999
vt -0.030004 1.409986
vt -0.030004 1.409983
vt -0.029996 1.409995
vt -0.030038 1.410031
vt -0.030038 1.410028
vt -0.030045 1.410020
vt -0.030045 1.410017
s 1
usemtl Steering
f 12604/1237/3204 12605/1238/3205 12606/1239/3206
f 12607/1240/3207 12608/1238/3205 12609/1237/3204
f 12610/1240/3207 12611/1241/3208 12612/1238/3205
f 12613/1242/3209 12614/1241/3208 12615/1240/3207
f 12616/1242/3209 12617/1243/3210 12618/1241/3208
f 12619/1244/3211 12620/1243/3210 12621/1242/3212
f 12622/1244/3211 12623/1245/3213 12624/1243/3210
f 12625/1246/3214 12626/1247/3215 12627/1248/3216
f 12628/1246/3214 12629/1249/3217 12630/1247/3215
f 12631/1250/3218 12632/1251/3219 12633/1252/3220
f 12634/1250/3221 12635/1237/3204 12636/1251/3219
f 12637/1253/3222 12638/1240/3223 12639/1254/3224
f 12640/1255/3225 12641/1248/3226 12642/1256/3227
f 12643/1255/3225 12644/1257/3228 12645/1246/3214
f 12646/1258/3229 12647/1257/3230 12648/1259/3231
f 12649/1260/3232 12650/1252/3220 12651/1258/3229
f 12652/1261/3233 12653/1250/3218 12654/1260/3232
f 12655/1262/3234 12656/1254/3235 12657/1261/3233
f 12658/1263/3236 12659/1253/3237 12660/1262/3234
f 12661/1263/3238 12662/1264/3239 12663/1253/3237
f 12664/1265/3240 12665/1264/3241 12666/1263/3236
f 12667/1265/3242 12668/1256/3227 12669/1264/3241
f 12670/1266/3243 12671/1255/3225 12672/1256/3244
f 12673/1266/3245 12674/1259/3231 12675/1255/3225
f 12676/1267/3246 12677/1259/3231 12678/1266/3243
f 12679/1268/3247 12680/1260/3232 12681/1258/3229
f 12682/1269/3248 12683/1261/3233 12684/1260/3249
f 12685/1270/3250 12686/1262/3234 12687/1271/3251
f 12688/1270/3250 12689/1263/3236 12690/1262/3252
f 12691/1272/3253 12692/1265/3254 12693/1273/3255
f 12694/1272/3253 12695/1266/3243 12696/1265/3240
f 12697/1274/3256 12698/1268/3247 12699/1275/3257
f 12700/1276/3258 12701/1268/3247 12702/1274/3259
f 12703/1276/3258 12704/1269/3248 12705/1268/3247
f 12706/1277/3260 12707/1271/3261 12708/1278/3262
f 12709/1277/3260 12710/1270/3250 12711/1271/3251
f 12712/1279/3263 12713/1270/3264 12714/1277/3260
f 12715/1279/3263 12716/1273/3265 12717/1270/3264
f 12718/1280/3266 12719/1273/3267 12720/1279/3268
f 12721/1280/3269 12722/1281/3270 12723/1272/3271
f 12724/1282/3272 12725/1283/3273 12726/1281/3274
f 12727/1284/3275 12728/1283/3273 12729/1282/3276
f 12730/1285/3277 12731/1274/3259 12732/1284/3278
f 12733/1286/3279 12734/1278/3280 12735/1276/3258
f 12736/1287/3281 12737/1277/3260 12738/1278/3282
f 12739/1288/3283 12740/1277/3284 12741/1287/3285
f 12742/1288/3286 12743/1279/3263 12744/1277/3260
f 12745/1289/3287 12746/1290/3288 12747/1280/3269
f 12748/1291/3289 12749/1290/3290 12750/1289/3291
f 12751/1292/3292 12752/1290/3288 12753/1291/3293
f 12754/1293/3294 12755/1284/3275 12756/1282/3276
f 12757/1294/3295 12758/1285/3277 12759/1284/3278
f 12760/1295/3296 12761/1285/3297 12762/1294/3298
f 12763/1296/3299 12764/1287/3281 12765/1286/3279
f 12766/1297/3300 12767/1287/3301 12768/1296/3302
f 12769/1298/3303 12770/1291/3289 12771/1299/3304
f 12772/1300/3305 12773/1291/3289 12774/1298/3303
f 12775/1300/3306 12776/1292/3307 12777/1291/3289
f 12778/1301/3308 12779/1292/3292 12780/1300/3309
f 12781/1302/3310 12782/1293/3311 12783/1301/3308
f 12784/1302/3312 12785/1294/3298 12786/1293/3311
f 12787/1303/3313 12788/1294/3298 12789/1302/3312
f 12790/1303/3313 12791/1295/3296 12792/1294/3298
f 12793/1304/3314 12794/1296/3299 12795/1295/3315
f 12796/1305/3316 12797/1297/3317 12798/1296/3318
f 12799/1306/3319 12800/1297/3300 12801/1305/3320
f 12802/1306/3321 12803/1299/3322 12804/1297/3323
f 12805/1306/3324 12806/1298/3303 12807/1299/3304
f 12808/1307/3325 12809/1298/3303 12810/1308/3326
f 12811/1309/3327 12812/1302/3312 12813/1301/3308
f 12814/1310/3328 12815/1303/3313 12816/1302/3312
f 12817/1311/3329 12818/1308/3326 12819/1306/3319
f 12820/1312/3330 12821/1308/3331 12822/1311/3329
f 12823/1313/3332 12824/1308/3331 12825/1312/3333
f 12826/1313/3334 12827/1307/3335 12828/1308/3326
f 12829/1314/3336 12830/1307/3337 12831/1313/3338
f 12832/1314/3336 12833/1315/3339 12834/1307/3325
f 12835/1316/3340 12836/1309/3327 12837/1315/3341
f 12838/1317/3342 12839/1310/3343 12840/1309/3327
f 12841/1318/3344 12842/1310/3328 12843/1317/3345
f 12844/1319/3346 12845/1320/3347 12846/1318/3348
f 12847/1319/3346 12848/1321/3349 12849/1320/3350
f 12850/1322/3351 12851/1321/3352 12852/1319/3353
f 12853/1322/3354 12854/1311/3355 12855/1321/3352
f 12856/1322/3351 12857/1312/3330 12858/1311/3329
f 12859/1323/3356 12860/1312/3330 12861/1322/3351
f 12862/1324/3357 12863/1316/3340 12864/1314/3336
f 12865/1325/3358 12866/1316/3340 12867/1324/3359
f 12868/1326/3360 12869/1318/3361 12870/1327/3362
f 12871/1326/3360 12872/1319/3363 12873/1318/3364
f 12874/1328/3365 12875/1319/3366 12876/1326/3367
f 12877/1328/3368 12878/1322/3354 12879/1319/3366
f 12880/1329/3369 12881/1330/3370 12882/1323/3356
f 12883/1331/3371 12884/1332/3372 12885/1330/3373
f 12886/1333/3374 12887/1324/3375 12888/1332/3376
f 12889/1334/3377 12890/1325/3378 12891/1324/3379
f 12892/1335/3380 12893/1327/3381 12894/1325/3382
f 12895/1336/3383 12896/1326/3360 12897/1327/3384
f 12898/1337/3385 12899/1328/3368 12900/1326/3386
f 12901/1338/3387 12902/1339/3388 12903/1340/3389
f 12904/1338/3387 12905/1329/3369 12906/1339/3390
f 12907/1341/3391 12908/1329/3392 12909/1338/3387
f 12910/1342/3393 12911/1331/3394 12912/1341/3395
f 12913/1342/3393 12914/1333/3374 12915/1331/3394
f 12916/1343/3396 12917/1334/3377 12918/1344/3397
f 12919/1343/3398 12920/1335/3399 12921/1334/3377
f 12922/1345/3400 12923/1337/3401 12924/1336/3402
f 12925/1345/3403 12926/1340/3404 12927/1337/3401
f 12928/1346/3405 12929/1338/3387 12930/1340/3389
f 12931/1347/3406 12932/1338/3387 12933/1346/3407
f 12934/1348/3408 12935/1341/3395 12936/1347/3409
f 12937/1349/3410 12938/1344/3411 12939/1350/3412
f 12940/1351/3413 12941/1343/3398 12942/1349/3414
f 12943/1351/3413 12944/1352/3415 12945/1343/3398
f 12946/1353/3416 12947/1352/3415 12948/1351/3413
f 12949/1353/3416 12950/1345/3400 12951/1352/3415
f 12952/1353/3417 12953/1354/3418 12954/1345/3403
f 12955/1355/3419 12956/1354/3418 12957/1353/3416
f 12958/1356/3420 12959/1346/3421 12960/1354/3422
f 12961/1357/3423 12962/1346/3407 12963/1356/3424
f 12964/1358/3425 12965/1347/3409 12966/1357/3426
f 12967/1359/3427 12968/1348/3428 12969/1358/3429
f 12970/1360/3430 12971/1349/3414 12972/1361/3431
f 12973/1360/3432 12974/1351/3413 12975/1349/3414
f 12976/1362/3433 12977/1351/3434 12978/1360/3432
f 12979/1362/3435 12980/1353/3416 12981/1351/3413
f 12982/1362/3433 12983/1355/3419 12984/1353/3436
f 12985/1238/3205 12986/1356/3420 12987/1239/3206
f 12988/1241/3208 12989/1357/3426 12990/1238/3437
f 12991/1241/3208 12992/1358/3438 12993/1357/3426
f 12994/1243/3439 12995/1358/3429 12996/1241/3440
f 12997/1243/3439 12998/1359/3441 12999/1358/3438
f 13000/1245/3442 13001/1359/3443 13002/1243/3210
f 13003/1245/3213 13004/1361/3444 13005/1359/3443
f 13006/1363/3445 13007/1364/3446 13008/1249/3447
f 13009/1364/3448 13010/1363/3445 13011/1251/3449
f 13012/1251/3449 13013/1239/3450 13014/1364/3448
f 13015/1237/3204 13016/1239/3206 13017/1251/3219
f 13018/1248/3216 13019/1245/3451 13020/1244/3211
f 13021/1248/3452 13022/1247/3453 13023/1245/3454
f 13024/1246/3214 13025/1363/3445 13026/1249/3447
f 13027/1257/3455 13028/1363/3445 13029/1246/3214
f 13030/1252/3456 13031/1363/3445 13032/1257/3455
f 13033/1251/3457 13034/1363/3458 13035/1252/3459
f 13036/1254/3224 13037/1237/3204 13038/1250/3218
f 13039/1254/3460 13040/1240/3461 13041/1237/3204
f 13042/1253/3222 13043/1242/3209 13044/1240/3462
f 13045/1264/3463 13046/1242/3464 13047/1253/3222
f 13048/1264/3463 13049/1244/3211 13050/1242/3465
f 13051/1256/3466 13052/1244/3211 13053/1264/3463
f 13054/1256/3244 13055/1248/3216 13056/1244/3211
f 13057/1255/3467 13058/1246/3214 13059/1248/3468
f 13060/1259/3231 13061/1257/3469 13062/1255/3225
f 13063/1258/3470 13064/1252/3471 13065/1257/3230
f 13066/1260/3232 13067/1250/3218 13068/1252/3220
f 13069/1261/3472 13070/1254/3473 13071/1250/3221
f 13072/1262/3252 13073/1253/3474 13074/1254/3473
f 13075/1266/3245 13076/1256/3244 13077/1265/3254
f 13078/1275/3257 13079/1259/3231 13080/1267/3475
f 13081/1275/3257 13082/1258/3470 13083/1259/3231
f 13084/1268/3247 13085/1258/3229 13086/1275/3257
f 13087/1269/3248 13088/1260/3249 13089/1268/3247
f 13090/1271/3476 13091/1261/3233 13092/1269/3477
f 13093/1271/3478 13094/1262/3252 13095/1261/3479
f 13096/1273/3267 13097/1263/3480 13098/1270/3481
f 13099/1273/3267 13100/1265/3254 13101/1263/3482
f 13102/1272/3271 13103/1267/3246 13104/1266/3245
f 13105/1281/3274 13106/1267/3483 13107/1272/3484
f 13108/1283/3273 13109/1267/3485 13110/1281/3274
f 13111/1283/3273 13112/1275/3257 13113/1267/3475
f 13114/1274/3256 13115/1275/3486 13116/1283/3273
f 13117/1278/3282 13118/1269/3477 13119/1276/3258
f 13120/1278/3282 13121/1271/3478 13122/1269/3248
f 13123/1280/3266 13124/1272/3253 13125/1273/3255
f 13126/1290/3288 13127/1281/3274 13128/1280/3269
f 13129/1282/3272 13130/1281/3274 13131/1290/3487
f 13132/1284/3488 13133/1274/3256 13134/1283/3273
f 13135/1285/3277 13136/1276/3258 13137/1274/3489
f 13138/1286/3279 13139/1276/3258 13140/1285/3297
f 13141/1287/3281 13142/1278/3282 13143/1286/3279
f 13144/1289/3490 13145/1279/3268 13146/1288/3491
f 13147/1289/3490 13148/1280/3266 13149/1279/3492
f 13150/1292/3493 13151/1282/3494 13152/1290/3288
f 13153/1293/3311 13154/1282/3276 13155/1292/3292
f 13156/1294/3295 13157/1284/3278 13158/1293/3311
f 13159/1295/3296 13160/1286/3495 13161/1285/3297
f 13162/1296/3299 13163/1286/3496 13164/1295/3315
f 13165/1297/3300 13166/1288/3286 13167/1287/3497
f 13168/1299/3322 13169/1288/3498 13170/1297/3323
f 13171/1299/3322 13172/1289/3499 13173/1288/3498
f 13174/1299/3304 13175/1291/3293 13176/1289/3291
f 13177/1301/3308 13178/1293/3500 13179/1292/3292
f 13180/1304/3314 13181/1295/3315 13182/1303/3313
f 13183/1305/3320 13184/1296/3501 13185/1304/3314
f 13186/1308/3331 13187/1298/3502 13188/1306/3319
f 13189/1307/3335 13190/1300/3306 13191/1298/3502
f 13192/1315/3339 13193/1300/3306 13194/1307/3503
f 13195/1315/3339 13196/1301/3308 13197/1300/3305
f 13198/1309/3504 13199/1301/3308 13200/1315/3341
f 13201/1310/3328 13202/1302/3312 13203/1309/3504
f 13204/1320/3505 13205/1303/3313 13206/1310/3328
f 13207/1320/3505 13208/1304/3314 13209/1303/3313
f 13210/1321/3349 13211/1304/3314 13212/1320/3347
f 13213/1321/3349 13214/1305/3320 13215/1304/3314
f 13216/1311/3355 13217/1305/3320 13218/1321/3349
f 13219/1311/3355 13220/1306/3321 13221/1305/3320
f 13222/1316/3340 13223/1315/3341 13224/1314/3336
f 13225/1317/3342 13226/1309/3327 13227/1316/3340
f 13228/1318/3344 13229/1320/3505 13230/1310/3328
f 13231/1330/3506 13232/1312/3333 13233/1323/3356
f 13234/1330/3370 13235/1313/3334 13236/1312/3330
f 13237/1332/3507 13238/1313/3508 13239/1330/3509
f 13240/1332/3507 13241/1314/3336 13242/1313/3510
f 13243/1324/3375 13244/1314/3336 13245/1332/3376
f 13246/1325/3378 13247/1317/3345 13248/1316/3340
f 13249/1327/3511 13250/1317/3345 13251/1325/3512
f 13252/1327/3384 13253/1318/3513 13254/1317/3342
f 13255/1328/3514 13256/1323/3356 13257/1322/3351
f 13258/1339/3390 13259/1323/3515 13260/1328/3516
f 13261/1329/3369 13262/1323/3356 13263/1339/3390
f 13264/1331/3517 13265/1330/3373 13266/1329/3369
f 13267/1333/3374 13268/1332/3518 13269/1331/3394
f 13270/1334/3519 13271/1324/3359 13272/1333/3374
f 13273/1335/3380 13274/1325/3378 13275/1334/3377
f 13276/1336/3383 13277/1327/3520 13278/1335/3399
f 13279/1337/3385 13280/1326/3521 13281/1336/3402
f 13282/1337/3522 13283/1339/3390 13284/1328/3516
f 13285/1340/3404 13286/1339/3390 13287/1337/3401
f 13288/1341/3395 13289/1331/3517 13290/1329/3369
f 13291/1344/3411 13292/1333/3374 13293/1342/3393
f 13294/1344/3523 13295/1334/3377 13296/1333/3374
f 13297/1352/3415 13298/1335/3380 13299/1343/3398
f 13300/1352/3415 13301/1336/3383 13302/1335/3380
f 13303/1345/3400 13304/1336/3524 13305/1352/3525
f 13306/1354/3418 13307/1340/3404 13308/1345/3403
f 13309/1346/3526 13310/1340/3404 13311/1354/3422
f 13312/1347/3406 13313/1341/3395 13314/1338/3387
f 13315/1348/3408 13316/1342/3527 13317/1341/3528
f 13318/1350/3529 13319/1342/3527 13320/1348/3408
f 13321/1350/3529 13322/1344/3411 13323/1342/3527
f 13324/1349/3410 13325/1343/3530 13326/1344/3411
f 13327/1356/3424 13328/1354/3418 13329/1355/3419
f 13330/1357/3423 13331/1347/3531 13332/1346/3407
f 13333/1358/3425 13334/1348/3408 13335/1347/3406
f 13336/1359/3427 13337/1350/3529 13338/1348/3428
f 13339/1361/3532 13340/1350/3533 13341/1359/3427
f 13342/1361/3444 13343/1349/3414 13344/1350/3412
f 13345/1364/3446 13346/1355/3419 13347/1362/3435
f 13348/1239/3206 13349/1355/3419 13350/1364/3448
f 13351/1239/3534 13352/1356/3535 13353/1355/3419
f 13354/1238/3536 13355/1357/3423 13356/1356/3420
f 13357/1247/3453 13358/1361/3431 13359/1245/3213
f 13360/1247/3453 13361/1360/3430 13362/1361/3537
f 13363/1249/3538 13364/1360/3432 13365/1247/3215
f 13366/1249/3217 13367/1362/3539 13368/1360/3432
f 13369/1364/3446 13370/1362/3435 13371/1249/3538
f 13372/1365/3540 13373/1366/3541 13374/1367/3542
f 13375/1368/3543 13376/1369/3544 13377/1370/3545
f 13378/1371/3546 13379/1368/3547 13380/1370/3548
f 13381/1372/3549 13382/1368/3547 13383/1371/3550
f 13384/1367/3551 13385/1372/3549 13386/1371/3552
f 13387/1365/3553 13388/1367/3554 13389/1371/3555
f 13390/1366/3541 13391/1372/3556 13392/1367/3557
f 13393/1369/3558 13394/1366/3541 13395/1365/3540
f 13396/1370/3548 13397/1369/3544 13398/1365/3553
f 13399/1370/3545 13400/1365/3553 13401/1371/3546
f 13402/1369/3559 13403/1368/3560 13404/1372/3561
f 13405/1366/3562 13406/1369/3544 13407/1372/3563
f 13408/1373/3564 13409/1374/3565 13410/1375/3566
f 13411/1376/3567 13412/1377/3568 13413/1378/3569
f 13414/1379/3570 13415/1377/3571 13416/1376/3572
f 13417/1380/3573 13418/1379/3574 13419/1376/3572
f 13420/1375/3566 13421/1380/3573 13422/1376/3575
f 13423/1374/3576 13424/1373/3577 13425/1379/3578
f 13426/1374/3579 13427/1379/3580 13428/1380/3573
f 13429/1375/3581 13430/1374/3576 13431/1380/3582
f 13432/1378/3583 13433/1373/3584 13434/1375/3585
f 13435/1377/3571 13436/1373/3586 13437/1378/3569
f 13438/1378/3583 13439/1375/3566 13440/1376/3587
f 13441/1373/3584 13442/1377/3571 13443/1379/3588
f 13444/1381/3589 13445/1382/3590 13446/1383/3591
f 13447/1384/3592 13448/1385/3593 13449/1381/3589
f 13450/1386/3594 13451/1387/3595 13452/1388/3596
f 13453/1389/3597 13454/1390/3598 13455/1391/3599
f 13456/1389/3597 13457/1392/3600 13458/1390/3601
f 13459/1393/3602 13460/1394/3603 13461/1395/3604
f 13462/1393/3602 13463/1383/3605 13464/1394/3603
f 13465/1393/3602 13466/1381/3606 13467/1383/3605
f 13468/1393/3607 13469/1384/3608 13470/1381/3606
f 13471/1393/3602 13472/1386/3609 13473/1384/3608
f 13474/1393/3607 13475/1391/3599 13476/1386/3609
f 13477/1393/3607 13478/1389/3610 13479/1391/3611
f 13480/1394/3603 13481/1396/3612 13482/1397/3613
f 13483/1383/3605 13484/1396/3614 13485/1394/3615
f 13486/1383/3591 13487/1382/3590 13488/1396/3616
f 13489/1381/3589 13490/1385/3617 13491/1382/3590
f 13492/1384/3592 13493/1388/3596 13494/1385/3617
f 13495/1386/3594 13496/1388/3596 13497/1384/3592
f 13498/1391/3599 13499/1387/3618 13500/1386/3594
f 13501/1391/3599 13502/1390/3619 13503/1387/3595
f 13504/1395/3620 13505/1392/3600 13506/1389/3597
f 13507/1395/3621 13508/1397/3622 13509/1392/3600
f 13510/1395/3621 13511/1394/3623 13512/1397/3622
f 13513/1395/3604 13514/1389/3610 13515/1393/3607
f 13516/1398/3624 13517/1399/3625 13518/1400/3626
f 13519/1398/3627 13520/1401/3628 13521/1399/3625
f 13522/1402/3629 13523/1403/3630 13524/1401/3631
f 13525/1404/3632 13526/1405/3633 13527/1406/3634
f 13528/1404/3635 13529/1407/3636 13530/1405/3633
f 13531/1408/3637 13532/1409/3638 13533/1407/3636
f 13534/1410/3639 13535/1409/3638 13536/1408/3637
f 13537/1410/3639 13538/1411/3640 13539/1409/3638
f 13540/1412/3641 13541/1411/3640 13542/1410/3639
f 13543/1412/3641 13544/1413/3642 13545/1411/3640
f 13546/1400/3643 13547/1413/3644 13548/1412/3641
f 13549/1399/3645 13550/1414/3646 13551/1413/3647
f 13552/1401/3628 13553/1415/3648 13554/1399/3625
f 13555/1401/3649 13556/1416/3650 13557/1415/3651
f 13558/1403/3652 13559/1416/3650 13560/1401/3631
f 13561/1407/3636 13562/1417/3653 13563/1405/3654
f 13564/1407/3655 13565/1418/3656 13566/1417/3657
f 13567/1409/3658 13568/1418/3656 13569/1407/3655
f 13570/1413/3659 13571/1419/3660 13572/1411/3640
f 13573/1414/3661 13574/1420/3662 13575/1419/3663
f 13576/1415/3664 13577/1421/3665 13578/1414/3666
f 13579/1415/3651 13580/1422/3667 13581/1421/3665
f 13582/1416/3650 13583/1422/3668 13584/1415/3669
f 13585/1423/3670 13586/1424/3671 13587/1416/3672
f 13588/1423/3670 13589/1425/3673 13590/1424/3671
f 13591/1417/3653 13592/1425/3674 13593/1423/3670
f 13594/1417/3675 13595/1426/3676 13596/1425/3677
f 13597/1418/3678 13598/1426/3676 13599/1417/3675
f 13600/1418/3656 13601/1427/3679 13602/1426/3676
f 13603/1428/3680 13604/1427/3679 13605/1418/3656
f 13606/1428/3681 13607/1419/3682 13608/1427/3679
f 13609/1420/3683 13610/1419/3682 13611/1419/3663
f 13612/1420/3683 13613/1429/3684 13614/1419/3682
f 13615/1420/3685 13616/1430/3686 13617/1429/3687
f 13618/1421/3688 13619/1430/3689 13620/1420/3690
f 13621/1425/3673 13622/1431/3691 13623/1424/3671
f 13624/1426/3676 13625/1432/3692 13626/1425/3693
f 13627/1427/3679 13628/1433/3694 13629/1426/3676
f 13630/1419/3682 13631/1434/3695 13632/1427/3679
f 13633/1430/3686 13634/1435/3696 13635/1429/3697
f 13636/1436/3698 13637/1437/3699 13638/1430/3700
f 13639/1438/3701 13640/1439/3702 13641/1436/3703
f 13642/1431/3704 13643/1440/3705 13644/1441/3706
f 13645/1432/3692 13646/1442/3707 13647/1440/3705
f 13648/1433/3708 13649/1443/3709 13650/1442/3707
f 13651/1444/3710 13652/1443/3709 13653/1434/3711
f 13654/1444/3712 13655/1445/3713 13656/1446/3714
f 13657/1435/3696 13658/1445/3713 13659/1444/3715
f 13660/1435/3696 13661/1447/3716 13662/1445/3713
f 13663/1437/3717 13664/1447/3716 13665/1435/3696
f 13666/1439/3718 13667/1448/3719 13668/1449/3720
f 13669/1441/3721 13670/1448/3719 13671/1439/3718
f 13672/1441/3706 13673/1450/3722 13674/1448/3723
f 13675/1440/3724 13676/1450/3725 13677/1441/3726
f 13678/1442/3707 13679/1451/3727 13680/1452/3728
f 13681/1443/3729 13682/1451/3727 13683/1442/3707
f 13684/1446/3714 13685/1453/3730 13686/1451/3731
f 13687/1447/3732 13688/1454/3733 13689/1445/3713
f 13690/1449/3734 13691/1455/3735 13692/1456/3736
f 13693/1448/3737 13694/1457/3738 13695/1455/3739
f 13696/1450/3725 13697/1457/3738 13698/1448/3719
f 13699/1453/3730 13700/1458/3740 13701/1451/3727
f 13702/1459/3741 13703/1460/3742 13704/1453/3730
f 13705/1456/3743 13706/1461/3744 13707/1454/3745
f 13708/1456/3736 13709/1462/3746 13710/1461/3747
f 13711/1455/3739 13712/1463/3748 13713/1462/3749
f 13714/1457/3738 13715/1464/3750 13716/1463/3751
f 13717/1465/3752 13718/1464/3750 13719/1457/3738
f 13720/1466/3753 13721/1467/3754 13722/1468/3755
f 13723/1460/3756 13724/1467/3754 13725/1466/3753
f 13726/1469/3757 13727/1470/3758 13728/1471/3759
f 13729/1462/3760 13730/1472/3761 13731/1473/3762
f 13732/1464/3763 13733/1474/3764 13734/1475/3765
f 13735/1468/3755 13736/1474/3764 13737/1476/3766
f 13738/1471/3767 13739/1477/3768 13740/1478/3769
f 13741/1470/3770 13742/1479/3771 13743/1477/3768
f 13744/1473/3772 13745/1479/3771 13746/1470/3770
f 13747/1473/3773 13748/1480/3774 13749/1479/3771
f 13750/1472/3775 13751/1480/3774 13752/1473/3773
f 13753/1472/3775 13754/1481/3776 13755/1480/3774
f 13756/1475/3777 13757/1481/3776 13758/1472/3775
f 13759/1475/3778 13760/1482/3779 13761/1481/3780
f 13762/1483/3781 13763/1482/3779 13764/1474/3782
f 13765/1483/3781 13766/1484/3783 13767/1482/3779
f 13768/1479/3771 13769/1484/3783 13770/1477/3768
f 13771/1412/3784 13772/1392/3600 13773/1400/3626
f 13774/1412/3641 13775/1390/3785 13776/1392/3600
f 13777/1410/3786 13778/1390/3619 13779/1412/3641
f 13780/1410/3786 13781/1387/3787 13782/1390/3619
f 13783/1408/3637 13784/1387/3787 13785/1410/3639
f 13786/1404/3635 13787/1388/3788 13788/1408/3637
f 13789/1404/3635 13790/1385/3593 13791/1388/3788
f 13792/1406/3789 13793/1385/3593 13794/1404/3790
f 13795/1402/3791 13796/1396/3612 13797/1382/3590
f 13798/1402/3629 13799/1401/3631 13800/1398/3624
f 13801/1406/3634 13802/1403/3630 13803/1402/3629
f 13804/1406/3634 13805/1405/3633 13806/1403/3792
f 13807/1408/3637 13808/1407/3636 13809/1404/3632
f 13810/1399/3645 13811/1413/3642 13812/1400/3643
f 13813/1399/3645 13814/1415/3648 13815/1414/3666
f 13816/1403/3793 13817/1423/3794 13818/1416/3672
f 13819/1405/3795 13820/1423/3794 13821/1403/3793
f 13822/1405/3654 13823/1417/3796 13824/1423/3670
f 13825/1409/3797 13826/1428/3680 13827/1418/3656
f 13828/1411/3798 13829/1428/3680 13830/1409/3797
f 13831/1411/3799 13832/1419/3660 13833/1428/3800
f 13834/1414/3646 13835/1419/3801 13836/1413/3647
f 13837/1414/3666 13838/1421/3665 13839/1420/3690
f 13840/1416/3672 13841/1424/3802 13842/1422/3668
f 13843/1419/3803 13844/1419/3682 13845/1428/3681
f 13846/1421/3804 13847/1436/3805 13848/1430/3686
f 13849/1422/3806 13850/1436/3805 13851/1421/3688
f 13852/1422/3806 13853/1438/3701 13854/1436/3807
f 13855/1424/3671 13856/1438/3701 13857/1422/3668
f 13858/1424/3671 13859/1431/3808 13860/1438/3809
f 13861/1425/3693 13862/1432/3810 13863/1431/3704
f 13864/1426/3676 13865/1433/3708 13866/1432/3810
f 13867/1427/3679 13868/1434/3695 13869/1433/3708
f 13870/1429/3811 13871/1434/3812 13872/1419/3682
f 13873/1429/3813 13874/1444/3710 13875/1434/3711
f 13876/1429/3697 13877/1435/3696 13878/1444/3715
f 13879/1430/3686 13880/1437/3717 13881/1435/3696
f 13882/1436/3703 13883/1439/3718 13884/1437/3717
f 13885/1438/3809 13886/1441/3721 13887/1439/3718
f 13888/1431/3691 13889/1441/3721 13890/1438/3809
f 13891/1432/3692 13892/1440/3724 13893/1431/3814
f 13894/1433/3694 13895/1442/3707 13896/1432/3692
f 13897/1434/3711 13898/1443/3709 13899/1433/3708
f 13900/1444/3710 13901/1446/3815 13902/1443/3709
f 13903/1437/3816 13904/1449/3720 13905/1447/3817
f 13906/1439/3718 13907/1449/3720 13908/1437/3816
f 13909/1440/3705 13910/1452/3818 13911/1450/3819
f 13912/1442/3820 13913/1452/3728 13914/1440/3821
f 13915/1446/3714 13916/1451/3727 13917/1443/3709
f 13918/1446/3822 13919/1459/3741 13920/1453/3823
f 13921/1445/3713 13922/1459/3824 13923/1446/3822
f 13924/1445/3713 13925/1454/3733 13926/1459/3824
f 13927/1447/3825 13928/1456/3743 13929/1454/3745
f 13930/1449/3826 13931/1456/3743 13932/1447/3827
f 13933/1448/3719 13934/1455/3828 13935/1449/3720
f 13936/1450/3819 13937/1465/3752 13938/1457/3738
f 13939/1452/3829 13940/1465/3830 13941/1450/3819
f 13942/1452/3829 13943/1458/3831 13944/1465/3832
f 13945/1451/3731 13946/1458/3831 13947/1452/3829
f 13948/1453/3730 13949/1466/3833 13950/1458/3834
f 13951/1453/3730 13952/1460/3742 13953/1466/3833
f 13954/1459/3824 13955/1469/3757 13956/1460/3835
f 13957/1454/3836 13958/1469/3837 13959/1459/3741
f 13960/1454/3733 13961/1461/3747 13962/1469/3838
f 13963/1455/3828 13964/1462/3746 13965/1456/3736
f 13966/1457/3839 13967/1463/3748 13968/1455/3739
f 13969/1465/3832 13970/1476/3840 13971/1464/3750
f 13972/1458/3831 13973/1476/3841 13974/1465/3832
f 13975/1466/3833 13976/1476/3766 13977/1458/3834
f 13978/1466/3842 13979/1468/3755 13980/1476/3766
f 13981/1460/3835 13982/1471/3843 13983/1467/3844
f 13984/1469/3757 13985/1471/3845 13986/1460/3835
f 13987/1461/3846 13988/1470/3758 13989/1469/3757
f 13990/1461/3747 13991/1473/3762 13992/1470/3758
f 13993/1462/3760 13994/1473/3762 13995/1461/3846
f 13996/1463/3751 13997/1472/3761 13998/1462/3847
f 13999/1463/3751 14000/1475/3765 14001/1472/3761
f 14002/1464/3750 14003/1475/3765 14004/1463/3751
f 14005/1476/3766 14006/1474/3848 14007/1464/3763
f 14008/1468/3849 14009/1483/3781 14010/1474/3850
f 14011/1468/3851 14012/1485/3852 14013/1483/3781
f 14014/1467/3844 14015/1485/3852 14016/1468/3851
f 14017/1467/3853 14018/1478/3769 14019/1485/3854
f 14020/1471/3767 14021/1478/3769 14022/1467/3853
f 14023/1470/3855 14024/1477/3768 14025/1471/3767
f 14026/1474/3782 14027/1482/3779 14028/1475/3778
f 14029/1485/3854 14030/1484/3856 14031/1483/3781
f 14032/1478/3857 14033/1484/3856 14034/1485/3854
f 14035/1477/3768 14036/1484/3858 14037/1478/3857
f 14038/1480/3774 14039/1484/3856 14040/1479/3771
f 14041/1481/3780 14042/1484/3856 14043/1480/3774
f 14044/1481/3776 14045/1482/3779 14046/1484/3858
f 14047/1408/3637 14048/1388/3788 14049/1387/3787
f 14050/1406/3859 14051/1382/3590 14052/1385/3593
f 14053/1402/3791 14054/1382/3590 14055/1406/3859
f 14056/1398/3624 14057/1396/3612 14058/1402/3791
f 14059/1398/3624 14060/1397/3622 14061/1396/3612
f 14062/1400/3626 14063/1397/3622 14064/1398/3624
f 14065/1400/3626 14066/1392/3860 14067/1397/3613
f 14068/1486/3861 14069/1487/3862 14070/1488/3863
f 14071/1489/3864 14072/1486/3865 14073/1488/3863
f 14074/1490/3866 14075/1486/3867 14076/1489/3864
f 14077/1491/3868 14078/1490/3869 14079/1489/3870
f 14080/1492/3871 14081/1490/3872 14082/1491/3873
f 14083/1493/3874 14084/1492/3875 14085/1491/3876
f 14086/1488/3863 14087/1487/3862 14088/1493/3877
f 14089/1490/3878 14090/1492/3879 14091/1487/3880
f 14092/1486/3865 14093/1490/3869 14094/1487/3880
f 14095/1487/3881 14096/1492/3882 14097/1493/3877
f 14098/1489/3883 14099/1488/3884 14100/1493/3874
f 14101/1491/3868 14102/1489/3864 14103/1493/3874
o Bottom_8
v -2.249337 2.701153 -10.670206
v -1.723889 2.448114 -10.665867
v -1.723889 2.448114 -10.665867
v -2.307092 2.448112 -10.670206
v -2.249337 2.701153 -10.670206
v -1.723889 2.448114 -10.665867
v -2.190451 2.448112 -10.670206
v -1.723889 2.448114 -10.665867
v -1.723889 2.448114 -10.665867
v -2.144250 2.650548 -10.670206
v -2.190451 2.448112 -10.670206
v -1.723889 2.448114 -10.665867
v -2.087510 2.904078 -10.670206
v -1.723889 2.448114 -10.665867
v -1.723889 2.448114 -10.665867
v -2.249337 2.701153 -10.670206
v -2.087510 2.904078 -10.670206
v -1.723889 2.448114 -10.665867
v -2.144250 2.650548 -10.670206
v -1.723889 2.448114 -10.665867
v -1.723889 2.448114 -10.665867
v -2.014785 2.812889 -10.670206
v -2.144250 2.650548 -10.670206
v -1.723889 2.448114 -10.665867
v -1.853663 3.016695 -10.670206
v -1.723889 2.448114 -10.665867
v -1.723889 2.448114 -10.665867
v -2.087510 2.904078 -10.670206
v -1.853663 3.016695 -10.670206
v -1.723889 2.448114 -10.665867
v -2.014785 2.812889 -10.670206
v -1.723889 2.448114 -10.665867
v -1.723889 2.448114 -10.665867
v -1.827710 2.902976 -10.670206
v -2.014785 2.812889 -10.670206
v -1.723889 2.448114 -10.665867
v -1.594114 3.016695 -10.670206
v -1.723889 2.448114 -10.665867
v -1.723889 2.448114 -10.665867
v -1.853663 3.016695 -10.670206
v -1.594114 3.016695 -10.670206
v -1.723889 2.448114 -10.665867
v -1.827710 2.902976 -10.670206
v -1.723889 2.448114 -10.665867
v -1.723889 2.448114 -10.665867
v -1.620066 2.902976 -10.670206
v -1.827710 2.902976 -10.670206
v -1.723889 2.448114 -10.665867
v -1.360267 2.904078 -10.670206
v -1.723889 2.448114 -10.665867
v -1.723889 2.448114 -10.665867
v -1.594114 3.016695 -10.670206
v -1.360267 2.904078 -10.670206
v -1.723889 2.448114 -10.665867
v -1.620066 2.902976 -10.670206
v -1.723889 2.448114 -10.665867
v -1.723889 2.448114 -10.665867
v -1.432992 2.812889 -10.670206
v -1.620066 2.902976 -10.670206
v -1.723889 2.448114 -10.665867
v -1.198440 2.701153 -10.670206
v -1.723889 2.448114 -10.665867
v -1.723889 2.448114 -10.665867
v -1.360267 2.904078 -10.670206
v -1.198440 2.701153 -10.670206
v -1.723889 2.448114 -10.665867
v -1.432992 2.812889 -10.670206
v -1.723889 2.448114 -10.665867
v -1.723889 2.448114 -10.665867
v -1.303527 2.650548 -10.670206
v -1.432992 2.812889 -10.670206
v -1.723889 2.448114 -10.665867
v -1.140685 2.448112 -10.670206
v -1.723889 2.448114 -10.665867
v -1.723889 2.448114 -10.665867
v -1.198440 2.701153 -10.670206
v -1.140685 2.448112 -10.670206
v -1.723889 2.448114 -10.665867
v -1.303527 2.650548 -10.670206
v -1.723889 2.448114 -10.665867
v -1.723889 2.448114 -10.665867
v -1.257326 2.448112 -10.670206
v -1.303527 2.650548 -10.670206
v -1.723889 2.448114 -10.665867
v -1.198440 2.195072 -10.670206
v -1.723889 2.448114 -10.665867
v -1.723889 2.448114 -10.665867
v -1.140685 2.448112 -10.670206
v -1.198440 2.195072 -10.670206
v -1.723889 2.448114 -10.665867
v -1.257326 2.448112 -10.670206
v -1.723889 2.448114 -10.665867
v -1.723889 2.448114 -10.665867
v -1.303527 2.245677 -10.670206
v -1.257326 2.448112 -10.670206
v -1.723889 2.448114 -10.665867
v -1.360267 1.992147 -10.670206
v -1.723889 2.448114 -10.665867
v -1.723889 2.448114 -10.665867
v -1.198440 2.195072 -10.670206
v -1.360267 1.992147 -10.670206
v -1.723889 2.448114 -10.665867
v -1.303527 2.245677 -10.670206
v -1.723889 2.448114 -10.665867
v -1.723889 2.448114 -10.665867
v -1.432992 2.083337 -10.670206
v -1.303527 2.245677 -10.670206
v -1.723889 2.448114 -10.665867
v -1.594114 1.879530 -10.670206
v -1.723889 2.448114 -10.665867
v -1.723889 2.448114 -10.665867
v -1.360267 1.992147 -10.670206
v -1.594114 1.879530 -10.670206
v -1.723889 2.448114 -10.665867
v -1.432992 2.083337 -10.670206
v -1.723889 2.448114 -10.665867
v -1.723889 2.448114 -10.665867
v -1.620066 1.993249 -10.670206
v -1.432992 2.083337 -10.670206
v -1.723889 2.448114 -10.665867
v -1.853663 1.879530 -10.670206
v -1.723889 2.448114 -10.665867
v -1.723889 2.448114 -10.665867
v -1.594114 1.879530 -10.670206
v -1.853663 1.879530 -10.670206
v -1.723889 2.448114 -10.665867
v -1.620066 1.993249 -10.670206
v -1.723889 2.448114 -10.665867
v -1.723889 2.448114 -10.665867
v -1.827710 1.993249 -10.670206
v -1.620066 1.993249 -10.670206
v -1.723889 2.448114 -10.665867
v -2.087510 1.992147 -10.670206
v -1.723889 2.448114 -10.665867
v -1.723889 2.448114 -10.665867
v -1.853663 1.879530 -10.670206
v -2.087510 1.992147 -10.670206
v -1.723889 2.448114 -10.665867
v -1.827710 1.993249 -10.670206
v -1.723889 2.448114 -10.665867
v -1.723889 2.448114 -10.665867
v -2.014785 2.083342 -10.670206
v -1.827710 1.993249 -10.670206
v -1.723889 2.448114 -10.665867
v -2.249337 2.195072 -10.670206
v -1.723889 2.448114 -10.665867
v -1.723889 2.448114 -10.665867
v -2.087510 1.992147 -10.670206
v -2.249337 2.195072 -10.670206
v -1.723889 2.448114 -10.665867
v -2.014785 2.083342 -10.670206
v -1.723889 2.448114 -10.665867
v -1.723889 2.448114 -10.665867
v -2.144250 2.245677 -10.670206
v -2.014785 2.083342 -10.670206
v -1.723889 2.448114 -10.665867
v -2.307092 2.448112 -10.670206
v -1.723889 2.448114 -10.665867
v -1.723889 2.448114 -10.665867
v -2.249337 2.195072 -10.670206
v -2.307092 2.448112 -10.670206
v -1.723889 2.448114 -10.665867
v -2.144250 2.245677 -10.670206
v -1.723889 2.448114 -10.665867
v -1.723889 2.448114 -10.665867
v -2.190451 2.448112 -10.670206
v -2.144250 2.245677 -10.670206
v -1.723889 2.448114 -10.665867
v -2.144250 2.650548 -10.670206
v -2.249337 2.701153 -10.670206
v -2.307092 2.448112 -10.670206
v -2.190451 2.448112 -10.670206
v -2.144250 2.650548 -10.670206
v -2.307092 2.448112 -10.670206
v -2.014785 2.812889 -10.670206
v -2.087510 2.904078 -10.670206
v -2.249337 2.701153 -10.670206
v -2.144250 2.650548 -10.670206
v -2.014785 2.812889 -10.670206
v -2.249337 2.701153 -10.670206
v -1.827710 2.902976 -10.670206
v -1.853663 3.016695 -10.670206
v -2.087510 2.904078 -10.670206
v -2.014785 2.812889 -10.670206
v -1.827710 2.902976 -10.670206
v -2.087510 2.904078 -10.670206
v -1.620066 2.902976 -10.670206
v -1.594114 3.016695 -10.670206
v -1.853663 3.016695 -10.670206
v -1.827710 2.902976 -10.670206
v -1.620066 2.902976 -10.670206
v -1.853663 3.016695 -10.670206
v -1.432992 2.812889 -10.670206
v -1.360267 2.904078 -10.670206
v -1.594114 3.016695 -10.670206
v -1.620066 2.902976 -10.670206
v -1.432992 2.812889 -10.670206
v -1.594114 3.016695 -10.670206
v -1.303527 2.650548 -10.670206
v -1.198440 2.701153 -10.670206
v -1.360267 2.904078 -10.670206
v -1.432992 2.812889 -10.670206
v -1.303527 2.650548 -10.670206
v -1.360267 2.904078 -10.670206
v -1.257326 2.448112 -10.670206
v -1.140685 2.448112 -10.670206
v -1.198440 2.701153 -10.670206
v -1.303527 2.650548 -10.670206
v -1.257326 2.448112 -10.670206
v -1.198440 2.701153 -10.670206
v -1.303527 2.245677 -10.670206
v -1.198440 2.195072 -10.670206
v -1.140685 2.448112 -10.670206
v -1.257326 2.448112 -10.670206
v -1.303527 2.245677 -10.670206
v -1.140685 2.448112 -10.670206
v -1.432992 2.083337 -10.670206
v -1.360267 1.992147 -10.670206
v -1.198440 2.195072 -10.670206
v -1.303527 2.245677 -10.670206
v -1.432992 2.083337 -10.670206
v -1.198440 2.195072 -10.670206
v -1.620066 1.993249 -10.670206
v -1.594114 1.879530 -10.670206
v -1.360267 1.992147 -10.670206
v -1.432992 2.083337 -10.670206
v -1.620066 1.993249 -10.670206
v -1.360267 1.992147 -10.670206
v -1.827710 1.993249 -10.670206
v -1.853663 1.879530 -10.670206
v -1.594114 1.879530 -10.670206
v -1.620066 1.993249 -10.670206
v -1.827710 1.993249 -10.670206
v -1.594114 1.879530 -10.670206
v -2.014785 2.083342 -10.670206
v -2.087510 1.992147 -10.670206
v -1.853663 1.879530 -10.670206
v -1.827710 1.993249 -10.670206
v -2.014785 2.083342 -10.670206
v -1.853663 1.879530 -10.670206
v -2.144250 2.245677 -10.670206
v -2.249337 2.195072 -10.670206
v -2.087510 1.992147 -10.670206
v -2.014785 2.083342 -10.670206
v -2.144250 2.245677 -10.670206
v -2.087510 1.992147 -10.670206
v -2.190451 2.448112 -10.670206
v -2.307092 2.448112 -10.670206
v -2.249337 2.195072 -10.670206
v -2.144250 2.245677 -10.670206
v -2.190451 2.448112 -10.670206
v -2.249337 2.195072 -10.670206
v 1.723889 2.448114 -10.665867
v 2.249337 2.701153 -10.670206
v 1.723889 2.448114 -10.665867
v 2.249337 2.701153 -10.670206
v 2.307092 2.448112 -10.670206
v 1.723889 2.448114 -10.665867
v 1.723889 2.448114 -10.665867
v 2.190451 2.448112 -10.670206
v 1.723889 2.448114 -10.665867
v 2.190451 2.448112 -10.670206
v 2.144250 2.650548 -10.670206
v 1.723889 2.448114 -10.665867
v 1.723889 2.448114 -10.665867
v 2.087510 2.904078 -10.670206
v 1.723889 2.448114 -10.665867
v 2.087510 2.904078 -10.670206
v 2.249337 2.701153 -10.670206
v 1.723889 2.448114 -10.665867
v 1.723889 2.448114 -10.665867
v 2.144250 2.650548 -10.670206
v 1.723889 2.448114 -10.665867
v 2.144250 2.650548 -10.670206
v 2.014785 2.812889 -10.670206
v 1.723889 2.448114 -10.665867
v 1.723889 2.448114 -10.665867
v 1.853663 3.016695 -10.670206
v 1.723889 2.448114 -10.665867
v 1.853663 3.016695 -10.670206
v 2.087510 2.904078 -10.670206
v 1.723889 2.448114 -10.665867
v 1.723889 2.448114 -10.665867
v 2.014785 2.812889 -10.670206
v 1.723889 2.448114 -10.665867
v 2.014785 2.812889 -10.670206
v 1.827710 2.902976 -10.670206
v 1.723889 2.448114 -10.665867
v 1.723889 2.448114 -10.665867
v 1.594114 3.016695 -10.670206
v 1.723889 2.448114 -10.665867
v 1.594114 3.016695 -10.670206
v 1.853663 3.016695 -10.670206
v 1.723889 2.448114 -10.665867
v 1.723889 2.448114 -10.665867
v 1.827710 2.902976 -10.670206
v 1.723889 2.448114 -10.665867
v 1.827710 2.902976 -10.670206
v 1.620066 2.902976 -10.670206
v 1.723889 2.448114 -10.665867
v 1.723889 2.448114 -10.665867
v 1.360267 2.904078 -10.670206
v 1.723889 2.448114 -10.665867
v 1.360267 2.904078 -10.670206
v 1.594114 3.016695 -10.670206
v 1.723889 2.448114 -10.665867
v 1.723889 2.448114 -10.665867
v 1.620066 2.902976 -10.670206
v 1.723889 2.448114 -10.665867
v 1.620066 2.902976 -10.670206
v 1.432992 2.812889 -10.670206
v 1.723889 2.448114 -10.665867
v 1.723889 2.448114 -10.665867
v 1.198440 2.701153 -10.670206
v 1.723889 2.448114 -10.665867
v 1.198440 2.701153 -10.670206
v 1.360267 2.904078 -10.670206
v 1.723889 2.448114 -10.665867
v 1.723889 2.448114 -10.665867
v 1.432992 2.812889 -10.670206
v 1.723889 2.448114 -10.665867
v 1.432992 2.812889 -10.670206
v 1.303527 2.650548 -10.670206
v 1.723889 2.448114 -10.665867
v 1.723889 2.448114 -10.665867
v 1.140685 2.448112 -10.670206
v 1.723889 2.448114 -10.665867
v 1.140685 2.448112 -10.670206
v 1.198440 2.701153 -10.670206
v 1.723889 2.448114 -10.665867
v 1.723889 2.448114 -10.665867
v 1.303527 2.650548 -10.670206
v 1.723889 2.448114 -10.665867
v 1.303527 2.650548 -10.670206
v 1.257326 2.448112 -10.670206
v 1.723889 2.448114 -10.665867
v 1.723889 2.448114 -10.665867
v 1.198440 2.195072 -10.670206
v 1.723889 2.448114 -10.665867
v 1.198440 2.195072 -10.670206
v 1.140685 2.448112 -10.670206
v 1.723889 2.448114 -10.665867
v 1.723889 2.448114 -10.665867
v 1.257326 2.448112 -10.670206
v 1.723889 2.448114 -10.665867
v 1.257326 2.448112 -10.670206
v 1.303527 2.245677 -10.670206
v 1.723889 2.448114 -10.665867
v 1.723889 2.448114 -10.665867
v 1.360267 1.992147 -10.670206
v 1.723889 2.448114 -10.665867
v 1.360267 1.992147 -10.670206
v 1.198440 2.195072 -10.670206
v 1.723889 2.448114 -10.665867
v 1.723889 2.448114 -10.665867
v 1.303527 2.245677 -10.670206
v 1.723889 2.448114 -10.665867
v 1.303527 2.245677 -10.670206
v 1.432992 2.083337 -10.670206
v 1.723889 2.448114 -10.665867
v 1.723889 2.448114 -10.665867
v 1.594114 1.879530 -10.670206
v 1.723889 2.448114 -10.665867
v 1.594114 1.879530 -10.670206
v 1.360267 1.992147 -10.670206
v 1.723889 2.448114 -10.665867
v 1.723889 2.448114 -10.665867
v 1.432992 2.083337 -10.670206
v 1.723889 2.448114 -10.665867
v 1.432992 2.083337 -10.670206
v 1.620066 1.993249 -10.670206
v 1.723889 2.448114 -10.665867
v 1.723889 2.448114 -10.665867
v 1.853663 1.879530 -10.670206
v 1.723889 2.448114 -10.665867
v 1.853663 1.879530 -10.670206
v 1.594114 1.879530 -10.670206
v 1.723889 2.448114 -10.665867
v 1.723889 2.448114 -10.665867
v 1.620066 1.993249 -10.670206
v 1.723889 2.448114 -10.665867
v 1.620066 1.993249 -10.670206
v 1.827710 1.993249 -10.670206
v 1.723889 2.448114 -10.665867
v 1.723889 2.448114 -10.665867
v 2.087510 1.992147 -10.670206
v 1.723889 2.448114 -10.665867
v 2.087510 1.992147 -10.670206
v 1.853663 1.879530 -10.670206
v 1.723889 2.448114 -10.665867
v 1.723889 2.448114 -10.665867
v 1.827710 1.993249 -10.670206
v 1.723889 2.448114 -10.665867
v 1.827710 1.993249 -10.670206
v 2.014785 2.083342 -10.670206
v 1.723889 2.448114 -10.665867
v 1.723889 2.448114 -10.665867
v 2.249337 2.195072 -10.670206
v 1.723889 2.448114 -10.665867
v 2.249337 2.195072 -10.670206
v 2.087510 1.992147 -10.670206
v 1.723889 2.448114 -10.665867
v 1.723889 2.448114 -10.665867
v 2.014785 2.083342 -10.670206
v 1.723889 2.448114 -10.665867
v 2.014785 2.083342 -10.670206
v 2.144250 2.245677 -10.670206
v 1.723889 2.448114 -10.665867
v 1.723889 2.448114 -10.665867
v 2.307092 2.448112 -10.670206
v 1.723889 2.448114 -10.665867
v 2.307092 2.448112 -10.670206
v 2.249337 2.195072 -10.670206
v 1.723889 2.448114 -10.665867
v 1.723889 2.448114 -10.665867
v 2.144250 2.245677 -10.670206
v 1.723889 2.448114 -10.665867
v 2.144250 2.245677 -10.670206
v 2.190451 2.448112 -10.670206
v 1.723889 2.448114 -10.665867
v 2.249337 2.701153 -10.670206
v 2.144250 2.650548 -10.670206
v 2.307092 2.448112 -10.670206
v 2.144250 2.650548 -10.670206
v 2.190451 2.448112 -10.670206
v 2.307092 2.448112 -10.670206
v 2.087510 2.904078 -10.670206
v 2.014785 2.812889 -10.670206
v 2.249337 2.701153 -10.670206
v 2.014785 2.812889 -10.670206
v 2.144250 2.650548 -10.670206
v 2.249337 2.701153 -10.670206
v 1.853663 3.016695 -10.670206
v 1.827710 2.902976 -10.670206
v 2.087510 2.904078 -10.670206
v 1.827710 2.902976 -10.670206
v 2.014785 2.812889 -10.670206
v 2.087510 2.904078 -10.670206
v 1.594114 3.016695 -10.670206
v 1.620066 2.902976 -10.670206
v 1.853663 3.016695 -10.670206
v 1.620066 2.902976 -10.670206
v 1.827710 2.902976 -10.670206
v 1.853663 3.016695 -10.670206
v 1.360267 2.904078 -10.670206
v 1.432992 2.812889 -10.670206
v 1.594114 3.016695 -10.670206
v 1.432992 2.812889 -10.670206
v 1.620066 2.902976 -10.670206
v 1.594114 3.016695 -10.670206
v 1.198440 2.701153 -10.670206
v 1.303527 2.650548 -10.670206
v 1.360267 2.904078 -10.670206
v 1.303527 2.650548 -10.670206
v 1.432992 2.812889 -10.670206
v 1.360267 2.904078 -10.670206
v 1.140685 2.448112 -10.670206
v 1.257326 2.448112 -10.670206
v 1.198440 2.701153 -10.670206
v 1.257326 2.448112 -10.670206
v 1.303527 2.650548 -10.670206
v 1.198440 2.701153 -10.670206
v 1.198440 2.195072 -10.670206
v 1.303527 2.245677 -10.670206
v 1.140685 2.448112 -10.670206
v 1.303527 2.245677 -10.670206
v 1.257326 2.448112 -10.670206
v 1.140685 2.448112 -10.670206
v 1.360267 1.992147 -10.670206
v 1.432992 2.083337 -10.670206
v 1.198440 2.195072 -10.670206
v 1.432992 2.083337 -10.670206
v 1.303527 2.245677 -10.670206
v 1.198440 2.195072 -10.670206
v 1.594114 1.879530 -10.670206
v 1.620066 1.993249 -10.670206
v 1.360267 1.992147 -10.670206
v 1.620066 1.993249 -10.670206
v 1.432992 2.083337 -10.670206
v 1.360267 1.992147 -10.670206
v 1.853663 1.879530 -10.670206
v 1.827710 1.993249 -10.670206
v 1.594114 1.879530 -10.670206
v 1.827710 1.993249 -10.670206
v 1.620066 1.993249 -10.670206
v 1.594114 1.879530 -10.670206
v 2.087510 1.992147 -10.670206
v 2.014785 2.083342 -10.670206
v 1.853663 1.879530 -10.670206
v 2.014785 2.083342 -10.670206
v 1.827710 1.993249 -10.670206
v 1.853663 1.879530 -10.670206
v 2.249337 2.195072 -10.670206
v 2.144250 2.245677 -10.670206
v 2.087510 1.992147 -10.670206
v 2.144250 2.245677 -10.670206
v 2.014785 2.083342 -10.670206
v 2.087510 1.992147 -10.670206
v 2.307092 2.448112 -10.670206
v 2.190451 2.448112 -10.670206
v 2.249337 2.195072 -10.670206
v 2.190451 2.448112 -10.670206
v 2.144250 2.245677 -10.670206
v 2.249337 2.195072 -10.670206
vn 0.0067 -0.0032 -1.0000
vn -0.0000 -0.0000 -1.0000
vn -0.0007 -0.0000 -1.0000
vn 0.0074 0.0001 -1.0000
vn 0.0067 -0.0033 -1.0000
vn -0.0008 -0.0001 -1.0000
vn -0.0093 -0.0000 1.0000
vn -0.0084 0.0040 1.0000
vn -0.0007 -0.0001 -1.0000
vn 0.0046 -0.0058 -1.0000
vn 0.0047 -0.0058 -1.0000
vn -0.0008 -0.0000 -1.0000
vn -0.0058 0.0073 1.0000
vn 0.0017 -0.0073 -1.0000
vn 0.0017 -0.0072 -1.0000
vn -0.0021 0.0091 1.0000
vn -0.0017 -0.0073 -1.0000
vn 0.0016 -0.0073 -1.0000
vn -0.0016 -0.0073 -1.0000
vn 0.0021 0.0091 1.0000
vn -0.0046 -0.0058 -1.0000
vn -0.0017 -0.0072 -1.0000
vn 0.0058 0.0073 1.0000
vn -0.0067 -0.0032 -1.0000
vn -0.0047 -0.0058 -1.0000
vn 0.0084 0.0040 1.0000
vn -0.0009 -0.0001 -1.0000
vn -0.0075 -0.0000 -1.0000
vn -0.0074 -0.0000 -1.0000
vn 0.0093 -0.0000 1.0000
vn -0.0067 0.0032 -1.0000
vn 0.0084 -0.0040 1.0000
vn -0.0046 0.0058 -1.0000
vn -0.0047 0.0058 -1.0000
vn 0.0058 -0.0073 1.0000
vn -0.0017 0.0073 -1.0000
vn -0.0017 0.0072 -1.0000
vn 0.0021 -0.0091 1.0000
vn 0.0017 0.0073 -1.0000
vn -0.0016 0.0073 -1.0000
vn 0.0016 0.0073 -1.0000
vn -0.0021 -0.0091 1.0000
vn 0.0046 0.0058 -1.0000
vn 0.0017 0.0072 -1.0000
vn -0.0058 -0.0072 1.0000
vn -0.0020 -0.0091 1.0000
vn 0.0067 0.0032 -1.0000
vn 0.0047 0.0058 -1.0000
vn -0.0058 -0.0073 1.0000
vn -0.0084 -0.0040 1.0000
vn 0.0075 -0.0000 -1.0000
vn 0.0074 -0.0000 -1.0000
vn -0.0000 -0.0000 1.0000
vn 0.0007 -0.0000 -1.0000
vn 0.0008 -0.0001 -1.0000
vn 0.0007 -0.0001 -1.0000
vn 0.0008 -0.0000 -1.0000
vn 0.0009 -0.0001 -1.0000
vn -0.0046 0.0059 -1.0000
vt 0.010358 1.426177
vt 0.010000 1.426000
vt 0.010397 1.426000
vt 0.010318 1.426000
vt 0.010286 1.426141
vt 0.010248 1.426319
vt 0.010198 1.426255
vt 0.010088 1.426397
vt 0.010071 1.426318
vt 0.009912 1.426397
vt 0.009929 1.426318
vt 0.009752 1.426319
vt 0.009802 1.426255
vt 0.009642 1.426177
vt 0.009714 1.426141
vt 0.009603 1.426000
vt 0.009682 1.426000
vt 0.009642 1.425823
vt 0.009714 1.425859
vt 0.009752 1.425681
vt 0.009802 1.425745
vt 0.009912 1.425603
vt 0.009929 1.425682
vt 0.010088 1.425603
vt 0.010071 1.425682
vt 0.010248 1.425681
vt 0.010198 1.425745
vt 0.010358 1.425823
vt 0.010286 1.425859
vt 0.010000 1.426000
vt 0.009642 1.426177
vt 0.009802 1.426255
vt 0.009912 1.426397
vt 0.010088 1.426397
vt 0.010071 1.426318
vt 0.010248 1.426319
vt 0.010198 1.426255
vt 0.010248 1.425681
vt 0.010198 1.425745
vt 0.010088 1.425603
vt 0.010071 1.425682
vt 0.009912 1.425603
vt 0.009802 1.425745
vt 0.009642 1.425823
s 0
usemtl Darkness
f 14104/1494/3885 14105/1495/3886 14106/1495/3887
s 1
f 14107/1496/3888 14108/1494/3889 14109/1495/3890
s 0
f 14110/1497/3891 14111/1495/3886 14112/1495/3890
s 1
f 14113/1498/3892 14114/1497/3891 14115/1495/3893
s 0
f 14116/1499/3894 14117/1495/3886 14118/1495/3887
s 1
f 14119/1494/3885 14120/1499/3895 14121/1495/3896
s 0
f 14122/1498/3892 14123/1495/3886 14124/1495/3890
s 1
f 14125/1500/3897 14126/1498/3892 14127/1495/3890
s 0
f 14128/1501/3898 14129/1495/3886 14130/1495/3887
s 1
f 14131/1499/3894 14132/1501/3899 14133/1495/3890
s 0
f 14134/1500/3897 14135/1495/3886 14136/1495/3890
s 1
f 14137/1502/3900 14138/1500/3897 14139/1495/3890
s 0
f 14140/1503/3901 14141/1495/3886 14142/1495/3887
s 1
f 14143/1501/3902 14144/1503/3903 14145/1495/3890
s 0
f 14146/1502/3900 14147/1495/3886 14148/1495/3890
s 1
f 14149/1504/3904 14150/1502/3900 14151/1495/3896
s 0
f 14152/1505/3905 14153/1495/3886 14154/1495/3887
s 1
f 14155/1503/3906 14156/1505/3905 14157/1495/3896
s 0
f 14158/1504/3904 14159/1495/3886 14160/1495/3890
s 1
f 14161/1506/3907 14162/1504/3904 14163/1495/3890
s 0
f 14164/1507/3908 14165/1495/3886 14166/1495/3887
s 1
f 14167/1505/3909 14168/1507/3908 14169/1495/3896
s 0
f 14170/1506/3907 14171/1495/3886 14172/1495/3890
s 1
f 14173/1508/3910 14174/1506/3907 14175/1495/3911
s 0
f 14176/1509/3912 14177/1495/3886 14178/1495/3887
s 1
f 14179/1507/3908 14180/1509/3913 14181/1495/3896
s 0
f 14182/1508/3910 14183/1495/3886 14184/1495/3890
s 1
f 14185/1510/3914 14186/1508/3910 14187/1495/3911
s 0
f 14188/1511/3915 14189/1495/3886 14190/1495/3887
s 1
f 14191/1509/3913 14192/1511/3915 14193/1495/3890
s 0
f 14194/1510/3914 14195/1495/3886 14196/1495/3890
s 1
f 14197/1512/3916 14198/1510/3914 14199/1495/3890
s 0
f 14200/1513/3917 14201/1495/3886 14202/1495/3887
s 1
f 14203/1511/3915 14204/1513/3918 14205/1495/3896
s 0
f 14206/1512/3916 14207/1495/3886 14208/1495/3890
s 1
f 14209/1514/3919 14210/1512/3916 14211/1495/3890
s 0
f 14212/1515/3920 14213/1495/3886 14214/1495/3887
s 1
f 14215/1513/3917 14216/1515/3921 14217/1495/3890
s 0
f 14218/1514/3919 14219/1495/3886 14220/1495/3890
s 1
f 14221/1516/3922 14222/1514/3919 14223/1495/3896
s 0
f 14224/1517/3923 14225/1495/3886 14226/1495/3887
s 1
f 14227/1515/3924 14228/1517/3925 14229/1495/3896
s 0
f 14230/1516/3922 14231/1495/3886 14232/1495/3890
s 1
f 14233/1518/3926 14234/1516/3922 14235/1495/3890
s 0
f 14236/1519/3927 14237/1495/3886 14238/1495/3887
s 1
f 14239/1517/3928 14240/1519/3927 14241/1495/3890
s 0
f 14242/1518/3926 14243/1495/3886 14244/1495/3890
s 1
f 14245/1520/3929 14246/1518/3930 14247/1495/3890
s 0
f 14248/1521/3931 14249/1495/3886 14250/1495/3887
s 1
f 14251/1519/3932 14252/1521/3931 14253/1495/3896
s 0
f 14254/1520/3933 14255/1495/3886 14256/1495/3890
s 1
f 14257/1522/3934 14258/1520/3933 14259/1495/3890
s 0
f 14260/1496/3935 14261/1495/3886 14262/1495/3887
s 1
f 14263/1521/3931 14264/1496/3936 14265/1495/3896
s 0
f 14266/1522/3934 14267/1495/3886 14268/1495/3890
s 1
f 14269/1497/3891 14270/1522/3934 14271/1495/3887
f 14272/1498/3937 14273/1494/3937 14274/1496/3937
f 14275/1497/3937 14276/1498/3937 14277/1496/3937
f 14278/1500/3937 14279/1499/3937 14280/1494/3937
f 14281/1498/3937 14282/1500/3937 14283/1494/3937
f 14284/1502/3937 14285/1501/3937 14286/1499/3937
f 14287/1500/3937 14288/1502/3937 14289/1499/3937
f 14290/1504/3937 14291/1503/3937 14292/1501/3937
f 14293/1502/3937 14294/1504/3937 14295/1501/3937
f 14296/1506/3937 14297/1505/3937 14298/1503/3937
f 14299/1504/3937 14300/1506/3937 14301/1503/3937
f 14302/1508/3937 14303/1507/3937 14304/1505/3937
f 14305/1506/3937 14306/1508/3937 14307/1505/3937
f 14308/1510/3937 14309/1509/3937 14310/1507/3937
f 14311/1508/3937 14312/1510/3937 14313/1507/3937
f 14314/1512/3937 14315/1511/3937 14316/1509/3937
f 14317/1510/3937 14318/1512/3937 14319/1509/3937
f 14320/1514/3937 14321/1513/3937 14322/1511/3937
f 14323/1512/3937 14324/1514/3937 14325/1511/3937
f 14326/1516/3937 14327/1515/3937 14328/1513/3937
f 14329/1514/3937 14330/1516/3937 14331/1513/3937
f 14332/1518/3937 14333/1517/3937 14334/1515/3937
f 14335/1516/3937 14336/1518/3937 14337/1515/3937
f 14338/1520/3937 14339/1519/3937 14340/1517/3937
f 14341/1518/3937 14342/1520/3937 14343/1517/3937
f 14344/1522/3937 14345/1521/3937 14346/1519/3937
f 14347/1520/3937 14348/1522/3937 14349/1519/3937
f 14350/1497/3937 14351/1496/3937 14352/1521/3937
f 14353/1522/3937 14354/1497/3937 14355/1521/3937
s 0
f 14356/1523/3938 14357/1524/3908 14358/1523/3886
s 1
f 14359/1524/3908 14360/1509/3913 14361/1523/3939
s 0
f 14362/1523/3939 14363/1510/3914 14364/1523/3886
s 1
f 14365/1510/3914 14366/1508/3910 14367/1523/3940
s 0
f 14368/1523/3938 14369/1505/3905 14370/1523/3886
s 1
f 14371/1505/3909 14372/1524/3908 14373/1523/3939
s 0
f 14374/1523/3939 14375/1508/3910 14376/1523/3886
s 1
f 14377/1508/3910 14378/1525/3907 14379/1523/3939
s 0
f 14380/1523/3938 14381/1526/3901 14382/1523/3886
s 1
f 14383/1526/3906 14384/1505/3905 14385/1523/3939
s 0
f 14386/1523/3939 14387/1525/3907 14388/1523/3886
s 1
f 14389/1525/3907 14390/1504/3904 14391/1523/3939
s 0
f 14392/1523/3938 14393/1527/3898 14394/1523/3886
s 1
f 14395/1527/3902 14396/1526/3903 14397/1523/3939
s 0
f 14398/1523/3939 14399/1504/3904 14400/1523/3886
s 1
f 14401/1504/3904 14402/1528/3900 14403/1523/3941
s 0
f 14404/1523/3938 14405/1529/3894 14406/1523/3886
s 1
f 14407/1529/3894 14408/1527/3899 14409/1523/3939
s 0
f 14410/1523/3939 14411/1528/3900 14412/1523/3886
s 1
f 14413/1528/3900 14414/1530/3897 14415/1523/3939
s 0
f 14416/1523/3938 14417/1494/3885 14418/1523/3886
s 1
f 14419/1494/3885 14420/1529/3895 14421/1523/3941
s 0
f 14422/1523/3939 14423/1530/3897 14424/1523/3886
s 1
f 14425/1530/3897 14426/1498/3892 14427/1523/3942
s 0
f 14428/1523/3938 14429/1496/3935 14430/1523/3886
s 1
f 14431/1496/3936 14432/1494/3885 14433/1523/3939
s 0
f 14434/1523/3939 14435/1498/3892 14436/1523/3886
s 1
f 14437/1498/3892 14438/1497/3891 14439/1523/3942
s 0
f 14440/1523/3938 14441/1521/3931 14442/1523/3886
s 1
f 14443/1521/3931 14444/1496/3936 14445/1523/3939
s 0
f 14446/1523/3939 14447/1497/3891 14448/1523/3886
s 1
f 14449/1497/3891 14450/1522/3934 14451/1523/3939
s 0
f 14452/1523/3938 14453/1531/3927 14454/1523/3886
s 1
f 14455/1531/3932 14456/1521/3931 14457/1523/3941
s 0
f 14458/1523/3939 14459/1522/3934 14460/1523/3886
s 1
f 14461/1522/3934 14462/1532/3933 14463/1523/3939
s 0
f 14464/1523/3938 14465/1533/3923 14466/1523/3886
s 1
f 14467/1533/3928 14468/1531/3927 14469/1523/3939
s 0
f 14470/1523/3939 14471/1532/3933 14472/1523/3886
s 1
f 14473/1532/3933 14474/1534/3926 14475/1523/3941
s 0
f 14476/1523/3938 14477/1535/3920 14478/1523/3886
s 1
f 14479/1535/3924 14480/1533/3925 14481/1523/3941
s 0
f 14482/1523/3939 14483/1534/3926 14484/1523/3886
s 1
f 14485/1534/3926 14486/1516/3922 14487/1523/3939
s 0
f 14488/1523/3938 14489/1513/3917 14490/1523/3886
s 1
f 14491/1513/3943 14492/1535/3921 14493/1523/3939
s 0
f 14494/1523/3939 14495/1516/3922 14496/1523/3886
s 1
f 14497/1516/3922 14498/1536/3919 14499/1523/3939
s 0
f 14500/1523/3938 14501/1537/3915 14502/1523/3886
s 1
f 14503/1537/3915 14504/1513/3918 14505/1523/3941
s 0
f 14506/1523/3939 14507/1536/3919 14508/1523/3886
s 1
f 14509/1536/3919 14510/1512/3916 14511/1523/3939
s 0
f 14512/1523/3938 14513/1509/3912 14514/1523/3886
s 1
f 14515/1509/3913 14516/1537/3915 14517/1523/3941
s 0
f 14518/1523/3939 14519/1512/3916 14520/1523/3886
s 1
f 14521/1512/3916 14522/1510/3914 14523/1523/3938
f 14524/1524/3937 14525/1508/3937 14526/1509/3937
f 14527/1508/3937 14528/1510/3937 14529/1509/3937
f 14530/1505/3937 14531/1525/3937 14532/1524/3937
f 14533/1525/3937 14534/1508/3937 14535/1524/3937
f 14536/1526/3937 14537/1504/3937 14538/1505/3937
f 14539/1504/3937 14540/1525/3937 14541/1505/3937
f 14542/1527/3937 14543/1528/3937 14544/1526/3937
f 14545/1528/3937 14546/1504/3937 14547/1526/3937
f 14548/1529/3937 14549/1530/3937 14550/1527/3937
f 14551/1530/3937 14552/1528/3937 14553/1527/3937
f 14554/1494/3937 14555/1498/3937 14556/1529/3937
f 14557/1498/3937 14558/1530/3937 14559/1529/3937
f 14560/1496/3937 14561/1497/3937 14562/1494/3937
f 14563/1497/3937 14564/1498/3937 14565/1494/3937
f 14566/1521/3937 14567/1522/3937 14568/1496/3937
f 14569/1522/3937 14570/1497/3937 14571/1496/3937
f 14572/1531/3937 14573/1532/3937 14574/1521/3937
f 14575/1532/3937 14576/1522/3937 14577/1521/3937
f 14578/1533/3937 14579/1534/3937 14580/1531/3937
f 14581/1534/3937 14582/1532/3937 14583/1531/3937
f 14584/1535/3937 14585/1516/3937 14586/1533/3937
f 14587/1516/3937 14588/1534/3937 14589/1533/3937
f 14590/1513/3937 14591/1536/3937 14592/1535/3937
f 14593/1536/3937 14594/1516/3937 14595/1535/3937
f 14596/1537/3937 14597/1512/3937 14598/1513/3937
f 14599/1512/3937 14600/1536/3937 14601/1513/3937
f 14602/1509/3937 14603/1510/3937 14604/1537/3937
f 14605/1510/3937 14606/1512/3937 14607/1537/3937
o Bottom_9
v -1.796414 5.671049 -9.541121
v -1.593219 5.488456 -9.679223
v -1.806823 5.758023 -9.721440
v -1.593219 5.488456 -9.679223
v -1.485234 5.392398 -9.833771
v -1.806823 5.758023 -9.721440
v -1.485234 5.392398 -9.833771
v -1.513686 5.419552 -9.945738
v -1.806823 5.758023 -9.721440
v -1.513686 5.419552 -9.945738
v -1.667711 5.559546 -9.972363
v -1.806823 5.758023 -9.721440
v -1.667711 5.559546 -9.972363
v -1.888492 5.758923 -9.903467
v -1.806823 5.758023 -9.721440
v -1.888492 5.758923 -9.903467
v -2.091688 5.941516 -9.765366
v -1.806823 5.758023 -9.721440
v -2.091688 5.941516 -9.765366
v -2.199673 6.037573 -9.610819
v -1.806823 5.758023 -9.721440
v -2.199673 6.037573 -9.610819
v -2.171220 6.010419 -9.498852
v -1.806823 5.758023 -9.721440
v -2.171220 6.010419 -9.498852
v -2.017196 5.870426 -9.472224
v -1.806823 5.758023 -9.721440
v -2.017196 5.870426 -9.472224
v -1.796414 5.671049 -9.541121
v -1.806823 5.758023 -9.721440
v -1.471803 5.159202 -9.642838
v -1.593219 5.488456 -9.679223
v -1.796414 5.671049 -9.541121
v -1.858292 5.506505 -9.380160
v -1.471803 5.159202 -9.642838
v -1.796414 5.671049 -9.541121
v -1.266381 4.976471 -9.936810
v -1.485234 5.392398 -9.833771
v -1.593219 5.488456 -9.679223
v -1.471803 5.159202 -9.642838
v -1.266381 4.976471 -9.936810
v -1.593219 5.488456 -9.679223
v -1.320504 5.028122 -10.149794
v -1.513686 5.419552 -9.945738
v -1.485234 5.392398 -9.833771
v -1.266381 4.976471 -9.936810
v -1.320504 5.028122 -10.149794
v -1.485234 5.392398 -9.833771
v -1.613495 5.294425 -10.200425
v -1.667711 5.559546 -9.972363
v -1.513686 5.419552 -9.945738
v -1.320504 5.028122 -10.149794
v -1.613495 5.294425 -10.200425
v -1.513686 5.419552 -9.945738
v -2.033434 5.673651 -10.069380
v -1.888492 5.758923 -9.903467
v -1.667711 5.559546 -9.972363
v -1.613495 5.294425 -10.200425
v -2.033434 5.673651 -10.069380
v -1.667711 5.559546 -9.972363
v -2.419924 6.020955 -9.806702
v -2.091688 5.941516 -9.765366
v -1.888492 5.758923 -9.903467
v -2.033434 5.673651 -10.069380
v -2.419924 6.020955 -9.806702
v -1.888492 5.758923 -9.903467
v -2.625346 6.203685 -9.512730
v -2.199673 6.037573 -9.610819
v -2.091688 5.941516 -9.765366
v -2.419924 6.020955 -9.806702
v -2.625346 6.203685 -9.512730
v -2.091688 5.941516 -9.765366
v -2.571223 6.152034 -9.299747
v -2.171220 6.010419 -9.498852
v -2.199673 6.037573 -9.610819
v -2.625346 6.203685 -9.512730
v -2.571223 6.152034 -9.299747
v -2.199673 6.037573 -9.610819
v -2.278232 5.885733 -9.249115
v -2.017196 5.870426 -9.472224
v -2.171220 6.010419 -9.498852
v -2.571223 6.152034 -9.299747
v -2.278232 5.885733 -9.249115
v -2.171220 6.010419 -9.498852
v -1.858292 5.506505 -9.380160
v -1.796414 5.671049 -9.541121
v -2.017196 5.870426 -9.472224
v -2.278232 5.885733 -9.249115
v -1.858292 5.506505 -9.380160
v -2.017196 5.870426 -9.472224
v -1.454434 4.802477 -9.615857
v -1.471803 5.159202 -9.642838
v -1.858292 5.506505 -9.380160
v -1.986396 5.280505 -9.254313
v -1.454434 4.802477 -9.615857
v -1.858292 5.506505 -9.380160
v -1.171706 4.550980 -10.020473
v -1.266381 4.976471 -9.936810
v -1.471803 5.159202 -9.642838
v -1.454434 4.802477 -9.615857
v -1.171706 4.550980 -10.020473
v -1.471803 5.159202 -9.642838
v -1.246198 4.622071 -10.313614
v -1.320504 5.028122 -10.149794
v -1.266381 4.976471 -9.936810
v -1.171706 4.550980 -10.020473
v -1.246198 4.622071 -10.313614
v -1.266381 4.976471 -9.936810
v -1.649457 4.988595 -10.383310
v -1.613495 5.294425 -10.200425
v -1.320504 5.028122 -10.149794
v -1.246198 4.622071 -10.313614
v -1.649457 4.988595 -10.383310
v -1.320504 5.028122 -10.149794
v -2.227458 5.510561 -10.202938
v -2.033434 5.673651 -10.069380
v -1.613495 5.294425 -10.200425
v -1.649457 4.988595 -10.383310
v -2.227458 5.510561 -10.202938
v -1.613495 5.294425 -10.200425
v -2.759419 5.988586 -9.841393
v -2.419924 6.020955 -9.806702
v -2.033434 5.673651 -10.069380
v -2.227458 5.510561 -10.202938
v -2.759419 5.988586 -9.841393
v -2.033434 5.673651 -10.069380
v -3.042147 6.240084 -9.436777
v -2.625346 6.203685 -9.512730
v -2.419924 6.020955 -9.806702
v -2.759419 5.988586 -9.841393
v -3.042147 6.240084 -9.436777
v -2.419924 6.020955 -9.806702
v -2.967655 6.168993 -9.143637
v -2.571223 6.152034 -9.299747
v -2.625346 6.203685 -9.512730
v -3.042147 6.240084 -9.436777
v -2.967655 6.168993 -9.143637
v -2.625346 6.203685 -9.512730
v -2.564397 5.802469 -9.073938
v -2.278232 5.885733 -9.249115
v -2.571223 6.152034 -9.299747
v -2.967655 6.168993 -9.143637
v -2.564397 5.802469 -9.073938
v -2.571223 6.152034 -9.299747
v -1.986396 5.280505 -9.254313
v -1.858292 5.506505 -9.380160
v -2.278232 5.885733 -9.249115
v -2.564397 5.802469 -9.073938
v -1.986396 5.280505 -9.254313
v -2.278232 5.885733 -9.249115
v -1.542829 4.453207 -9.600918
v -1.454434 4.802477 -9.615857
v -1.986396 5.280505 -9.254313
v -2.168189 5.015163 -9.175894
v -1.542829 4.453207 -9.600918
v -1.986396 5.280505 -9.254313
v -1.210461 4.157554 -10.076572
v -1.171706 4.550980 -10.020473
v -1.454434 4.802477 -9.615857
v -1.542829 4.453207 -9.600918
v -1.210461 4.157554 -10.076572
v -1.454434 4.802477 -9.615857
v -1.298031 4.241126 -10.421179
v -1.246198 4.622071 -10.313614
v -1.171706 4.550980 -10.020473
v -1.210461 4.157554 -10.076572
v -1.298031 4.241126 -10.421179
v -1.171706 4.550980 -10.020473
v -1.772091 4.672002 -10.503111
v -1.649457 4.988595 -10.383310
v -1.246198 4.622071 -10.313614
v -1.298031 4.241126 -10.421179
v -1.772091 4.672002 -10.503111
v -1.246198 4.622071 -10.313614
v -2.451573 5.285610 -10.291071
v -2.227458 5.510561 -10.202938
v -1.649457 4.988595 -10.383310
v -1.772091 4.672002 -10.503111
v -2.451573 5.285610 -10.291071
v -1.649457 4.988595 -10.383310
v -3.076932 5.847565 -9.866048
v -2.759419 5.988586 -9.841393
v -2.227458 5.510561 -10.202938
v -2.451573 5.285610 -10.291071
v -3.076932 5.847565 -9.866048
v -2.227458 5.510561 -10.202938
v -3.409300 6.143219 -9.390390
v -3.042147 6.240084 -9.436777
v -2.759419 5.988586 -9.841393
v -3.076932 5.847565 -9.866048
v -3.409300 6.143219 -9.390390
v -2.759419 5.988586 -9.841393
v -3.321731 6.059647 -9.045787
v -2.967655 6.168993 -9.143637
v -3.042147 6.240084 -9.436777
v -3.409300 6.143219 -9.390390
v -3.321731 6.059647 -9.045787
v -3.042147 6.240084 -9.436777
v -2.847671 5.628771 -8.963856
v -2.564397 5.802469 -9.073938
v -2.967655 6.168993 -9.143637
v -3.321731 6.059647 -9.045787
v -2.847671 5.628771 -8.963856
v -2.967655 6.168993 -9.143637
v -2.168189 5.015163 -9.175894
v -1.986396 5.280505 -9.254313
v -2.564397 5.802469 -9.073938
v -2.847671 5.628771 -8.963856
v -2.168189 5.015163 -9.175894
v -2.564397 5.802469 -9.073938
v -1.728330 4.145580 -9.599478
v -1.542829 4.453207 -9.600918
v -2.168189 5.015163 -9.175894
v -2.385874 4.736458 -9.152586
v -1.728330 4.145580 -9.599478
v -2.168189 5.015163 -9.175894
v -1.378857 3.834712 -10.099612
v -1.210461 4.157554 -10.076572
v -1.542829 4.453207 -9.600918
v -1.728330 4.145580 -9.599478
v -1.378857 3.834712 -10.099612
v -1.542829 4.453207 -9.600918
v -1.470934 3.922585 -10.461956
v -1.298031 4.241126 -10.421179
v -1.210461 4.157554 -10.076572
v -1.378857 3.834712 -10.099612
v -1.470934 3.922585 -10.461956
v -1.210461 4.157554 -10.076572
v -1.969391 4.375635 -10.548105
v -1.772091 4.672002 -10.503111
v -1.298031 4.241126 -10.421179
v -1.470934 3.922585 -10.461956
v -1.969391 4.375635 -10.548105
v -1.298031 4.241126 -10.421179
v -2.683842 5.020821 -10.325148
v -2.451573 5.285610 -10.291071
v -1.772091 4.672002 -10.503111
v -1.969391 4.375635 -10.548105
v -2.683842 5.020821 -10.325148
v -1.772091 4.672002 -10.503111
v -3.341387 5.611698 -9.878254
v -3.076932 5.847565 -9.866048
v -2.451573 5.285610 -10.291071
v -2.683842 5.020821 -10.325148
v -3.341387 5.611698 -9.878254
v -2.451573 5.285610 -10.291071
v -3.690860 5.922567 -9.378122
v -3.409300 6.143219 -9.390390
v -3.076932 5.847565 -9.866048
v -3.341387 5.611698 -9.878254
v -3.690860 5.922567 -9.378122
v -3.076932 5.847565 -9.866048
v -3.598782 5.834694 -9.015778
v -3.321731 6.059647 -9.045787
v -3.409300 6.143219 -9.390390
v -3.690860 5.922567 -9.378122
v -3.598782 5.834694 -9.015778
v -3.409300 6.143219 -9.390390
v -3.100314 5.381632 -8.929635
v -2.847671 5.628771 -8.963856
v -3.321731 6.059647 -9.045787
v -3.598782 5.834694 -9.015778
v -3.100314 5.381632 -8.929635
v -3.321731 6.059647 -9.045787
v -2.385874 4.736458 -9.152586
v -2.168189 5.015163 -9.175894
v -2.847671 5.628771 -8.963856
v -3.100314 5.381632 -8.929635
v -2.385874 4.736458 -9.152586
v -2.847671 5.628771 -8.963856
v -1.992784 3.909713 -9.611688
v -1.728330 4.145580 -9.599478
v -2.385874 4.736458 -9.152586
v -2.618143 4.471669 -9.186663
v -1.992784 3.909713 -9.611688
v -2.385874 4.736458 -9.152586
v -1.660416 3.614060 -10.087345
v -1.378857 3.834712 -10.099612
v -1.728330 4.145580 -9.599478
v -1.992784 3.909713 -9.611688
v -1.660416 3.614060 -10.087345
v -1.728330 4.145580 -9.599478
v -1.747985 3.697631 -10.431948
v -1.470934 3.922585 -10.461956
v -1.378857 3.834712 -10.099612
v -1.660416 3.614060 -10.087345
v -1.747985 3.697631 -10.431948
v -1.378857 3.834712 -10.099612
v -2.222046 4.128508 -10.513880
v -1.969391 4.375635 -10.548105
v -1.470934 3.922585 -10.461956
v -1.747985 3.697631 -10.431948
v -2.222046 4.128508 -10.513880
v -1.470934 3.922585 -10.461956
v -2.901528 4.742115 -10.301839
v -2.683842 5.020821 -10.325148
v -1.969391 4.375635 -10.548105
v -2.222046 4.128508 -10.513880
v -2.901528 4.742115 -10.301839
v -1.969391 4.375635 -10.548105
v -3.526887 5.304070 -9.876816
v -3.341387 5.611698 -9.878254
v -2.683842 5.020821 -10.325148
v -2.901528 4.742115 -10.301839
v -3.526887 5.304070 -9.876816
v -2.683842 5.020821 -10.325148
v -3.859255 5.599725 -9.401160
v -3.690860 5.922567 -9.378122
v -3.341387 5.611698 -9.878254
v -3.526887 5.304070 -9.876816
v -3.859255 5.599725 -9.401160
v -3.341387 5.611698 -9.878254
v -3.771686 5.516152 -9.056557
v -3.598782 5.834694 -9.015778
v -3.690860 5.922567 -9.378122
v -3.859255 5.599725 -9.401160
v -3.771686 5.516152 -9.056557
v -3.690860 5.922567 -9.378122
v -3.297626 5.085276 -8.974624
v -3.100314 5.381632 -8.929635
v -3.598782 5.834694 -9.015778
v -3.771686 5.516152 -9.056557
v -3.297626 5.085276 -8.974624
v -3.598782 5.834694 -9.015778
v -2.618143 4.471669 -9.186663
v -2.385874 4.736458 -9.152586
v -3.100314 5.381632 -8.929635
v -3.297626 5.085276 -8.974624
v -2.618143 4.471669 -9.186663
v -3.100314 5.381632 -8.929635
v -2.310297 3.768691 -9.636343
v -1.992784 3.909713 -9.611688
v -2.618143 4.471669 -9.186663
v -2.842260 4.246719 -9.274796
v -2.310297 3.768691 -9.636343
v -2.618143 4.471669 -9.186663
v -2.027569 3.517195 -10.040958
v -1.660416 3.614060 -10.087345
v -1.992784 3.909713 -9.611688
v -2.310297 3.768691 -9.636343
v -2.027569 3.517195 -10.040958
v -1.992784 3.909713 -9.611688
v -2.102061 3.588286 -10.334100
v -1.747985 3.697631 -10.431948
v -1.660416 3.614060 -10.087345
v -2.027569 3.517195 -10.040958
v -2.102061 3.588286 -10.334100
v -1.660416 3.614060 -10.087345
v -2.505320 3.954810 -10.403795
v -2.222046 4.128508 -10.513880
v -1.747985 3.697631 -10.431948
v -2.102061 3.588286 -10.334100
v -2.505320 3.954810 -10.403795
v -1.747985 3.697631 -10.431948
v -3.083320 4.476773 -10.223422
v -2.901528 4.742115 -10.301839
v -2.222046 4.128508 -10.513880
v -2.505320 3.954810 -10.403795
v -3.083320 4.476773 -10.223422
v -2.222046 4.128508 -10.513880
v -3.615283 4.954801 -9.861877
v -3.526887 5.304070 -9.876816
v -2.901528 4.742115 -10.301839
v -3.083320 4.476773 -10.223422
v -3.615283 4.954801 -9.861877
v -2.901528 4.742115 -10.301839
v -3.898010 5.206298 -9.457263
v -3.859255 5.599725 -9.401160
v -3.526887 5.304070 -9.876816
v -3.615283 4.954801 -9.861877
v -3.898010 5.206298 -9.457263
v -3.526887 5.304070 -9.876816
v -3.823519 5.135207 -9.164122
v -3.771686 5.516152 -9.056557
v -3.859255 5.599725 -9.401160
v -3.898010 5.206298 -9.457263
v -3.823519 5.135207 -9.164122
v -3.859255 5.599725 -9.401160
v -3.420260 4.768683 -9.094423
v -3.297626 5.085276 -8.974624
v -3.771686 5.516152 -9.056557
v -3.823519 5.135207 -9.164122
v -3.420260 4.768683 -9.094423
v -3.771686 5.516152 -9.056557
v -2.842260 4.246719 -9.274796
v -2.618143 4.471669 -9.186663
v -3.297626 5.085276 -8.974624
v -3.420260 4.768683 -9.094423
v -2.842260 4.246719 -9.274796
v -3.297626 5.085276 -8.974624
v -2.649793 3.736324 -9.671032
v -2.310297 3.768691 -9.636343
v -2.842260 4.246719 -9.274796
v -3.036282 4.083627 -9.408355
v -2.649793 3.736324 -9.671032
v -2.842260 4.246719 -9.274796
v -2.444371 3.553593 -9.965006
v -2.027569 3.517195 -10.040958
v -2.310297 3.768691 -9.636343
v -2.649793 3.736324 -9.671032
v -2.444371 3.553593 -9.965006
v -2.310297 3.768691 -9.636343
v -2.498494 3.605245 -10.177989
v -2.102061 3.588286 -10.334100
v -2.027569 3.517195 -10.040958
v -2.444371 3.553593 -9.965006
v -2.498494 3.605245 -10.177989
v -2.027569 3.517195 -10.040958
v -2.791485 3.871546 -10.228620
v -2.505320 3.954810 -10.403795
v -2.102061 3.588286 -10.334100
v -2.498494 3.605245 -10.177989
v -2.791485 3.871546 -10.228620
v -2.102061 3.588286 -10.334100
v -3.211424 4.250772 -10.097574
v -3.083320 4.476773 -10.223422
v -2.505320 3.954810 -10.403795
v -2.791485 3.871546 -10.228620
v -3.211424 4.250772 -10.097574
v -2.505320 3.954810 -10.403795
v -3.597914 4.598077 -9.834897
v -3.615283 4.954801 -9.861877
v -3.083320 4.476773 -10.223422
v -3.211424 4.250772 -10.097574
v -3.597914 4.598077 -9.834897
v -3.083320 4.476773 -10.223422
v -3.803335 4.780806 -9.540924
v -3.898010 5.206298 -9.457263
v -3.615283 4.954801 -9.861877
v -3.597914 4.598077 -9.834897
v -3.803335 4.780806 -9.540924
v -3.615283 4.954801 -9.861877
v -3.749213 4.729156 -9.327941
v -3.823519 5.135207 -9.164122
v -3.898010 5.206298 -9.457263
v -3.803335 4.780806 -9.540924
v -3.749213 4.729156 -9.327941
v -3.898010 5.206298 -9.457263
v -3.456222 4.462854 -9.277309
v -3.420260 4.768683 -9.094423
v -3.823519 5.135207 -9.164122
v -3.749213 4.729156 -9.327941
v -3.456222 4.462854 -9.277309
v -3.823519 5.135207 -9.164122
v -3.036282 4.083627 -9.408355
v -2.842260 4.246719 -9.274796
v -3.420260 4.768683 -9.094423
v -3.456222 4.462854 -9.277309
v -3.036282 4.083627 -9.408355
v -3.420260 4.768683 -9.094423
v -2.978029 3.815762 -9.712368
v -2.649793 3.736324 -9.671032
v -3.036282 4.083627 -9.408355
v -3.181225 3.998356 -9.574266
v -2.978029 3.815762 -9.712368
v -3.036282 4.083627 -9.408355
v -2.870044 3.719705 -9.866917
v -2.444371 3.553593 -9.965006
v -2.649793 3.736324 -9.671032
v -2.978029 3.815762 -9.712368
v -2.870044 3.719705 -9.866917
v -2.649793 3.736324 -9.671032
v -2.898497 3.746859 -9.978884
v -2.498494 3.605245 -10.177989
v -2.444371 3.553593 -9.965006
v -2.870044 3.719705 -9.866917
v -2.898497 3.746859 -9.978884
v -2.444371 3.553593 -9.965006
v -3.052521 3.886853 -10.005508
v -2.791485 3.871546 -10.228620
v -2.498494 3.605245 -10.177989
v -2.898497 3.746859 -9.978884
v -3.052521 3.886853 -10.005508
v -2.498494 3.605245 -10.177989
v -3.273302 4.086229 -9.936611
v -3.211424 4.250772 -10.097574
v -2.791485 3.871546 -10.228620
v -3.052521 3.886853 -10.005508
v -3.273302 4.086229 -9.936611
v -2.791485 3.871546 -10.228620
v -3.476498 4.268823 -9.798512
v -3.597914 4.598077 -9.834897
v -3.211424 4.250772 -10.097574
v -3.273302 4.086229 -9.936611
v -3.476498 4.268823 -9.798512
v -3.211424 4.250772 -10.097574
v -3.584483 4.364880 -9.643964
v -3.803335 4.780806 -9.540924
v -3.597914 4.598077 -9.834897
v -3.476498 4.268823 -9.798512
v -3.584483 4.364880 -9.643964
v -3.597914 4.598077 -9.834897
v -3.556030 4.337726 -9.531996
v -3.749213 4.729156 -9.327941
v -3.803335 4.780806 -9.540924
v -3.584483 4.364880 -9.643964
v -3.556030 4.337726 -9.531996
v -3.803335 4.780806 -9.540924
v -3.402006 4.197732 -9.505369
v -3.456222 4.462854 -9.277309
v -3.749213 4.729156 -9.327941
v -3.556030 4.337726 -9.531996
v -3.402006 4.197732 -9.505369
v -3.749213 4.729156 -9.327941
v -3.181225 3.998356 -9.574266
v -3.036282 4.083627 -9.408355
v -3.456222 4.462854 -9.277309
v -3.402006 4.197732 -9.505369
v -3.181225 3.998356 -9.574266
v -3.456222 4.462854 -9.277309
v -3.262893 3.999256 -9.756293
v -2.978029 3.815762 -9.712368
v -3.181225 3.998356 -9.574266
v -3.262893 3.999256 -9.756293
v -2.870044 3.719705 -9.866917
v -2.978029 3.815762 -9.712368
v -3.262893 3.999256 -9.756293
v -2.898497 3.746859 -9.978884
v -2.870044 3.719705 -9.866917
v -3.262893 3.999256 -9.756293
v -3.052521 3.886853 -10.005508
v -2.898497 3.746859 -9.978884
v -3.262893 3.999256 -9.756293
v -3.273302 4.086229 -9.936611
v -3.052521 3.886853 -10.005508
v -3.262893 3.999256 -9.756293
v -3.476498 4.268823 -9.798512
v -3.273302 4.086229 -9.936611
v -3.262893 3.999256 -9.756293
v -3.584483 4.364880 -9.643964
v -3.476498 4.268823 -9.798512
v -3.262893 3.999256 -9.756293
v -3.556030 4.337726 -9.531996
v -3.584483 4.364880 -9.643964
v -3.262893 3.999256 -9.756293
v -3.402006 4.197732 -9.505369
v -3.556030 4.337726 -9.531996
v -3.262893 3.999256 -9.756293
v -3.181225 3.998356 -9.574266
v -3.402006 4.197732 -9.505369
v 1.593219 5.488456 -9.679223
v 1.796414 5.671049 -9.541121
v 1.806823 5.758023 -9.721440
v 1.485234 5.392398 -9.833771
v 1.593219 5.488456 -9.679223
v 1.806823 5.758023 -9.721440
v 1.513686 5.419552 -9.945738
v 1.485234 5.392398 -9.833771
v 1.806823 5.758023 -9.721440
v 1.667711 5.559546 -9.972363
v 1.513686 5.419552 -9.945738
v 1.806823 5.758023 -9.721440
v 1.888492 5.758923 -9.903467
v 1.667711 5.559546 -9.972363
v 1.806823 5.758023 -9.721440
v 2.091688 5.941516 -9.765366
v 1.888492 5.758923 -9.903467
v 1.806823 5.758023 -9.721440
v 2.199673 6.037573 -9.610819
v 2.091688 5.941516 -9.765366
v 1.806823 5.758023 -9.721440
v 2.171220 6.010419 -9.498852
v 2.199673 6.037573 -9.610819
v 1.806823 5.758023 -9.721440
v 2.017196 5.870426 -9.472224
v 2.171220 6.010419 -9.498852
v 1.806823 5.758023 -9.721440
v 1.796414 5.671049 -9.541121
v 2.017196 5.870426 -9.472224
v 1.806823 5.758023 -9.721440
v 1.593219 5.488456 -9.679223
v 1.471803 5.159202 -9.642838
v 1.796414 5.671049 -9.541121
v 1.471803 5.159202 -9.642838
v 1.858292 5.506505 -9.380160
v 1.796414 5.671049 -9.541121
v 1.485234 5.392398 -9.833771
v 1.266381 4.976471 -9.936810
v 1.593219 5.488456 -9.679223
v 1.266381 4.976471 -9.936810
v 1.471803 5.159202 -9.642838
v 1.593219 5.488456 -9.679223
v 1.513686 5.419552 -9.945738
v 1.320504 5.028122 -10.149794
v 1.485234 5.392398 -9.833771
v 1.320504 5.028122 -10.149794
v 1.266381 4.976471 -9.936810
v 1.485234 5.392398 -9.833771
v 1.667711 5.559546 -9.972363
v 1.613495 5.294425 -10.200425
v 1.513686 5.419552 -9.945738
v 1.613495 5.294425 -10.200425
v 1.320504 5.028122 -10.149794
v 1.513686 5.419552 -9.945738
v 1.888492 5.758923 -9.903467
v 2.033434 5.673651 -10.069380
v 1.667711 5.559546 -9.972363
v 2.033434 5.673651 -10.069380
v 1.613495 5.294425 -10.200425
v 1.667711 5.559546 -9.972363
v 2.091688 5.941516 -9.765366
v 2.419924 6.020955 -9.806702
v 1.888492 5.758923 -9.903467
v 2.419924 6.020955 -9.806702
v 2.033434 5.673651 -10.069380
v 1.888492 5.758923 -9.903467
v 2.199673 6.037573 -9.610819
v 2.625346 6.203685 -9.512730
v 2.091688 5.941516 -9.765366
v 2.625346 6.203685 -9.512730
v 2.419924 6.020955 -9.806702
v 2.091688 5.941516 -9.765366
v 2.171220 6.010419 -9.498852
v 2.571223 6.152034 -9.299747
v 2.199673 6.037573 -9.610819
v 2.571223 6.152034 -9.299747
v 2.625346 6.203685 -9.512730
v 2.199673 6.037573 -9.610819
v 2.017196 5.870426 -9.472224
v 2.278232 5.885733 -9.249115
v 2.171220 6.010419 -9.498852
v 2.278232 5.885733 -9.249115
v 2.571223 6.152034 -9.299747
v 2.171220 6.010419 -9.498852
v 1.796414 5.671049 -9.541121
v 1.858292 5.506505 -9.380160
v 2.017196 5.870426 -9.472224
v 1.858292 5.506505 -9.380160
v 2.278232 5.885733 -9.249115
v 2.017196 5.870426 -9.472224
v 1.471803 5.159202 -9.642838
v 1.454434 4.802477 -9.615857
v 1.858292 5.506505 -9.380160
v 1.454434 4.802477 -9.615857
v 1.986396 5.280505 -9.254313
v 1.858292 5.506505 -9.380160
v 1.266381 4.976471 -9.936810
v 1.171706 4.550980 -10.020473
v 1.471803 5.159202 -9.642838
v 1.171706 4.550980 -10.020473
v 1.454434 4.802477 -9.615857
v 1.471803 5.159202 -9.642838
v 1.320504 5.028122 -10.149794
v 1.246198 4.622071 -10.313614
v 1.266381 4.976471 -9.936810
v 1.246198 4.622071 -10.313614
v 1.171706 4.550980 -10.020473
v 1.266381 4.976471 -9.936810
v 1.613495 5.294425 -10.200425
v 1.649457 4.988595 -10.383310
v 1.320504 5.028122 -10.149794
v 1.649457 4.988595 -10.383310
v 1.246198 4.622071 -10.313614
v 1.320504 5.028122 -10.149794
v 2.033434 5.673651 -10.069380
v 2.227458 5.510561 -10.202938
v 1.613495 5.294425 -10.200425
v 2.227458 5.510561 -10.202938
v 1.649457 4.988595 -10.383310
v 1.613495 5.294425 -10.200425
v 2.419924 6.020955 -9.806702
v 2.759419 5.988586 -9.841393
v 2.033434 5.673651 -10.069380
v 2.759419 5.988586 -9.841393
v 2.227458 5.510561 -10.202938
v 2.033434 5.673651 -10.069380
v 2.625346 6.203685 -9.512730
v 3.042147 6.240084 -9.436777
v 2.419924 6.020955 -9.806702
v 3.042147 6.240084 -9.436777
v 2.759419 5.988586 -9.841393
v 2.419924 6.020955 -9.806702
v 2.571223 6.152034 -9.299747
v 2.967655 6.168993 -9.143637
v 2.625346 6.203685 -9.512730
v 2.967655 6.168993 -9.143637
v 3.042147 6.240084 -9.436777
v 2.625346 6.203685 -9.512730
v 2.278232 5.885733 -9.249115
v 2.564397 5.802469 -9.073938
v 2.571223 6.152034 -9.299747
v 2.564397 5.802469 -9.073938
v 2.967655 6.168993 -9.143637
v 2.571223 6.152034 -9.299747
v 1.858292 5.506505 -9.380160
v 1.986396 5.280505 -9.254313
v 2.278232 5.885733 -9.249115
v 1.986396 5.280505 -9.254313
v 2.564397 5.802469 -9.073938
v 2.278232 5.885733 -9.249115
v 1.454434 4.802477 -9.615857
v 1.542829 4.453207 -9.600918
v 1.986396 5.280505 -9.254313
v 1.542829 4.453207 -9.600918
v 2.168189 5.015163 -9.175894
v 1.986396 5.280505 -9.254313
v 1.171706 4.550980 -10.020473
v 1.210461 4.157554 -10.076572
v 1.454434 4.802477 -9.615857
v 1.210461 4.157554 -10.076572
v 1.542829 4.453207 -9.600918
v 1.454434 4.802477 -9.615857
v 1.246198 4.622071 -10.313614
v 1.298031 4.241126 -10.421179
v 1.171706 4.550980 -10.020473
v 1.298031 4.241126 -10.421179
v 1.210461 4.157554 -10.076572
v 1.171706 4.550980 -10.020473
v 1.649457 4.988595 -10.383310
v 1.772091 4.672002 -10.503111
v 1.246198 4.622071 -10.313614
v 1.772091 4.672002 -10.503111
v 1.298031 4.241126 -10.421179
v 1.246198 4.622071 -10.313614
v 2.227458 5.510561 -10.202938
v 2.451573 5.285610 -10.291071
v 1.649457 4.988595 -10.383310
v 2.451573 5.285610 -10.291071
v 1.772091 4.672002 -10.503111
v 1.649457 4.988595 -10.383310
v 2.759419 5.988586 -9.841393
v 3.076932 5.847565 -9.866048
v 2.227458 5.510561 -10.202938
v 3.076932 5.847565 -9.866048
v 2.451573 5.285610 -10.291071
v 2.227458 5.510561 -10.202938
v 3.042147 6.240084 -9.436777
v 3.409300 6.143219 -9.390390
v 2.759419 5.988586 -9.841393
v 3.409300 6.143219 -9.390390
v 3.076932 5.847565 -9.866048
v 2.759419 5.988586 -9.841393
v 2.967655 6.168993 -9.143637
v 3.321731 6.059647 -9.045787
v 3.042147 6.240084 -9.436777
v 3.321731 6.059647 -9.045787
v 3.409300 6.143219 -9.390390
v 3.042147 6.240084 -9.436777
v 2.564397 5.802469 -9.073938
v 2.847671 5.628771 -8.963856
v 2.967655 6.168993 -9.143637
v 2.847671 5.628771 -8.963856
v 3.321731 6.059647 -9.045787
v 2.967655 6.168993 -9.143637
v 1.986396 5.280505 -9.254313
v 2.168189 5.015163 -9.175894
v 2.564397 5.802469 -9.073938
v 2.168189 5.015163 -9.175894
v 2.847671 5.628771 -8.963856
v 2.564397 5.802469 -9.073938
v 1.542829 4.453207 -9.600918
v 1.728330 4.145580 -9.599478
v 2.168189 5.015163 -9.175894
v 1.728330 4.145580 -9.599478
v 2.385874 4.736458 -9.152586
v 2.168189 5.015163 -9.175894
v 1.210461 4.157554 -10.076572
v 1.378857 3.834712 -10.099612
v 1.542829 4.453207 -9.600918
v 1.378857 3.834712 -10.099612
v 1.728330 4.145580 -9.599478
v 1.542829 4.453207 -9.600918
v 1.298031 4.241126 -10.421179
v 1.470934 3.922585 -10.461956
v 1.210461 4.157554 -10.076572
v 1.470934 3.922585 -10.461956
v 1.378857 3.834712 -10.099612
v 1.210461 4.157554 -10.076572
v 1.772091 4.672002 -10.503111
v 1.969391 4.375635 -10.548105
v 1.298031 4.241126 -10.421179
v 1.969391 4.375635 -10.548105
v 1.470934 3.922585 -10.461956
v 1.298031 4.241126 -10.421179
v 2.451573 5.285610 -10.291071
v 2.683842 5.020821 -10.325148
v 1.772091 4.672002 -10.503111
v 2.683842 5.020821 -10.325148
v 1.969391 4.375635 -10.548105
v 1.772091 4.672002 -10.503111
v 3.076932 5.847565 -9.866048
v 3.341387 5.611698 -9.878254
v 2.451573 5.285610 -10.291071
v 3.341387 5.611698 -9.878254
v 2.683842 5.020821 -10.325148
v 2.451573 5.285610 -10.291071
v 3.409300 6.143219 -9.390390
v 3.690860 5.922567 -9.378122
v 3.076932 5.847565 -9.866048
v 3.690860 5.922567 -9.378122
v 3.341387 5.611698 -9.878254
v 3.076932 5.847565 -9.866048
v 3.321731 6.059647 -9.045787
v 3.598782 5.834694 -9.015778
v 3.409300 6.143219 -9.390390
v 3.598782 5.834694 -9.015778
v 3.690860 5.922567 -9.378122
v 3.409300 6.143219 -9.390390
v 2.847671 5.628771 -8.963856
v 3.100314 5.381632 -8.929635
v 3.321731 6.059647 -9.045787
v 3.100314 5.381632 -8.929635
v 3.598782 5.834694 -9.015778
v 3.321731 6.059647 -9.045787
v 2.168189 5.015163 -9.175894
v 2.385874 4.736458 -9.152586
v 2.847671 5.628771 -8.963856
v 2.385874 4.736458 -9.152586
v 3.100314 5.381632 -8.929635
v 2.847671 5.628771 -8.963856
v 1.728330 4.145580 -9.599478
v 1.992784 3.909713 -9.611688
v 2.385874 4.736458 -9.152586
v 1.992784 3.909713 -9.611688
v 2.618143 4.471669 -9.186663
v 2.385874 4.736458 -9.152586
v 1.378857 3.834712 -10.099612
v 1.660416 3.614060 -10.087345
v 1.728330 4.145580 -9.599478
v 1.660416 3.614060 -10.087345
v 1.992784 3.909713 -9.611688
v 1.728330 4.145580 -9.599478
v 1.470934 3.922585 -10.461956
v 1.747985 3.697631 -10.431948
v 1.378857 3.834712 -10.099612
v 1.747985 3.697631 -10.431948
v 1.660416 3.614060 -10.087345
v 1.378857 3.834712 -10.099612
v 1.969391 4.375635 -10.548105
v 2.222046 4.128508 -10.513880
v 1.470934 3.922585 -10.461956
v 2.222046 4.128508 -10.513880
v 1.747985 3.697631 -10.431948
v 1.470934 3.922585 -10.461956
v 2.683842 5.020821 -10.325148
v 2.901528 4.742115 -10.301839
v 1.969391 4.375635 -10.548105
v 2.901528 4.742115 -10.301839
v 2.222046 4.128508 -10.513880
v 1.969391 4.375635 -10.548105
v 3.341387 5.611698 -9.878254
v 3.526887 5.304070 -9.876816
v 2.683842 5.020821 -10.325148
v 3.526887 5.304070 -9.876816
v 2.901528 4.742115 -10.301839
v 2.683842 5.020821 -10.325148
v 3.690860 5.922567 -9.378122
v 3.859255 5.599725 -9.401160
v 3.341387 5.611698 -9.878254
v 3.859255 5.599725 -9.401160
v 3.526887 5.304070 -9.876816
v 3.341387 5.611698 -9.878254
v 3.598782 5.834694 -9.015778
v 3.771686 5.516152 -9.056557
v 3.690860 5.922567 -9.378122
v 3.771686 5.516152 -9.056557
v 3.859255 5.599725 -9.401160
v 3.690860 5.922567 -9.378122
v 3.100314 5.381632 -8.929635
v 3.297626 5.085276 -8.974624
v 3.598782 5.834694 -9.015778
v 3.297626 5.085276 -8.974624
v 3.771686 5.516152 -9.056557
v 3.598782 5.834694 -9.015778
v 2.385874 4.736458 -9.152586
v 2.618143 4.471669 -9.186663
v 3.100314 5.381632 -8.929635
v 2.618143 4.471669 -9.186663
v 3.297626 5.085276 -8.974624
v 3.100314 5.381632 -8.929635
v 1.992784 3.909713 -9.611688
v 2.310297 3.768691 -9.636343
v 2.618143 4.471669 -9.186663
v 2.310297 3.768691 -9.636343
v 2.842260 4.246719 -9.274796
v 2.618143 4.471669 -9.186663
v 1.660416 3.614060 -10.087345
v 2.027569 3.517195 -10.040958
v 1.992784 3.909713 -9.611688
v 2.027569 3.517195 -10.040958
v 2.310297 3.768691 -9.636343
v 1.992784 3.909713 -9.611688
v 1.747985 3.697631 -10.431948
v 2.102061 3.588286 -10.334100
v 1.660416 3.614060 -10.087345
v 2.102061 3.588286 -10.334100
v 2.027569 3.517195 -10.040958
v 1.660416 3.614060 -10.087345
v 2.222046 4.128508 -10.513880
v 2.505320 3.954810 -10.403795
v 1.747985 3.697631 -10.431948
v 2.505320 3.954810 -10.403795
v 2.102061 3.588286 -10.334100
v 1.747985 3.697631 -10.431948
v 2.901528 4.742115 -10.301839
v 3.083320 4.476773 -10.223422
v 2.222046 4.128508 -10.513880
v 3.083320 4.476773 -10.223422
v 2.505320 3.954810 -10.403795
v 2.222046 4.128508 -10.513880
v 3.526887 5.304070 -9.876816
v 3.615283 4.954801 -9.861877
v 2.901528 4.742115 -10.301839
v 3.615283 4.954801 -9.861877
v 3.083320 4.476773 -10.223422
v 2.901528 4.742115 -10.301839
v 3.859255 5.599725 -9.401160
v 3.898010 5.206298 -9.457263
v 3.526887 5.304070 -9.876816
v 3.898010 5.206298 -9.457263
v 3.615283 4.954801 -9.861877
v 3.526887 5.304070 -9.876816
v 3.771686 5.516152 -9.056557
v 3.823519 5.135207 -9.164122
v 3.859255 5.599725 -9.401160
v 3.823519 5.135207 -9.164122
v 3.898010 5.206298 -9.457263
v 3.859255 5.599725 -9.401160
v 3.297626 5.085276 -8.974624
v 3.420260 4.768683 -9.094423
v 3.771686 5.516152 -9.056557
v 3.420260 4.768683 -9.094423
v 3.823519 5.135207 -9.164122
v 3.771686 5.516152 -9.056557
v 2.618143 4.471669 -9.186663
v 2.842260 4.246719 -9.274796
v 3.297626 5.085276 -8.974624
v 2.842260 4.246719 -9.274796
v 3.420260 4.768683 -9.094423
v 3.297626 5.085276 -8.974624
v 2.310297 3.768691 -9.636343
v 2.649793 3.736324 -9.671032
v 2.842260 4.246719 -9.274796
v 2.649793 3.736324 -9.671032
v 3.036282 4.083627 -9.408355
v 2.842260 4.246719 -9.274796
v 2.027569 3.517195 -10.040958
v 2.444371 3.553593 -9.965006
v 2.310297 3.768691 -9.636343
v 2.444371 3.553593 -9.965006
v 2.649793 3.736324 -9.671032
v 2.310297 3.768691 -9.636343
v 2.102061 3.588286 -10.334100
v 2.498494 3.605245 -10.177989
v 2.027569 3.517195 -10.040958
v 2.498494 3.605245 -10.177989
v 2.444371 3.553593 -9.965006
v 2.027569 3.517195 -10.040958
v 2.505320 3.954810 -10.403795
v 2.791485 3.871546 -10.228620
v 2.102061 3.588286 -10.334100
v 2.791485 3.871546 -10.228620
v 2.498494 3.605245 -10.177989
v 2.102061 3.588286 -10.334100
v 3.083320 4.476773 -10.223422
v 3.211424 4.250772 -10.097574
v 2.505320 3.954810 -10.403795
v 3.211424 4.250772 -10.097574
v 2.791485 3.871546 -10.228620
v 2.505320 3.954810 -10.403795
v 3.615283 4.954801 -9.861877
v 3.597914 4.598077 -9.834897
v 3.083320 4.476773 -10.223422
v 3.597914 4.598077 -9.834897
v 3.211424 4.250772 -10.097574
v 3.083320 4.476773 -10.223422
v 3.898010 5.206298 -9.457263
v 3.803335 4.780806 -9.540924
v 3.615283 4.954801 -9.861877
v 3.803335 4.780806 -9.540924
v 3.597914 4.598077 -9.834897
v 3.615283 4.954801 -9.861877
v 3.823519 5.135207 -9.164122
v 3.749213 4.729156 -9.327941
v 3.898010 5.206298 -9.457263
v 3.749213 4.729156 -9.327941
v 3.803335 4.780806 -9.540924
v 3.898010 5.206298 -9.457263
v 3.420260 4.768683 -9.094423
v 3.456222 4.462854 -9.277309
v 3.823519 5.135207 -9.164122
v 3.456222 4.462854 -9.277309
v 3.749213 4.729156 -9.327941
v 3.823519 5.135207 -9.164122
v 2.842260 4.246719 -9.274796
v 3.036282 4.083627 -9.408355
v 3.420260 4.768683 -9.094423
v 3.036282 4.083627 -9.408355
v 3.456222 4.462854 -9.277309
v 3.420260 4.768683 -9.094423
v 2.649793 3.736324 -9.671032
v 2.978029 3.815762 -9.712368
v 3.036282 4.083627 -9.408355
v 2.978029 3.815762 -9.712368
v 3.181225 3.998356 -9.574266
v 3.036282 4.083627 -9.408355
v 2.444371 3.553593 -9.965006
v 2.870044 3.719705 -9.866917
v 2.649793 3.736324 -9.671032
v 2.870044 3.719705 -9.866917
v 2.978029 3.815762 -9.712368
v 2.649793 3.736324 -9.671032
v 2.498494 3.605245 -10.177989
v 2.898497 3.746859 -9.978884
v 2.444371 3.553593 -9.965006
v 2.898497 3.746859 -9.978884
v 2.870044 3.719705 -9.866917
v 2.444371 3.553593 -9.965006
v 2.791485 3.871546 -10.228620
v 3.052521 3.886853 -10.005508
v 2.498494 3.605245 -10.177989
v 3.052521 3.886853 -10.005508
v 2.898497 3.746859 -9.978884
v 2.498494 3.605245 -10.177989
v 3.211424 4.250772 -10.097574
v 3.273302 4.086229 -9.936611
v 2.791485 3.871546 -10.228620
v 3.273302 4.086229 -9.936611
v 3.052521 3.886853 -10.005508
v 2.791485 3.871546 -10.228620
v 3.597914 4.598077 -9.834897
v 3.476498 4.268823 -9.798512
v 3.211424 4.250772 -10.097574
v 3.476498 4.268823 -9.798512
v 3.273302 4.086229 -9.936611
v 3.211424 4.250772 -10.097574
v 3.803335 4.780806 -9.540924
v 3.584483 4.364880 -9.643964
v 3.597914 4.598077 -9.834897
v 3.584483 4.364880 -9.643964
v 3.476498 4.268823 -9.798512
v 3.597914 4.598077 -9.834897
v 3.749213 4.729156 -9.327941
v 3.556030 4.337726 -9.531996
v 3.803335 4.780806 -9.540924
v 3.556030 4.337726 -9.531996
v 3.584483 4.364880 -9.643964
v 3.803335 4.780806 -9.540924
v 3.456222 4.462854 -9.277309
v 3.402006 4.197732 -9.505369
v 3.749213 4.729156 -9.327941
v 3.402006 4.197732 -9.505369
v 3.556030 4.337726 -9.531996
v 3.749213 4.729156 -9.327941
v 3.036282 4.083627 -9.408355
v 3.181225 3.998356 -9.574266
v 3.456222 4.462854 -9.277309
v 3.181225 3.998356 -9.574266
v 3.402006 4.197732 -9.505369
v 3.456222 4.462854 -9.277309
v 2.978029 3.815762 -9.712368
v 3.262893 3.999256 -9.756293
v 3.181225 3.998356 -9.574266
v 2.870044 3.719705 -9.866917
v 3.262893 3.999256 -9.756293
v 2.978029 3.815762 -9.712368
v 2.898497 3.746859 -9.978884
v 3.262893 3.999256 -9.756293
v 2.870044 3.719705 -9.866917
v 3.052521 3.886853 -10.005508
v 3.262893 3.999256 -9.756293
v 2.898497 3.746859 -9.978884
v 3.273302 4.086229 -9.936611
v 3.262893 3.999256 -9.756293
v 3.052521 3.886853 -10.005508
v 3.476498 4.268823 -9.798512
v 3.262893 3.999256 -9.756293
v 3.273302 4.086229 -9.936611
v 3.584483 4.364880 -9.643964
v 3.262893 3.999256 -9.756293
v 3.476498 4.268823 -9.798512
v 3.556030 4.337726 -9.531996
v 3.262893 3.999256 -9.756293
v 3.584483 4.364880 -9.643964
v 3.402006 4.197732 -9.505369
v 3.262893 3.999256 -9.756293
v 3.556030 4.337726 -9.531996
v 3.181225 3.998356 -9.574266
v 3.262893 3.999256 -9.756293
v 3.402006 4.197732 -9.505369
vn 0.6989 0.6484 0.3019
vn 0.8138 0.5507 0.1856
vn 0.6548 0.7557 0.0121
vn 0.8559 0.5172 0.0028
vn 0.8558 0.5172 0.0028
vn 0.8089 0.5607 -0.1766
vn 0.8089 0.5608 -0.1767
vn 0.6909 0.6647 -0.2842
vn 0.6909 0.6647 -0.2843
vn 0.5469 0.7894 -0.2788
vn 0.4320 0.8871 -0.1625
vn 0.3900 0.9206 0.0202
vn 0.3899 0.9206 0.0203
vn 0.4369 0.8771 0.1997
vn 0.5549 0.7731 0.3073
vn 0.6548 0.7557 0.0122
vn 0.8936 0.2917 0.3412
vn 0.6748 0.4777 0.5625
vn 0.8936 0.2917 0.3411
vn 0.6988 0.6484 0.3019
vn 0.9736 0.2280 -0.0068
vn 0.8138 0.5506 0.1856
vn 0.8843 0.3109 -0.3484
vn 0.8089 0.5607 -0.1767
vn 0.8559 0.5172 0.0027
vn 0.9736 0.2280 -0.0069
vn 0.6597 0.5088 -0.5532
vn 0.8843 0.3108 -0.3485
vn 0.6597 0.5087 -0.5532
vn 0.3856 0.7460 -0.5429
vn 0.5469 0.7894 -0.2789
vn 0.1668 0.9321 -0.3215
vn 0.4319 0.8871 -0.1625
vn 0.0867 0.9959 0.0264
vn 0.3899 0.9206 0.0202
vn 0.4319 0.8871 -0.1626
vn 0.0868 0.9959 0.0265
vn 0.1761 0.9130 0.3680
vn 0.4368 0.8771 0.1997
vn 0.4007 0.7151 0.5728
vn 0.5548 0.7731 0.3073
vn 0.4369 0.8771 0.1998
vn 0.1761 0.9130 0.3681
vn 0.4368 0.8771 0.1998
vn 0.6748 0.4778 0.5625
vn 0.6747 0.4778 0.5625
vn 0.8861 0.0038 0.4635
vn 0.5847 0.2601 0.7685
vn 0.8861 0.0039 0.4635
vn 0.9963 -0.0840 -0.0158
vn 0.8733 0.0302 -0.4863
vn 0.8843 0.3108 -0.3484
vn 0.9737 0.2279 -0.0069
vn 0.5638 0.3028 -0.7684
vn 0.8733 0.0301 -0.4863
vn 0.1863 0.6296 -0.7542
vn -0.1152 0.8860 -0.4492
vn 0.1667 0.9321 -0.3214
vn 0.3856 0.7461 -0.5429
vn 0.1863 0.6297 -0.7542
vn -0.1151 0.8860 -0.4492
vn -0.2254 0.9738 0.0301
vn 0.0867 0.9959 0.0265
vn 0.1667 0.9321 -0.3215
vn -0.1023 0.8596 0.5006
vn 0.2071 0.5870 0.7826
vn 0.2072 0.5870 0.7826
vn 0.5846 0.2601 0.7685
vn 0.2071 0.5870 0.7827
vn 0.7917 -0.2848 0.5405
vn 0.4371 0.0167 0.8993
vn 0.7916 -0.2848 0.5406
vn 0.9213 -0.3881 -0.0233
vn 0.9213 -0.3882 -0.0232
vn 0.7766 -0.2538 -0.5767
vn 0.9213 -0.3881 -0.0232
vn 0.7766 -0.2538 -0.5766
vn 0.4126 0.0669 -0.9085
vn 0.5639 0.3028 -0.7684
vn 0.7765 -0.2539 -0.5767
vn -0.0315 0.4514 -0.8918
vn 0.5639 0.3027 -0.7684
vn 0.4126 0.0668 -0.9085
vn 0.5639 0.3028 -0.7683
vn -0.3861 0.7529 -0.5330
vn -0.3861 0.7529 -0.5331
vn -0.5158 0.8562 0.0308
vn -0.5157 0.8562 0.0308
vn -0.3710 0.7219 0.5842
vn -0.0070 0.4012 0.9160
vn -0.3710 0.7218 0.5842
vn 0.4370 0.0167 0.8993
vn 0.2070 0.5870 0.7826
vn 0.6193 -0.5457 0.5646
vn 0.2464 -0.2286 0.9418
vn 0.4370 0.0166 0.8993
vn 0.7557 -0.6543 -0.0284
vn 0.6193 -0.5456 0.5646
vn 0.6034 -0.5130 -0.6104
vn 0.7765 -0.2538 -0.5767
vn 0.6034 -0.5131 -0.6104
vn 0.2207 -0.1758 -0.9594
vn 0.6035 -0.5130 -0.6104
vn -0.2463 0.2286 -0.9418
vn -0.0315 0.4513 -0.8918
vn 0.4126 0.0669 -0.9084
vn -0.6193 0.5457 -0.5646
vn -0.3861 0.7528 -0.5330
vn -0.0316 0.4514 -0.8918
vn -0.2464 0.2286 -0.9418
vn -0.6193 0.5456 -0.5646
vn -0.0316 0.4513 -0.8918
vn -0.7557 0.6543 0.0284
vn -0.3861 0.7528 -0.5331
vn -0.6034 0.5131 0.6104
vn -0.2207 0.1758 0.9594
vn -0.0070 0.4011 0.9160
vn -0.3709 0.7219 0.5842
vn -0.6035 0.5130 0.6104
vn -0.2206 0.1758 0.9594
vn 0.2464 -0.2285 0.9418
vn -0.0071 0.4012 0.9160
vn -0.2206 0.1759 0.9594
vn 0.3861 -0.7528 0.5331
vn 0.0315 -0.4514 0.8918
vn 0.3861 -0.7528 0.5330
vn 0.5158 -0.8562 -0.0308
vn 0.5157 -0.8562 -0.0308
vn 0.3710 -0.7219 -0.5842
vn 0.0071 -0.4012 -0.9160
vn 0.2206 -0.1758 -0.9594
vn 0.0070 -0.4012 -0.9160
vn -0.4370 -0.0167 -0.8993
vn -0.7917 0.2848 -0.5405
vn -0.4370 -0.0166 -0.8993
vn -0.7916 0.2848 -0.5405
vn -0.9213 0.3881 0.0233
vn -0.7916 0.2848 -0.5406
vn -0.9213 0.3880 0.0233
vn -0.7766 0.2538 0.5767
vn -0.6034 0.5130 0.6104
vn -0.7765 0.2538 0.5767
vn -0.4126 -0.0668 0.9085
vn -0.4125 -0.0668 0.9085
vn 0.0315 -0.4513 0.8918
vn 0.2463 -0.2286 0.9418
vn 0.1151 -0.8860 0.4492
vn -0.1863 -0.6297 0.7542
vn 0.2254 -0.9738 -0.0301
vn 0.5158 -0.8561 -0.0308
vn 0.3860 -0.7529 0.5331
vn 0.1152 -0.8860 0.4492
vn 0.2253 -0.9738 -0.0301
vn 0.3861 -0.7529 0.5331
vn 0.1023 -0.8596 -0.5005
vn 0.5158 -0.8562 -0.0307
vn -0.2071 -0.5870 -0.7826
vn 0.1023 -0.8596 -0.5006
vn 0.3710 -0.7218 -0.5842
vn -0.5846 -0.2601 -0.7685
vn -0.5846 -0.2602 -0.7685
vn -0.8861 -0.0039 -0.4635
vn -0.4371 -0.0167 -0.8993
vn -0.8861 -0.0038 -0.4635
vn -0.9963 0.0840 0.0159
vn -0.9963 0.0840 0.0158
vn -0.8733 -0.0301 0.4863
vn -0.8733 -0.0302 0.4863
vn -0.5639 -0.3027 0.7684
vn -0.4126 -0.0669 0.9085
vn -0.7766 0.2538 0.5766
vn -0.5638 -0.3028 0.7684
vn -0.7765 0.2539 0.5767
vn -0.1863 -0.6296 0.7542
vn -0.5639 -0.3028 0.7683
vn -0.1668 -0.9321 0.3215
vn -0.3856 -0.7461 0.5429
vn -0.0868 -0.9959 -0.0265
vn -0.1667 -0.9321 0.3215
vn -0.1761 -0.9130 -0.3680
vn -0.0867 -0.9959 -0.0265
vn -0.4007 -0.7150 -0.5728
vn -0.4007 -0.7151 -0.5728
vn -0.6747 -0.4778 -0.5625
vn -0.6748 -0.4778 -0.5625
vn -0.2071 -0.5870 -0.7827
vn -0.8936 -0.2917 -0.3411
vn -0.9737 -0.2279 0.0068
vn -0.9736 -0.2280 0.0069
vn -0.8843 -0.3108 0.3484
vn -0.9736 -0.2279 0.0069
vn -0.6597 -0.5087 0.5532
vn -0.5639 -0.3028 0.7684
vn -0.8843 -0.3109 0.3484
vn -0.3856 -0.7460 0.5429
vn -0.4320 -0.8871 0.1625
vn -0.5469 -0.7894 0.2789
vn -0.3899 -0.9206 -0.0203
vn -0.0867 -0.9959 -0.0264
vn -0.4319 -0.8871 0.1625
vn -0.3899 -0.9206 -0.0202
vn -0.4368 -0.8771 -0.1997
vn -0.5548 -0.7731 -0.3074
vn -0.4369 -0.8771 -0.1997
vn -0.5548 -0.7731 -0.3073
vn -0.1761 -0.9130 -0.3681
vn -0.6989 -0.6484 -0.3019
vn -0.5549 -0.7731 -0.3073
vn -0.8138 -0.5507 -0.1856
vn -0.8936 -0.2918 -0.3411
vn -0.6748 -0.4777 -0.5625
vn -0.8559 -0.5172 -0.0028
vn -0.8138 -0.5506 -0.1856
vn -0.8089 -0.5607 0.1767
vn -0.9736 -0.2280 0.0068
vn -0.6909 -0.6647 0.2843
vn -0.6597 -0.5088 0.5532
vn -0.5469 -0.7894 0.2788
vn -0.6548 -0.7557 -0.0121
vn -0.4369 -0.8771 -0.1998
vn -0.6548 -0.7557 -0.0122
vn -0.8089 -0.5608 0.1766
vn -0.6909 -0.6647 0.2842
vn -0.8089 -0.5608 0.1767
vn -0.5470 -0.7894 0.2788
vn -0.8138 0.5507 0.1856
vn -0.6989 0.6484 0.3019
vn -0.6548 0.7557 0.0121
vn -0.8559 0.5172 0.0028
vn -0.8089 0.5608 -0.1767
vn -0.6909 0.6647 -0.2842
vn -0.5469 0.7894 -0.2788
vn -0.4320 0.8871 -0.1625
vn -0.3900 0.9206 0.0202
vn -0.4369 0.8771 0.1997
vn -0.3899 0.9206 0.0203
vn -0.5549 0.7731 0.3073
vn -0.4369 0.8770 0.1998
vn -0.6548 0.7557 0.0122
vn -0.8936 0.2917 0.3412
vn -0.8936 0.2917 0.3411
vn -0.6748 0.4777 0.5625
vn -0.6988 0.6484 0.3019
vn -0.9737 0.2279 -0.0068
vn -0.8089 0.5607 -0.1767
vn -0.8843 0.3109 -0.3484
vn -0.8559 0.5172 0.0027
vn -0.9736 0.2280 -0.0068
vn -0.6909 0.6647 -0.2843
vn -0.6597 0.5088 -0.5532
vn -0.6597 0.5087 -0.5532
vn -0.5469 0.7894 -0.2789
vn -0.3856 0.7460 -0.5429
vn -0.1668 0.9321 -0.3215
vn -0.0867 0.9959 0.0264
vn -0.4319 0.8871 -0.1626
vn -0.0867 0.9959 0.0265
vn -0.4368 0.8771 0.1997
vn -0.1761 0.9130 0.3680
vn -0.0868 0.9959 0.0265
vn -0.5548 0.7731 0.3073
vn -0.4007 0.7151 0.5728
vn -0.4369 0.8771 0.1998
vn -0.6747 0.4778 0.5625
vn -0.6748 0.4778 0.5625
vn -0.8861 0.0039 0.4635
vn -0.8861 0.0038 0.4635
vn -0.5846 0.2601 0.7685
vn -0.9737 0.2279 -0.0069
vn -0.9963 -0.0840 -0.0158
vn -0.8843 0.3108 -0.3484
vn -0.8733 0.0302 -0.4863
vn -0.9736 0.2279 -0.0069
vn -0.5638 0.3028 -0.7684
vn -0.8733 0.0301 -0.4863
vn -0.1863 0.6296 -0.7542
vn 0.1151 0.8860 -0.4492
vn 0.1152 0.8860 -0.4492
vn -0.1863 0.6297 -0.7542
vn 0.2254 0.9738 0.0301
vn -0.1667 0.9321 -0.3215
vn 0.1023 0.8596 0.5006
vn 0.1023 0.8596 0.5005
vn 0.2253 0.9738 0.0301
vn -0.2071 0.5870 0.7826
vn -0.2072 0.5870 0.7826
vn -0.7916 -0.2848 0.5405
vn -0.7917 -0.2848 0.5405
vn -0.4371 0.0167 0.8993
vn -0.9963 -0.0840 -0.0159
vn -0.9213 -0.3881 -0.0232
vn -0.9213 -0.3882 -0.0232
vn -0.7916 -0.2848 0.5406
vn -0.7766 -0.2538 -0.5767
vn -0.5639 0.3027 -0.7684
vn -0.4126 0.0669 -0.9085
vn -0.7765 -0.2539 -0.5767
vn 0.0315 0.4514 -0.8918
vn -0.5639 0.3028 -0.7683
vn 0.3861 0.7529 -0.5331
vn 0.3861 0.7528 -0.5331
vn 0.5158 0.8561 0.0308
vn 0.1151 0.8860 -0.4493
vn 0.3710 0.7219 0.5842
vn 0.5157 0.8562 0.0307
vn -0.2071 0.5870 0.7827
vn 0.0070 0.4012 0.9160
vn 0.3710 0.7218 0.5842
vn -0.4370 0.0167 0.8993
vn -0.2071 0.5871 0.7826
vn -0.2070 0.5870 0.7826
vn -0.6193 -0.5457 0.5646
vn -0.6193 -0.5456 0.5646
vn -0.2464 -0.2286 0.9418
vn -0.4370 0.0166 0.8993
vn -0.9213 -0.3881 -0.0233
vn -0.7557 -0.6543 -0.0284
vn -0.7765 -0.2538 -0.5767
vn -0.6034 -0.5131 -0.6104
vn -0.9213 -0.3882 -0.0233
vn -0.6034 -0.5130 -0.6105
vn -0.4126 0.0668 -0.9085
vn -0.2207 -0.1758 -0.9594
vn 0.0315 0.4513 -0.8918
vn 0.2463 0.2286 -0.9418
vn -0.2206 -0.1758 -0.9594
vn 0.3861 0.7529 -0.5330
vn 0.6193 0.5456 -0.5646
vn 0.2464 0.2286 -0.9418
vn 0.0316 0.4513 -0.8918
vn 0.5157 0.8562 0.0308
vn 0.7557 0.6543 0.0284
vn 0.7557 0.6544 0.0284
vn 0.6193 0.5457 -0.5646
vn 0.6034 0.5131 0.6104
vn 0.5158 0.8562 0.0308
vn 0.0071 0.4011 0.9160
vn 0.2206 0.1758 0.9594
vn 0.3709 0.7219 0.5842
vn -0.2464 -0.2285 0.9418
vn 0.0071 0.4012 0.9160
vn 0.2207 0.1758 0.9594
vn -0.3861 -0.7528 0.5330
vn -0.3861 -0.7529 0.5331
vn -0.0315 -0.4514 0.8918
vn -0.5157 -0.8562 -0.0308
vn -0.5158 -0.8562 -0.0308
vn -0.3861 -0.7528 0.5331
vn -0.3710 -0.7219 -0.5842
vn -0.0071 -0.4012 -0.9160
vn -0.0070 -0.4012 -0.9160
vn -0.3710 -0.7219 -0.5841
vn -0.6035 -0.5130 -0.6104
vn 0.4370 -0.0167 -0.8993
vn 0.4370 -0.0166 -0.8993
vn 0.7916 0.2848 -0.5405
vn 0.7917 0.2848 -0.5405
vn 0.9213 0.3881 0.0233
vn 0.9213 0.3882 0.0233
vn 0.7916 0.2848 -0.5406
vn 0.6034 0.5130 0.6105
vn 0.7765 0.2538 0.5767
vn 0.4126 -0.0668 0.9085
vn 0.4125 -0.0668 0.9085
vn 0.6035 0.5131 0.6104
vn -0.2463 -0.2286 0.9418
vn -0.0315 -0.4513 0.8918
vn -0.3861 -0.7529 0.5330
vn -0.1152 -0.8860 0.4492
vn -0.1151 -0.8860 0.4492
vn 0.1863 -0.6297 0.7542
vn -0.5158 -0.8561 -0.0308
vn -0.2253 -0.9738 -0.0301
vn -0.3860 -0.7529 0.5331
vn -0.2254 -0.9738 -0.0301
vn -0.1023 -0.8596 -0.5005
vn -0.5158 -0.8562 -0.0307
vn -0.1023 -0.8596 -0.5006
vn 0.2071 -0.5870 -0.7826
vn -0.3710 -0.7218 -0.5842
vn 0.2071 -0.5870 -0.7827
vn 0.5846 -0.2601 -0.7685
vn 0.8861 -0.0038 -0.4635
vn 0.4371 -0.0167 -0.8993
vn 0.9963 0.0840 0.0158
vn 0.7766 0.2538 0.5767
vn 0.8733 -0.0302 0.4863
vn 0.4126 -0.0669 0.9085
vn 0.5638 -0.3028 0.7684
vn 0.7765 0.2539 0.5767
vn 0.8733 -0.0301 0.4863
vn 0.7766 0.2538 0.5766
vn 0.1863 -0.6296 0.7542
vn 0.5639 -0.3028 0.7684
vn 0.1668 -0.9321 0.3215
vn 0.3856 -0.7460 0.5429
vn 0.0868 -0.9959 -0.0265
vn 0.1667 -0.9321 0.3215
vn -0.1022 -0.8596 -0.5006
vn 0.1761 -0.9130 -0.3680
vn 0.0867 -0.9959 -0.0265
vn 0.4007 -0.7151 -0.5729
vn -0.1024 -0.8596 -0.5006
vn 0.4007 -0.7151 -0.5728
vn 0.6748 -0.4778 -0.5625
vn 0.6747 -0.4778 -0.5625
vn 0.4007 -0.7151 -0.5727
vn 0.2072 -0.5870 -0.7826
vn 0.8861 -0.0039 -0.4635
vn 0.8936 -0.2917 -0.3411
vn 0.5847 -0.2601 -0.7685
vn 0.9736 -0.2280 0.0068
vn 0.9736 -0.2280 0.0069
vn 0.8843 -0.3108 0.3484
vn 0.6597 -0.5087 0.5532
vn 0.6597 -0.5088 0.5531
vn 0.5639 -0.3028 0.7683
vn 0.4320 -0.8871 0.1625
vn 0.4319 -0.8872 0.1625
vn 0.5469 -0.7894 0.2789
vn 0.3899 -0.9206 -0.0203
vn 0.3899 -0.9206 -0.0202
vn 0.4319 -0.8871 0.1625
vn 0.4368 -0.8771 -0.1997
vn 0.5549 -0.7731 -0.3074
vn 0.1761 -0.9130 -0.3681
vn 0.5548 -0.7731 -0.3074
vn 0.4368 -0.8771 -0.1998
vn 0.6989 -0.6484 -0.3019
vn 0.6988 -0.6484 -0.3019
vn 0.5549 -0.7731 -0.3073
vn 0.8936 -0.2917 -0.3412
vn 0.8138 -0.5507 -0.1856
vn 0.6748 -0.4777 -0.5625
vn 0.8559 -0.5172 -0.0028
vn 0.8559 -0.5171 -0.0028
vn 0.8138 -0.5506 -0.1856
vn 0.8843 -0.3109 0.3484
vn 0.8089 -0.5607 0.1767
vn 0.8559 -0.5172 -0.0027
vn 0.6597 -0.5088 0.5532
vn 0.6909 -0.6647 0.2843
vn 0.8843 -0.3108 0.3485
vn 0.5469 -0.7893 0.2789
vn 0.6548 -0.7557 -0.0121
vn 0.5469 -0.7894 0.2788
vn 0.4369 -0.8771 -0.1997
vn 0.6548 -0.7557 -0.0122
vn 0.8089 -0.5607 0.1766
vn 0.6909 -0.6647 0.2842
vn 0.8089 -0.5608 0.1767
vn 0.5470 -0.7894 0.2788
vt 0.246511 -0.256251
vt 0.245551 -0.257115
vt 0.246560 -0.255839
vt 0.245040 -0.257569
vt 0.245175 -0.257441
vt 0.245902 -0.256778
vt 0.246946 -0.255835
vt 0.247906 -0.254971
vt 0.248416 -0.254517
vt 0.248282 -0.254645
vt 0.247554 -0.255308
vt 0.244977 -0.258673
vt 0.246803 -0.257029
vt 0.244006 -0.259537
vt 0.244262 -0.259293
vt 0.245646 -0.258033
vt 0.247631 -0.256239
vt 0.249457 -0.254596
vt 0.250428 -0.253731
vt 0.250172 -0.253975
vt 0.248787 -0.255235
vt 0.244895 -0.260360
vt 0.247408 -0.258099
vt 0.243559 -0.261550
vt 0.243911 -0.261214
vt 0.245816 -0.259480
vt 0.248547 -0.257010
vt 0.251061 -0.254749
vt 0.252397 -0.253559
vt 0.252045 -0.253895
vt 0.250140 -0.255629
vt 0.245312 -0.262013
vt 0.248267 -0.259354
vt 0.243742 -0.263412
vt 0.244156 -0.263016
vt 0.246396 -0.260978
vt 0.249606 -0.258075
vt 0.252561 -0.255416
vt 0.254132 -0.254017
vt 0.253718 -0.254412
vt 0.251478 -0.256451
vt 0.246189 -0.263468
vt 0.249296 -0.260673
vt 0.244538 -0.264939
vt 0.244973 -0.264523
vt 0.247328 -0.262380
vt 0.250704 -0.259327
vt 0.253811 -0.256532
vt 0.255462 -0.255061
vt 0.255027 -0.255477
vt 0.252672 -0.257620
vt 0.247439 -0.264584
vt 0.250394 -0.261925
vt 0.245868 -0.265983
vt 0.246282 -0.265588
vt 0.248522 -0.263549
vt 0.251733 -0.260646
vt 0.254688 -0.257987
vt 0.256258 -0.256588
vt 0.255844 -0.256984
vt 0.253604 -0.259022
vt 0.248939 -0.265251
vt 0.251453 -0.262990
vt 0.247603 -0.266441
vt 0.247955 -0.266105
vt 0.249860 -0.264371
vt 0.252592 -0.261901
vt 0.255105 -0.259640
vt 0.256441 -0.258450
vt 0.256089 -0.258786
vt 0.254184 -0.260520
vt 0.250543 -0.265404
vt 0.252369 -0.263761
vt 0.249572 -0.266269
vt 0.249828 -0.266025
vt 0.251213 -0.264765
vt 0.253197 -0.262971
vt 0.255023 -0.261327
vt 0.255994 -0.260463
vt 0.255738 -0.260707
vt 0.254354 -0.261967
vt 0.252094 -0.265029
vt 0.253054 -0.264165
vt 0.251584 -0.265483
vt 0.251718 -0.265355
vt 0.252446 -0.264692
vt 0.253489 -0.263749
vt 0.254449 -0.262885
vt 0.254960 -0.262431
vt 0.254825 -0.262559
vt 0.254097 -0.263222
vt 0.253440 -0.264161
vt 0.247328 -0.262380
vt 0.251453 -0.262990
vt 0.252592 -0.261901
s 1
usemtl Lamps
f 14608/1538/3944 14609/1539/3945 14610/1540/3946
f 14611/1539/3945 14612/1541/3947 14613/1540/3946
f 14614/1541/3948 14615/1542/3949 14616/1540/3946
f 14617/1542/3950 14618/1543/3951 14619/1540/3946
f 14620/1543/3952 14621/1544/3953 14622/1540/3946
f 14623/1544/3953 14624/1545/3954 14625/1540/3946
f 14626/1545/3954 14627/1546/3955 14628/1540/3946
f 14629/1546/3956 14630/1547/3957 14631/1540/3946
f 14632/1547/3957 14633/1548/3958 14634/1540/3946
f 14635/1548/3958 14636/1538/3944 14637/1540/3959
f 14638/1549/3960 14639/1539/3945 14640/1538/3944
f 14641/1550/3961 14642/1549/3962 14643/1538/3963
f 14644/1551/3964 14645/1541/3947 14646/1539/3965
f 14647/1549/3962 14648/1551/3964 14649/1539/3945
f 14650/1552/3966 14651/1542/3967 14652/1541/3968
f 14653/1551/3969 14654/1552/3966 14655/1541/3947
f 14656/1553/3970 14657/1543/3952 14658/1542/3967
f 14659/1552/3971 14660/1553/3972 14661/1542/3967
f 14662/1554/3973 14663/1544/3974 14664/1543/3951
f 14665/1553/3970 14666/1554/3973 14667/1543/3951
f 14668/1555/3975 14669/1545/3976 14670/1544/3974
f 14671/1554/3973 14672/1555/3975 14673/1544/3953
f 14674/1556/3977 14675/1546/3978 14676/1545/3979
f 14677/1555/3975 14678/1556/3980 14679/1545/3979
f 14680/1557/3981 14681/1547/3982 14682/1546/3956
f 14683/1556/3980 14684/1557/3981 14685/1546/3956
f 14686/1558/3983 14687/1548/3984 14688/1547/3985
f 14689/1557/3986 14690/1558/3983 14691/1547/3987
f 14692/1550/3988 14693/1538/3963 14694/1548/3958
f 14695/1558/3983 14696/1550/3989 14697/1548/3958
f 14698/1559/3990 14699/1549/3962 14700/1550/3961
f 14701/1560/3991 14702/1559/3992 14703/1550/3988
f 14704/1561/3993 14705/1551/3969 14706/1549/3962
f 14707/1559/3990 14708/1561/3993 14709/1549/3960
f 14710/1562/3994 14711/1552/3995 14712/1551/3996
f 14713/1561/3993 14714/1562/3994 14715/1551/3996
f 14716/1563/3997 14717/1553/3972 14718/1552/3995
f 14719/1562/3998 14720/1563/3997 14721/1552/3995
f 14722/1564/3999 14723/1554/3973 14724/1553/3972
f 14725/1563/3997 14726/1564/3999 14727/1553/3972
f 14728/1565/4000 14729/1555/4001 14730/1554/4002
f 14731/1564/4003 14732/1565/4004 14733/1554/3973
f 14734/1566/4005 14735/1556/4006 14736/1555/4007
f 14737/1565/4004 14738/1566/4005 14739/1555/4007
f 14740/1567/4008 14741/1557/3981 14742/1556/4006
f 14743/1566/4005 14744/1567/4008 14745/1556/3980
f 14746/1568/4009 14747/1558/3983 14748/1557/3981
f 14749/1567/4008 14750/1568/4010 14751/1557/3981
f 14752/1560/4011 14753/1550/3988 14754/1558/3983
f 14755/1568/4012 14756/1560/4011 14757/1558/3983
f 14758/1569/4013 14759/1559/3992 14760/1560/4011
f 14761/1570/4014 14762/1569/4015 14763/1560/3991
f 14764/1571/4016 14765/1561/3993 14766/1559/3990
f 14767/1569/4015 14768/1571/4017 14769/1559/3990
f 14770/1572/4018 14771/1562/3994 14772/1561/3993
f 14773/1571/4019 14774/1572/4020 14775/1561/3993
f 14776/1573/4021 14777/1563/4022 14778/1562/3994
f 14779/1572/4023 14780/1573/4021 14781/1562/3998
f 14782/1574/4024 14783/1564/3999 14784/1563/4025
f 14785/1573/4026 14786/1574/4024 14787/1563/4027
f 14788/1575/4028 14789/1565/4004 14790/1564/4003
f 14791/1574/4024 14792/1575/4029 14793/1564/4003
f 14794/1576/4030 14795/1566/4005 14796/1565/4000
f 14797/1575/4029 14798/1576/4031 14799/1565/4000
f 14800/1577/4032 14801/1567/4008 14802/1566/4005
f 14803/1576/4030 14804/1577/4032 14805/1566/4005
f 14806/1578/4033 14807/1568/4012 14808/1567/4008
f 14809/1577/4034 14810/1578/4033 14811/1567/4008
f 14812/1570/4035 14813/1560/4011 14814/1568/4036
f 14815/1578/4033 14816/1570/4035 14817/1568/4009
f 14818/1579/4037 14819/1569/4015 14820/1570/4035
f 14821/1580/4038 14822/1579/4037 14823/1570/4039
f 14824/1581/4040 14825/1571/4016 14826/1569/4015
f 14827/1579/4041 14828/1581/4040 14829/1569/4015
f 14830/1582/4042 14831/1572/4043 14832/1571/4016
f 14833/1581/4040 14834/1582/4044 14835/1571/4016
f 14836/1583/4045 14837/1573/4021 14838/1572/4043
f 14839/1582/4046 14840/1583/4045 14841/1572/4023
f 14842/1584/4047 14843/1574/4048 14844/1573/4021
f 14845/1583/4045 14846/1584/4047 14847/1573/4049
f 14848/1585/4050 14849/1575/4051 14850/1574/4052
f 14851/1584/4053 14852/1585/4054 14853/1574/4055
f 14854/1586/4056 14855/1576/4030 14856/1575/4057
f 14857/1585/4050 14858/1586/4056 14859/1575/4057
f 14860/1587/4058 14861/1577/4032 14862/1576/4031
f 14863/1586/4056 14864/1587/4058 14865/1576/4030
f 14866/1588/4059 14867/1578/4060 14868/1577/4061
f 14869/1587/4062 14870/1588/4063 14871/1577/4032
f 14872/1580/4064 14873/1570/4039 14874/1578/4065
f 14875/1588/4066 14876/1580/4064 14877/1578/4065
f 14878/1589/4067 14879/1579/4037 14880/1580/4038
f 14881/1590/4068 14882/1589/4069 14883/1580/4038
f 14884/1591/4070 14885/1581/4040 14886/1579/4037
f 14887/1589/4067 14888/1591/4071 14889/1579/4037
f 14890/1592/4072 14891/1582/4044 14892/1581/4040
f 14893/1591/4070 14894/1592/4072 14895/1581/4040
f 14896/1593/4073 14897/1583/4074 14898/1582/4044
f 14899/1592/4072 14900/1593/4075 14901/1582/4046
f 14902/1594/4076 14903/1584/4053 14904/1583/4074
f 14905/1593/4073 14906/1594/4076 14907/1583/4074
f 14908/1595/4077 14909/1585/4054 14910/1584/4053
f 14911/1594/4078 14912/1595/4079 14913/1584/4053
f 14914/1596/4080 14915/1586/4056 14916/1585/4054
f 14917/1595/4081 14918/1596/4082 14919/1585/4054
f 14920/1597/4083 14921/1587/4084 14922/1586/4056
f 14923/1596/4080 14924/1597/4085 14925/1586/4056
f 14926/1598/4086 14927/1588/4063 14928/1587/4058
f 14929/1597/4085 14930/1598/4087 14931/1587/4058
f 14932/1590/4088 14933/1580/4089 14934/1588/4063
f 14935/1598/4086 14936/1590/4088 14937/1588/4063
f 14938/1599/4090 14939/1589/4067 14940/1590/4068
f 14941/1600/4091 14942/1599/4090 14943/1590/4068
f 14944/1601/4092 14945/1591/4093 14946/1589/4094
f 14947/1599/4095 14948/1601/4096 14949/1589/4097
f 14950/1602/4098 14951/1592/4072 14952/1591/4099
f 14953/1601/4092 14954/1602/4098 14955/1591/4099
f 14956/1603/4100 14957/1593/4075 14958/1592/4072
f 14959/1602/4101 14960/1603/4100 14961/1592/4102
f 14962/1604/4103 14963/1594/4076 14964/1593/4075
f 14965/1603/4100 14966/1604/4104 14967/1593/4073
f 14968/1605/4105 14969/1595/4079 14970/1594/4106
f 14971/1604/4103 14972/1605/4107 14973/1594/4106
f 14974/1606/4108 14975/1596/4080 14976/1595/4081
f 14977/1605/4107 14978/1606/4109 14979/1595/4081
f 14980/1607/4110 14981/1597/4083 14982/1596/4080
f 14983/1606/4109 14984/1607/4111 14985/1596/4080
f 14986/1608/4112 14987/1598/4113 14988/1597/4114
f 14989/1607/4111 14990/1608/4115 14991/1597/4116
f 14992/1600/4117 14993/1590/4068 14994/1598/4113
f 14995/1608/4118 14996/1600/4117 14997/1598/4086
f 14998/1609/4119 14999/1599/4095 15000/1600/4091
f 15001/1610/4120 15002/1609/4119 15003/1600/4091
f 15004/1611/4121 15005/1601/4092 15006/1599/4090
f 15007/1609/4122 15008/1611/4121 15009/1599/4090
f 15010/1612/4123 15011/1602/4101 15012/1601/4092
f 15013/1611/4124 15014/1612/4123 15015/1601/4092
f 15016/1613/4125 15017/1603/4100 15018/1602/4098
f 15019/1612/4123 15020/1613/4126 15021/1602/4101
f 15022/1614/4127 15023/1604/4103 15024/1603/4100
f 15025/1613/4126 15026/1614/4128 15027/1603/4129
f 15028/1615/4130 15029/1605/4107 15030/1604/4103
f 15031/1614/4128 15032/1615/4130 15033/1604/4103
f 15034/1616/4131 15035/1606/4109 15036/1605/4107
f 15037/1615/4130 15038/1616/4132 15039/1605/4105
f 15040/1617/4133 15041/1607/4111 15042/1606/4109
f 15043/1616/4134 15044/1617/4133 15045/1606/4109
f 15046/1618/4135 15047/1608/4136 15048/1607/4111
f 15049/1617/4137 15050/1618/4135 15051/1607/4110
f 15052/1610/4138 15053/1600/4117 15054/1608/4115
f 15055/1618/4135 15056/1610/4138 15057/1608/4115
f 15058/1619/4139 15059/1609/4119 15060/1610/4138
f 15061/1620/4140 15062/1619/4139 15063/1610/4138
f 15064/1621/4141 15065/1611/4142 15066/1609/4119
f 15067/1619/4143 15068/1621/4144 15069/1609/4119
f 15070/1622/4145 15071/1612/4123 15072/1611/4121
f 15073/1621/4141 15074/1622/4145 15075/1611/4121
f 15076/1623/4146 15077/1613/4126 15078/1612/4123
f 15079/1622/4147 15080/1623/4148 15081/1612/4149
f 15082/1624/4150 15083/1614/4128 15084/1613/4126
f 15085/1623/4151 15086/1624/4150 15087/1613/4126
f 15088/1625/4152 15089/1615/4153 15090/1614/4154
f 15091/1624/4150 15092/1625/4152 15093/1614/4128
f 15094/1626/4155 15095/1616/4131 15096/1615/4130
f 15097/1625/4156 15098/1626/4155 15099/1615/4130
f 15100/1627/4157 15101/1617/4137 15102/1616/4132
f 15103/1626/4155 15104/1627/4157 15105/1616/4158
f 15106/1628/4159 15107/1618/4160 15108/1617/4137
f 15109/1627/4157 15110/1628/4159 15111/1617/4137
f 15112/1620/4140 15113/1610/4138 15114/1618/4160
f 15115/1628/4159 15116/1620/4161 15117/1618/4160
f 15118/1629/4162 15119/1619/4139 15120/1620/4161
f 15121/1629/4162 15122/1621/4141 15123/1619/4139
f 15124/1629/4162 15125/1622/4147 15126/1621/4141
f 15127/1629/4162 15128/1623/4151 15129/1622/4163
f 15130/1629/4164 15131/1624/4150 15132/1623/4151
f 15133/1629/4162 15134/1625/4152 15135/1624/4150
f 15136/1629/4162 15137/1626/4155 15138/1625/4152
f 15139/1629/4162 15140/1627/4165 15141/1626/4155
f 15142/1629/4162 15143/1628/4166 15144/1627/4167
f 15145/1629/4162 15146/1620/4168 15147/1628/4166
f 15148/1539/4169 15149/1538/4170 15150/1540/4171
f 15151/1541/4172 15152/1539/4169 15153/1540/4171
f 15154/1542/4173 15155/1541/4172 15156/1540/4171
f 15157/1543/4174 15158/1542/4173 15159/1540/4171
f 15160/1544/4175 15161/1543/4174 15162/1540/4171
f 15163/1545/4176 15164/1544/4175 15165/1540/4171
f 15166/1546/4177 15167/1545/4176 15168/1540/4171
f 15169/1547/4178 15170/1546/4179 15171/1540/4171
f 15172/1548/4180 15173/1547/4181 15174/1540/4171
f 15175/1538/4170 15176/1548/4180 15177/1540/4182
f 15178/1539/4169 15179/1549/4183 15180/1538/4170
f 15181/1549/4184 15182/1550/4185 15183/1538/4186
f 15184/1541/4172 15185/1551/4187 15186/1539/4169
f 15187/1551/4187 15188/1549/4184 15189/1539/4169
f 15190/1542/4188 15191/1552/4189 15192/1541/4190
f 15193/1552/4189 15194/1551/4191 15195/1541/4190
f 15196/1543/4192 15197/1553/4193 15198/1542/4188
f 15199/1553/4194 15200/1552/4189 15201/1542/4188
f 15202/1544/4195 15203/1554/4196 15204/1543/4192
f 15205/1554/4196 15206/1553/4193 15207/1543/4174
f 15208/1545/4176 15209/1555/4197 15210/1544/4195
f 15211/1555/4197 15212/1554/4196 15213/1544/4195
f 15214/1546/4179 15215/1556/4198 15216/1545/4199
f 15217/1556/4200 15218/1555/4197 15219/1545/4199
f 15220/1547/4201 15221/1557/4202 15222/1546/4179
f 15223/1557/4202 15224/1556/4203 15225/1546/4179
f 15226/1548/4204 15227/1558/4205 15228/1547/4178
f 15229/1558/4205 15230/1557/4202 15231/1547/4206
f 15232/1538/4186 15233/1550/4207 15234/1548/4204
f 15235/1550/4208 15236/1558/4205 15237/1548/4180
f 15238/1549/4184 15239/1559/4209 15240/1550/4208
f 15241/1559/4210 15242/1560/4211 15243/1550/4208
f 15244/1551/4212 15245/1561/4213 15246/1549/4184
f 15247/1561/4213 15248/1559/4210 15249/1549/4184
f 15250/1552/4214 15251/1562/4215 15252/1551/4212
f 15253/1562/4215 15254/1561/4213 15255/1551/4216
f 15256/1553/4194 15257/1563/4217 15258/1552/4214
f 15259/1563/4217 15260/1562/4218 15261/1552/4214
f 15262/1554/4196 15263/1564/4219 15264/1553/4194
f 15265/1564/4219 15266/1563/4217 15267/1553/4194
f 15268/1555/4197 15269/1565/4220 15270/1554/4196
f 15271/1565/4221 15272/1564/4222 15273/1554/4196
f 15274/1556/4203 15275/1566/4223 15276/1555/4224
f 15277/1566/4223 15278/1565/4220 15279/1555/4224
f 15280/1557/4202 15281/1567/4225 15282/1556/4200
f 15283/1567/4226 15284/1566/4227 15285/1556/4200
f 15286/1558/4205 15287/1568/4228 15288/1557/4202
f 15289/1568/4229 15290/1567/4225 15291/1557/4202
f 15292/1550/4207 15293/1560/4211 15294/1558/4205
f 15295/1560/4211 15296/1568/4229 15297/1558/4205
f 15298/1559/4209 15299/1569/4230 15300/1560/4211
f 15301/1569/4231 15302/1570/4232 15303/1560/4211
f 15304/1561/4233 15305/1571/4234 15306/1559/4210
f 15307/1571/4235 15308/1569/4236 15309/1559/4210
f 15310/1562/4215 15311/1572/4237 15312/1561/4213
f 15313/1572/4237 15314/1571/4234 15315/1561/4213
f 15316/1563/4238 15317/1573/4239 15318/1562/4215
f 15319/1573/4239 15320/1572/4240 15321/1562/4218
f 15322/1564/4222 15323/1574/4241 15324/1563/4242
f 15325/1574/4241 15326/1573/4239 15327/1563/4242
f 15328/1565/4220 15329/1575/4243 15330/1564/4219
f 15331/1575/4244 15332/1574/4241 15333/1564/4219
f 15334/1566/4223 15335/1576/4245 15336/1565/4221
f 15337/1576/4245 15338/1575/4243 15339/1565/4246
f 15340/1567/4226 15341/1577/4247 15342/1566/4223
f 15343/1577/4247 15344/1576/4248 15345/1566/4223
f 15346/1568/4249 15347/1578/4250 15348/1567/4225
f 15349/1578/4250 15350/1577/4251 15351/1567/4225
f 15352/1560/4211 15353/1570/4252 15354/1568/4253
f 15355/1570/4252 15356/1578/4250 15357/1568/4254
f 15358/1569/4236 15359/1579/4255 15360/1570/4252
f 15361/1579/4256 15362/1580/4257 15363/1570/4258
f 15364/1571/4259 15365/1581/4260 15366/1569/4236
f 15367/1581/4260 15368/1579/4256 15369/1569/4236
f 15370/1572/4261 15371/1582/4262 15372/1571/4263
f 15373/1582/4264 15374/1581/4260 15375/1571/4259
f 15376/1573/4265 15377/1630/4266 15378/1572/4237
f 15379/1630/4266 15380/1582/4262 15381/1572/4261
f 15382/1574/4267 15383/1584/4268 15384/1573/4265
f 15385/1584/4268 15386/1630/4269 15387/1573/4265
f 15388/1575/4270 15389/1585/4271 15390/1574/4267
f 15391/1585/4271 15392/1584/4272 15393/1574/4273
f 15394/1576/4274 15395/1586/4275 15396/1575/4244
f 15397/1586/4276 15398/1585/4277 15399/1575/4244
f 15400/1577/4247 15401/1587/4278 15402/1576/4279
f 15403/1587/4278 15404/1586/4275 15405/1576/4279
f 15406/1578/4280 15407/1588/4281 15408/1577/4247
f 15409/1588/4281 15410/1587/4278 15411/1577/4282
f 15412/1570/4252 15413/1580/4283 15414/1578/4284
f 15415/1580/4283 15416/1588/4285 15417/1578/4284
f 15418/1579/4256 15419/1589/4286 15420/1580/4257
f 15421/1589/4287 15422/1590/4288 15423/1580/4257
f 15424/1581/4260 15425/1591/4289 15426/1579/4255
f 15427/1591/4290 15428/1589/4291 15429/1579/4255
f 15430/1582/4262 15431/1592/4292 15432/1581/4260
f 15433/1592/4292 15434/1591/4290 15435/1581/4260
f 15436/1630/4269 15437/1593/4293 15438/1582/4262
f 15439/1593/4294 15440/1592/4295 15441/1582/4296
f 15442/1584/4272 15443/1594/4297 15444/1630/4269
f 15445/1594/4298 15446/1593/4293 15447/1630/4266
f 15448/1585/4271 15449/1595/4299 15450/1584/4272
f 15451/1595/4300 15452/1594/4298 15453/1584/4272
f 15454/1586/4275 15455/1596/4301 15456/1585/4271
f 15457/1596/4302 15458/1595/4303 15459/1585/4271
f 15460/1587/4304 15461/1597/4305 15462/1586/4275
f 15463/1597/4305 15464/1596/4301 15465/1586/4275
f 15466/1588/4285 15467/1598/4306 15468/1587/4278
f 15469/1598/4307 15470/1597/4305 15471/1587/4308
f 15472/1580/4309 15473/1590/4310 15474/1588/4285
f 15475/1590/4310 15476/1598/4306 15477/1588/4285
f 15478/1589/4311 15479/1599/4312 15480/1590/4288
f 15481/1599/4313 15482/1631/4314 15483/1590/4288
f 15484/1591/4315 15485/1601/4316 15486/1589/4317
f 15487/1601/4318 15488/1599/4312 15489/1589/4287
f 15490/1592/4292 15491/1602/4319 15492/1591/4320
f 15493/1602/4321 15494/1601/4318 15495/1591/4290
f 15496/1593/4294 15497/1603/4322 15498/1592/4323
f 15499/1603/4324 15500/1602/4321 15501/1592/4323
f 15502/1594/4297 15503/1632/4325 15504/1593/4294
f 15505/1632/4325 15506/1603/4322 15507/1593/4293
f 15508/1595/4299 15509/1605/4326 15510/1594/4298
f 15511/1605/4326 15512/1632/4325 15513/1594/4327
f 15514/1596/4301 15515/1606/4328 15516/1595/4303
f 15517/1606/4328 15518/1605/4326 15519/1595/4303
f 15520/1597/4329 15521/1607/4330 15522/1596/4301
f 15523/1607/4330 15524/1606/4328 15525/1596/4301
f 15526/1598/4331 15527/1608/4332 15528/1597/4333
f 15529/1608/4332 15530/1607/4334 15531/1597/4335
f 15532/1590/4288 15533/1631/4336 15534/1598/4331
f 15535/1631/4314 15536/1608/4337 15537/1598/4331
f 15538/1599/4313 15539/1609/4338 15540/1631/4314
f 15541/1609/4338 15542/1610/4339 15543/1631/4314
f 15544/1601/4318 15545/1611/4340 15546/1599/4313
f 15547/1611/4340 15548/1609/4341 15549/1599/4313
f 15550/1602/4342 15551/1612/4343 15552/1601/4318
f 15553/1612/4343 15554/1611/4344 15555/1601/4318
f 15556/1603/4322 15557/1613/4345 15558/1602/4346
f 15559/1613/4347 15560/1612/4343 15561/1602/4321
f 15562/1632/4325 15563/1614/4348 15564/1603/4322
f 15565/1614/4349 15566/1613/4350 15567/1603/4351
f 15568/1605/4352 15569/1615/4353 15570/1632/4325
f 15571/1615/4353 15572/1614/4348 15573/1632/4354
f 15574/1606/4328 15575/1616/4355 15576/1605/4326
f 15577/1616/4356 15578/1615/4353 15579/1605/4352
f 15580/1607/4330 15581/1617/4357 15582/1606/4328
f 15583/1617/4357 15584/1616/4356 15585/1606/4328
f 15586/1608/4332 15587/1618/4358 15588/1607/4330
f 15589/1618/4358 15590/1617/4357 15591/1607/4330
f 15592/1631/4336 15593/1610/4339 15594/1608/4332
f 15595/1610/4339 15596/1618/4359 15597/1608/4360
f 15598/1609/4338 15599/1619/4361 15600/1610/4339
f 15601/1619/4362 15602/1620/4363 15603/1610/4339
f 15604/1611/4344 15605/1621/4364 15606/1609/4338
f 15607/1621/4365 15608/1619/4366 15609/1609/4338
f 15610/1612/4343 15611/1622/4367 15612/1611/4340
f 15613/1622/4367 15614/1621/4364 15615/1611/4340
f 15616/1613/4347 15617/1623/4368 15618/1612/4369
f 15619/1623/4370 15620/1622/4371 15621/1612/4343
f 15622/1614/4348 15623/1624/4372 15624/1613/4347
f 15625/1624/4373 15626/1623/4374 15627/1613/4347
f 15628/1615/4375 15629/1625/4376 15630/1614/4377
f 15631/1625/4376 15632/1624/4372 15633/1614/4348
f 15634/1616/4355 15635/1626/4378 15636/1615/4353
f 15637/1626/4379 15638/1625/4380 15639/1615/4353
f 15640/1617/4381 15641/1627/4382 15642/1616/4356
f 15643/1627/4382 15644/1626/4383 15645/1616/4356
f 15646/1618/4384 15647/1628/4385 15648/1617/4386
f 15649/1628/4385 15650/1627/4382 15651/1617/4381
f 15652/1610/4339 15653/1620/4363 15654/1618/4384
f 15655/1620/4387 15656/1628/4385 15657/1618/4358
f 15658/1619/4361 15659/1629/4388 15660/1620/4389
f 15661/1621/4365 15662/1629/4388 15663/1619/4361
f 15664/1622/4390 15665/1629/4388 15666/1621/4364
f 15667/1623/4374 15668/1629/4388 15669/1622/4390
f 15670/1624/4373 15671/1629/4391 15672/1623/4374
f 15673/1625/4376 15674/1629/4388 15675/1624/4372
f 15676/1626/4378 15677/1629/4388 15678/1625/4376
f 15679/1627/4392 15680/1629/4388 15681/1626/4378
f 15682/1628/4393 15683/1629/4388 15684/1627/4394
f 15685/1620/4395 15686/1629/4388 15687/1628/4385
